id,dur,proto,service,state,spkts,dpkts,sbytes,dbytes,rate,sttl,dttl,sload,dload,sloss,dloss,sinpkt,dinpkt,sjit,djit,swin,stcpb,dtcpb,dwin,tcprtt,synack,ackdat,smean,dmean,trans_depth,response_body_len,ct_srv_src,ct_state_ttl,ct_dst_ltm,ct_src_dport_ltm,ct_dst_sport_ltm,ct_dst_src_ltm,is_ftp_login,ct_ftp_cmd,ct_flw_http_mthd,ct_src_ltm,ct_srv_dst,is_sm_ips_ports,attack_cat,label
1,0.520612,tcp,dns,INT,32,2,1459.0,58.0,131.395,62,62,1591.322,322.928,2,0,13.864,20.502,1.207,0.251,0,930130371,455078298,255,0.091926,0.005763,0.023887,210.0,8.8,0,123.0,2,3,1,4,1,2,0,1,1,3,3,0,Exploits,1
2,0.845515,tcp,dns,REQ,12,8,208.0,35.0,14.124,128,31,140.015,966.877,3,2,2.252,4.739,7.43,4.406,0,1562295938,2070151621,255,0.080612,0.008264,0.01164,19.3,147.5,0,37.0,2,1,1,3,3,1,1,0,0,5,1,1,Normal,0
3,0.812385,tcp,smtp,FIN,28,11,1256.0,349.0,2.358,254,254,1228.123,978.045,0,0,17.363,17.964,3.844,0.04,255,4054220893,1491655999,255,0.189522,0.041355,0.005983,364.2,301.2,0,531.0,5,1,1,1,2,1,1,0,0,0,2,1,DoS,1
4,0.067365,tcp,ssh,CON,26,5,1785.0,132.0,2.977,31,254,204.305,646.18,1,1,0.966,1.695,2.894,4.8,0,2045245174,700752560,255,0.170108,0.010086,0.033312,330.0,180.7,0,19.0,1,3,3,2,1,3,0,0,0,6,5,0,Exploits,1
5,1.206058,udp,dhcp,ECO,7,10,1638.0,21.0,12.221,128,254,349.922,41.368,2,3,0.18,10.06,6.958,2.643,255,2111756940,1580395718,0,0.09088,0.077038,0.003723,80.8,108.7,0,312.0,4,3,1,2,4,1,0,0,0,3,3,0,Normal,0
6,0.085489,tcp,pop3,REQ,29,15,5736.0,711.0,28.585,254,254,736.088,283.781,1,0,22.667,12.565,5.474,7.1,255,2504878584,43841479,0,0.143011,0.008766,0.022376,17.0,204.0,0,411.0,5,2,1,4,3,2,0,0,0,3,2,0,Backdoor,1
7,0.640118,tcp,-,FIN,29,7,398.0,282.0,72.585,254,62,519.737,880.835,0,3,0.232,11.407,2.076,0.908,255,2255744997,2541261732,255,0.034748,0.022756,0.017332,3.3,11.1,1,116.0,4,1,0,3,0,3,0,1,0,3,1,0,Exploits,1
8,0.052453,tcp,http,RST,31,3,2417.0,546.0,106.17,62,254,594.695,2126.901,1,0,1.331,32.605,3.149,4.066,255,3919016998,1299760746,255,0.010159,0.001986,0.010755,210.6,22.9,0,371.0,4,2,3,0,7,4,0,0,0,2,1,0,Exploits,1
9,0.110999,udp,dhcp,INT,11,8,514.0,286.0,8.623,31,31,1650.262,51.925,0,0,13.784,4.311,4.696,8.418,255,881748103,16063792,255,0.256141,0.111371,0.000358,10.2,189.7,1,149.0,5,1,3,2,1,2,0,0,0,5,4,1,Normal,0
10,0.65596,tcp,dns,REQ,5,9,261.0,652.0,2.976,128,254,3916.661,30.955,1,2,5.593,19.116,1.433,1.379,0,3196393888,339987082,255,0.007105,0.013274,0.007367,21.9,9.8,0,2.0,4,2,4,1,2,2,0,0,1,2,5,1,Normal,0
11,0.157848,tcp,smtp,ECO,11,9,1074.0,250.0,41.447,62,254,1462.599,1170.639,1,0,3.339,2.853,0.133,12.158,0,3434994518,3082870730,255,0.153852,0.038097,0.014447,126.5,1.2,0,20.0,1,5,2,2,2,0,0,0,0,3,2,0,Normal,0
12,0.151649,tcp,-,ECO,32,5,2176.0,479.0,26.227,128,62,324.983,2310.552,1,2,4.445,6.557,3.704,0.018,0,2501839386,1885938212,0,0.084105,0.009702,0.005144,61.6,317.2,0,136.0,4,2,2,2,2,1,0,0,0,3,2,0,Reconnaissance,1
13,1.280709,tcp,-,FIN,27,13,2869.0,69.0,12.004,62,254,519.305,433.032,2,2,9.453,11.32,2.714,7.83,255,1933220170,2268822717,0,0.038905,0.021629,0.031786,117.6,71.4,0,197.0,6,4,4,3,3,2,0,0,0,2,1,0,Generic,1
14,0.082255,icmp,dns,INT,31,6,514.0,56.0,9.515,31,254,1389.969,3079.489,4,3,2.783,4.515,7.927,0.093,255,3958195062,2375712429,0,0.072015,0.03032,0.005997,48.2,15.7,0,100.0,3,1,6,1,2,1,0,0,0,2,3,0,Fuzzers,1
15,0.447651,udp,ssh,CON,12,7,462.0,53.0,3.095,254,31,1444.07,1303.525,1,1,2.061,26.757,6.008,0.034,255,473830192,2663023654,255,0.031416,4.7e-05,0.074206,8.0,82.7,0,397.0,4,0,1,2,5,2,0,0,1,6,6,0,Normal,0
16,0.867368,arp,pop3,ECO,15,7,2781.0,634.0,45.339,31,62,1475.297,389.157,1,1,3.982,13.531,5.13,9.702,0,2708899856,3889008499,0,0.008272,0.016057,0.007282,63.2,10.7,1,177.0,4,1,3,3,4,0,0,0,0,4,2,0,Normal,0
17,0.437668,icmp,dhcp,RST,29,9,767.0,668.0,18.498,128,254,2293.193,2632.157,3,1,6.159,7.09,10.141,0.616,255,317974475,267146766,255,0.002864,0.001846,0.033123,149.8,7.3,2,24.0,2,1,3,3,3,4,0,0,1,1,1,0,Generic,1
18,0.248938,tcp,http,REQ,11,5,354.0,181.0,1.742,62,254,1850.951,101.749,2,0,1.717,3.908,5.067,7.459,255,2429586704,4189921537,0,0.012232,0.081984,0.013881,67.7,73.3,1,212.0,2,2,3,2,2,5,0,0,0,2,1,0,Normal,0
19,0.011128,tcp,http,FIN,28,8,1012.0,12.0,55.351,128,128,73.938,136.638,0,1,14.486,2.657,4.791,2.731,255,955469803,2418232750,255,0.06306,0.013695,0.005335,424.1,90.0,0,108.0,6,2,2,3,3,3,0,0,0,2,1,0,Fuzzers,1
20,0.553999,tcp,smtp,RST,32,3,880.0,546.0,2.125,128,31,2245.571,295.507,1,0,3.506,26.857,5.318,9.267,0,622062094,636574937,255,0.038732,0.002296,0.001613,28.6,17.6,0,1094.0,5,2,3,1,2,3,0,0,0,1,7,0,Generic,1
21,0.547456,tcp,smtp,REQ,36,6,660.0,316.0,76.942,31,62,915.262,288.213,2,1,2.188,15.218,0.812,1.039,0,53989457,3507912597,255,0.124114,0.007493,0.016972,38.8,4.6,0,53.0,2,0,1,2,0,1,0,0,0,2,3,0,Exploits,1
22,0.412611,tcp,-,CON,11,17,63.0,452.0,28.392,128,128,2694.555,1846.279,0,1,13.809,23.33,2.008,3.342,0,3957277209,105237306,255,0.007742,0.005644,0.066198,18.7,199.2,0,157.0,4,1,0,4,2,2,0,1,0,5,3,0,Normal,0
23,0.397582,tcp,dns,INT,22,10,2768.0,908.0,67.008,128,31,972.806,1178.679,0,1,3.268,2.729,2.541,1.388,0,1299605073,3850750993,0,0.034336,0.003542,0.005431,211.0,20.7,0,119.0,4,1,3,2,1,4,0,0,0,3,3,0,Backdoor,1
24,0.579539,tcp,dhcp,INT,26,4,2595.0,362.0,58.793,31,62,1820.254,1703.646,0,1,8.306,4.464,9.65,6.058,255,3203073673,547632152,0,1.5e-05,0.005066,0.001203,12.5,11.5,0,116.0,2,1,2,2,1,3,0,0,1,0,3,0,DoS,1
25,0.075648,tcp,http,CON,25,4,1997.0,90.0,0.804,128,254,80.87,215.407,2,1,9.744,7.973,2.886,1.206,0,3526307508,2017141680,255,0.122423,0.009633,0.000762,36.3,129.6,2,776.0,4,1,2,0,1,0,1,0,0,0,2,0,Exploits,1
26,0.222633,udp,pop3,ECO,11,11,72.0,319.0,47.542,128,254,316.369,104.8,1,1,7.227,2.983,1.293,5.616,0,50686354,4149355889,255,0.096903,0.008999,0.020543,54.1,67.6,1,41.0,8,1,1,1,1,4,0,0,1,2,2,1,Normal,0
27,1.050989,udp,dns,ECO,17,7,657.0,527.0,11.585,62,128,122.25,958.069,0,0,7.914,16.409,6.093,2.848,255,1850170632,4055613165,0,0.020301,0.006893,0.004796,7.4,43.0,0,87.0,1,2,2,3,0,3,0,0,1,1,4,1,Normal,0
28,0.03475,arp,smtp,FIN,11,10,379.0,457.0,46.934,128,254,889.287,146.007,0,1,2.302,11.32,3.909,0.002,0,2963053318,1075271321,255,0.066231,0.010895,0.070432,4.7,53.6,0,190.0,0,1,0,4,1,2,0,0,0,4,6,0,Normal,0
29,1.473212,tcp,ssh,ECO,12,8,44.0,1013.0,11.086,62,31,523.629,155.827,1,0,27.024,6.639,5.687,7.38,255,2394174779,3227341287,255,0.025898,0.021194,0.030476,174.2,143.8,0,474.0,4,2,1,1,1,3,0,0,0,1,3,0,Normal,0
30,0.703708,tcp,ssh,INT,28,4,293.0,133.0,30.066,128,128,172.642,111.687,0,0,13.737,7.922,9.887,2.398,0,1045751267,1673366683,0,0.033209,0.007966,0.000418,36.8,112.6,0,8.0,1,1,1,1,1,1,0,1,0,3,4,0,Generic,1
31,0.20669,arp,ssh,RST,33,4,1047.0,85.0,116.685,254,31,4004.373,758.703,0,2,2.62,1.588,0.589,2.145,0,3785301316,1912743881,0,0.001373,0.000317,0.018338,151.1,162.3,0,496.0,1,1,0,2,2,2,0,1,0,4,6,0,Exploits,1
32,0.321252,udp,-,RST,27,14,145.0,206.0,75.669,31,128,1013.286,965.425,4,2,4.363,16.415,1.442,1.052,0,561157020,886310496,0,0.031812,0.013475,0.049788,44.7,110.0,0,17.0,5,2,6,4,2,4,0,0,0,1,2,0,Analysis,1
33,0.593776,tcp,ftp,REQ,11,7,128.0,62.0,3.387,31,62,2407.179,594.662,1,2,0.986,20.289,0.992,3.646,0,4264970065,3015755209,255,0.047905,0.02499,0.001569,36.4,6.4,1,58.0,1,4,0,2,1,1,0,0,0,3,3,0,Normal,0
34,0.039826,tcp,pop3,RST,7,9,212.0,157.0,111.301,62,62,1342.099,27.548,1,2,41.985,4.336,24.833,0.486,0,898908349,2282595697,255,0.023492,0.014615,0.024904,170.3,157.5,0,49.0,3,2,2,1,1,1,1,0,0,1,1,0,Normal,0
35,0.361098,tcp,-,RST,10,7,58.0,345.0,23.813,128,254,1609.975,507.52,0,0,10.804,55.913,15.02,6.624,0,2644503400,653101480,0,0.002933,0.02928,0.004342,170.3,52.5,1,252.0,2,1,2,1,2,2,0,1,0,0,3,0,Normal,0
36,0.469578,icmp,ssh,ECO,9,13,1086.0,62.0,127.381,62,254,201.13,510.745,0,0,2.773,7.25,1.394,4.846,255,893946772,1199767648,0,0.036911,0.009839,0.02003,37.3,75.2,1,383.0,1,0,2,4,0,4,0,0,1,1,6,0,Normal,0
37,0.80172,udp,smtp,INT,7,8,19.0,310.0,38.101,31,31,259.705,529.885,0,0,20.911,9.51,18.769,2.203,255,2626986417,489675618,0,0.046166,0.064285,0.011341,14.6,134.2,1,276.0,3,3,4,2,2,4,0,0,0,1,3,0,Normal,0
38,0.879766,tcp,-,RST,14,10,137.0,713.0,32.024,62,31,2679.672,36.806,0,3,12.44,23.215,4.643,4.718,0,3459958964,3535912388,255,0.009909,0.012808,0.004436,34.2,279.8,0,261.0,1,2,4,2,3,3,0,0,0,2,5,0,Normal,0
39,1.405167,tcp,-,ECO,10,12,347.0,308.0,30.314,31,128,443.661,406.545,2,0,5.177,37.115,3.279,0.502,255,3525040665,2830557322,0,0.033665,0.009114,0.030135,45.1,0.8,0,10.0,3,1,0,0,1,1,0,0,0,0,3,0,Normal,0
40,0.366711,tcp,dhcp,ECO,36,6,3320.0,110.0,131.489,31,254,849.869,770.302,0,0,2.32,5.698,17.023,4.065,0,3972355124,2061513796,255,0.012395,0.013311,0.027979,88.6,17.9,1,133.0,6,5,2,3,1,1,0,1,0,3,3,0,Generic,1
41,0.944118,tcp,-,FIN,8,6,586.0,307.0,43.459,31,62,603.906,202.549,2,0,8.996,1.599,1.932,2.976,255,2648670224,970538110,0,0.016957,0.037053,0.014083,39.6,105.1,0,117.0,4,5,5,2,1,6,0,0,0,6,6,0,Normal,0
42,0.143892,udp,-,INT,32,4,2649.0,83.0,17.536,31,254,1259.761,2523.91,1,1,2.954,16.788,2.489,2.632,255,1967158772,1979062561,0,0.01846,0.04559,0.001998,37.2,28.2,0,4.0,0,3,1,1,2,2,0,0,0,1,5,0,Fuzzers,1
43,0.384508,tcp,-,REQ,28,8,4510.0,484.0,24.342,128,62,927.664,1114.543,2,3,0.431,2.248,7.329,3.132,0,3705806612,122016220,255,0.037343,0.010152,0.018882,146.9,83.7,0,295.0,6,2,2,1,2,1,0,0,0,0,1,0,Exploits,1
44,0.500089,tcp,ssh,REQ,10,5,818.0,758.0,3.974,254,62,2241.642,1504.294,0,2,5.193,3.059,2.654,2.887,255,653472528,583712783,255,0.018128,0.00112,0.009679,59.1,59.1,1,277.0,3,0,1,3,1,3,0,0,0,0,4,0,Normal,0
45,0.282459,tcp,dhcp,REQ,31,6,362.0,300.0,59.313,254,254,762.185,2200.041,1,0,15.859,6.122,3.563,1.608,0,2093587103,1535540972,0,0.018684,0.014203,0.016206,198.7,120.4,0,261.0,2,4,5,0,6,2,0,0,0,4,4,0,Fuzzers,1
46,0.435699,icmp,http,ECO,31,13,1150.0,37.0,53.375,62,31,2517.499,197.832,0,1,42.966,6.737,15.336,2.275,0,4114767838,3294975961,255,0.137118,0.060334,0.011769,170.4,34.2,0,146.0,1,0,3,2,1,5,0,0,0,2,6,0,Fuzzers,1
47,1.152704,tcp,pop3,REQ,18,11,255.0,530.0,40.228,128,254,955.554,319.211,0,0,18.198,7.833,3.296,1.398,0,790979689,3826608571,255,0.027567,0.025223,0.024057,136.3,173.8,1,12.0,4,2,4,1,1,4,0,0,1,1,4,0,Normal,0
48,0.522098,tcp,ssh,RST,17,10,932.0,775.0,17.077,62,128,80.468,19.616,0,1,2.778,10.6,3.552,1.173,255,3618932292,3845777634,255,0.003413,0.002497,0.020636,52.5,13.1,0,520.0,5,3,7,4,1,4,0,0,0,0,3,0,Normal,0
49,0.333117,udp,http,ECO,24,9,673.0,412.0,171.792,62,31,80.709,1117.781,0,1,5.657,16.493,4.663,3.232,255,2139853743,4213365528,255,0.072372,0.010537,0.00241,24.4,205.4,0,495.0,4,1,1,0,2,2,0,2,0,2,5,0,Generic,1
50,1.08703,udp,-,FIN,8,9,41.0,107.0,118.262,31,62,270.305,1727.1,2,1,3.424,30.754,2.547,1.471,0,3464301138,578308879,255,0.077874,0.027148,0.017164,141.7,149.2,1,471.0,4,1,2,0,1,0,0,0,0,1,5,1,Normal,0
51,1.180957,udp,dns,REQ,12,3,61.0,1884.0,87.419,128,254,1259.61,348.645,1,1,5.197,1.094,0.3,11.955,255,2334063833,913914015,255,0.08673,0.011244,0.047009,172.8,267.5,0,13.0,2,2,2,1,2,2,0,0,0,1,3,0,Normal,0
52,0.410564,icmp,-,INT,8,10,124.0,14.0,11.38,254,62,230.149,527.244,1,2,1.552,9.967,10.295,3.932,255,1436699488,3443738504,255,0.012962,0.059054,0.003309,37.9,71.9,0,575.0,3,2,5,5,3,3,1,0,1,1,1,0,Normal,0
53,0.323543,tcp,-,ECO,34,11,2197.0,344.0,146.859,31,128,1853.022,156.657,0,0,44.781,5.324,5.637,1.819,255,3239243230,3823981545,255,0.019699,0.043388,0.021383,83.8,24.7,0,254.0,2,2,3,1,0,3,0,0,0,0,2,0,Exploits,1
54,0.825049,icmp,dns,REQ,23,10,1954.0,1119.0,12.596,31,31,599.15,266.612,3,1,21.51,0.335,0.344,0.016,255,2098777937,747828712,255,0.00166,0.046278,0.002717,24.4,4.6,1,114.0,2,1,2,0,1,0,0,0,1,4,3,0,Generic,1
55,1.331812,icmp,pop3,REQ,28,9,9680.0,241.0,48.726,62,62,161.986,84.688,1,1,1.119,0.962,0.537,9.857,255,2393152557,4074132426,0,0.021666,0.061669,0.038803,32.5,216.6,1,193.0,2,1,2,2,0,2,0,0,0,3,3,0,Exploits,1
56,0.273407,tcp,dhcp,RST,27,10,847.0,73.0,49.926,128,128,2886.443,357.298,2,0,16.473,9.869,4.476,2.179,0,4284655692,2264618639,255,0.03139,0.004448,0.022193,158.5,275.1,0,710.0,2,4,4,3,2,0,0,0,0,1,2,1,Exploits,1
57,0.295053,udp,ssh,CON,9,8,628.0,195.0,12.439,31,254,185.178,66.971,0,0,31.613,14.07,0.685,15.837,0,3572483769,1811224171,0,0.094699,0.013001,0.015065,179.7,111.4,0,36.0,2,0,3,3,1,3,0,0,0,0,2,0,Normal,0
58,0.870298,tcp,ftp,REQ,24,6,1188.0,38.0,116.864,254,128,274.029,849.28,1,2,11.03,1.394,1.74,2.475,255,1141464733,2708659373,0,0.004919,0.017634,0.009479,3.5,31.0,1,16.0,2,2,1,2,2,2,0,0,0,1,2,0,Generic,1
59,0.34136,tcp,ftp,RST,7,13,762.0,365.0,8.077,62,254,1451.745,633.961,2,1,3.91,5.256,0.615,4.466,0,1616113008,1954947389,255,0.021693,0.037199,0.022792,190.2,191.9,1,48.0,4,2,2,1,2,3,0,0,1,4,5,0,Normal,0
60,0.354321,tcp,smtp,RST,9,8,534.0,274.0,6.852,128,62,38.404,130.684,1,1,5.922,3.387,9.664,0.558,0,3893744643,2665696610,0,0.242569,0.006604,0.076157,3.9,24.2,0,22.0,3,1,2,2,1,1,0,0,0,2,5,0,Normal,0
61,0.527987,tcp,http,CON,29,6,788.0,252.0,28.014,128,31,580.545,297.289,1,0,0.507,13.73,27.103,12.694,0,3387922299,2180853354,0,0.200059,0.047887,0.00324,8.1,29.7,0,286.0,3,2,1,2,2,3,0,1,1,2,5,1,Generic,1
62,0.070668,ospf,smtp,ECO,12,6,1045.0,50.0,74.48,254,62,273.623,272.232,1,0,2.444,18.951,2.211,5.554,0,1731269501,661577414,255,0.067046,0.00317,0.003109,4.8,105.5,1,290.0,4,1,4,2,0,1,0,0,0,3,3,0,Normal,0
63,0.429528,tcp,pop3,FIN,40,14,1388.0,185.0,89.0,62,254,1165.337,519.871,1,2,5.954,20.685,1.164,3.22,0,1061749894,2785732682,0,0.041157,0.028679,0.039974,32.1,33.3,2,110.0,1,2,2,1,3,3,0,0,0,2,1,0,Generic,1
64,0.047455,tcp,pop3,CON,34,6,739.0,2.0,127.245,254,128,79.525,49.703,1,1,1.168,7.164,11.222,0.623,255,2265077599,2673596664,255,0.05298,0.026974,0.07147,28.5,2.5,0,135.0,2,3,1,1,1,2,0,0,1,4,5,0,Exploits,1
65,0.041366,tcp,-,ECO,32,5,1537.0,231.0,21.092,254,62,615.468,150.656,0,3,1.729,13.805,2.591,19.451,0,2676860816,1892275239,255,0.000875,0.045926,0.020793,22.8,11.7,0,199.0,0,1,4,2,3,0,0,0,2,3,1,0,Generic,1
66,0.728756,tcp,ftp,REQ,30,9,374.0,645.0,47.09,31,31,55.513,62.954,2,0,4.341,0.425,3.101,0.187,0,1210742588,3117939016,0,0.018776,0.036323,0.001529,17.9,0.8,2,7.0,4,4,1,1,2,4,0,0,1,2,1,0,Generic,1
67,0.407889,tcp,ftp,REQ,26,12,3049.0,120.0,11.494,31,128,84.178,73.54,1,2,7.459,6.951,1.236,3.182,255,201299994,615629453,0,0.217738,0.000161,0.038741,472.6,33.9,2,334.0,2,1,5,3,1,6,0,0,0,0,4,0,Generic,1
68,0.009488,tcp,smtp,REQ,11,9,859.0,140.0,11.309,128,254,203.072,1645.677,0,0,20.753,1.526,0.651,0.982,0,1555565800,3470937345,255,0.018678,0.00761,0.014848,296.9,90.9,0,229.0,1,2,2,5,2,4,0,1,0,1,5,0,Normal,0
69,0.397098,udp,http,ECO,6,8,320.0,337.0,98.541,254,62,642.051,791.782,2,1,11.899,5.18,3.029,3.898,0,2362196478,4042370478,0,0.094573,0.01537,0.004839,81.3,104.0,1,282.0,6,1,0,2,1,3,0,0,2,1,2,0,Normal,0
70,0.470462,arp,dhcp,CON,7,8,263.0,583.0,16.053,128,31,2130.847,520.58,1,0,0.271,16.113,18.726,3.437,255,4070230125,2908347019,255,0.017137,0.031254,0.034138,52.7,18.8,0,4.0,5,2,1,3,4,7,0,1,0,1,2,0,Normal,0
71,0.104157,tcp,dhcp,CON,12,7,483.0,808.0,49.676,31,128,2007.084,635.859,2,0,9.642,4.29,3.018,8.785,0,356919081,985201020,0,0.054619,0.017942,0.046395,30.4,74.2,0,17.0,4,3,1,5,2,1,0,0,0,4,1,0,Normal,0
72,0.103661,arp,ftp,INT,10,6,100.0,27.0,3.46,254,62,68.996,1260.722,1,0,6.043,4.549,0.031,1.434,255,2915127223,547946753,0,0.00628,0.010819,0.002914,229.4,15.1,0,236.0,5,0,3,1,3,5,0,0,0,1,3,0,Normal,0
73,0.043569,udp,dns,ECO,28,7,2773.0,12.0,60.146,31,31,1355.055,499.337,0,0,5.297,13.406,12.775,5.259,0,2867573261,3682226400,255,0.015263,0.042229,0.009713,1.6,115.1,1,291.0,3,3,1,3,1,4,0,0,1,3,2,0,DoS,1
74,0.277023,udp,dns,REQ,8,10,415.0,31.0,6.957,254,128,2344.942,1434.325,0,0,1.989,2.672,2.824,2.823,255,364973990,766406080,0,0.001192,0.001621,0.075366,117.2,107.9,0,116.0,2,2,1,2,0,4,0,0,0,2,4,0,Normal,0
75,0.49865,tcp,-,RST,11,7,2038.0,34.0,5.276,128,254,1191.214,2082.459,1,0,24.256,4.633,6.558,2.235,0,435427737,650399226,255,0.023057,0.000973,0.035957,91.7,285.0,0,389.0,4,0,2,4,1,1,0,1,0,5,1,0,Normal,0
76,1.688129,tcp,dhcp,RST,9,7,146.0,343.0,14.632,128,128,27.413,115.801,0,0,19.806,9.11,0.864,10.636,0,547105781,718829306,255,0.132146,0.046318,0.018326,56.1,9.9,1,55.0,3,2,3,1,3,2,0,0,0,2,3,0,Normal,0
77,0.129513,icmp,pop3,ECO,8,7,48.0,151.0,1.021,62,31,469.122,1732.469,2,0,8.76,6.656,7.691,9.352,0,3498757572,607273841,255,0.016043,0.100269,0.038309,74.2,110.5,0,98.0,3,4,3,1,1,2,0,0,0,2,4,0,Normal,0
78,0.497243,tcp,ftp,INT,30,8,954.0,1390.0,129.697,62,62,101.033,1164.572,2,0,6.694,6.078,0.991,8.96,0,3496117302,4235488993,255,0.015595,0.037675,0.081073,112.1,59.6,0,702.0,1,3,0,1,0,0,0,0,0,1,4,0,Generic,1
79,0.258006,tcp,smtp,INT,37,9,1612.0,48.0,31.245,254,254,73.932,1023.448,4,0,10.345,8.174,13.54,5.713,0,1697532183,3984382030,255,0.049242,0.024672,0.002221,58.1,50.2,0,27.0,2,3,4,3,4,4,0,0,1,1,3,0,Generic,1
80,0.46423,udp,dns,FIN,31,3,708.0,58.0,127.605,254,62,457.944,685.981,2,0,4.353,12.015,6.335,1.49,255,3779330082,1618157955,255,0.03168,0.002409,0.033746,33.4,58.6,1,5.0,5,5,2,1,0,0,0,0,0,3,6,0,Exploits,1
81,0.675463,tcp,http,FIN,32,5,2448.0,217.0,16.762,31,62,203.123,637.097,0,1,3.356,10.051,3.844,0.868,0,3884891769,3833840457,255,0.028904,0.01225,0.023461,278.3,21.3,1,181.0,2,3,4,1,3,4,0,0,1,3,5,0,Generic,1
82,0.239687,udp,ftp,INT,8,3,1214.0,257.0,20.759,128,62,1040.392,3030.067,0,1,2.816,3.69,0.008,2.337,255,3934760667,3301959150,255,0.042794,0.031522,0.012091,48.2,21.2,0,270.0,2,1,3,1,1,2,0,0,0,1,2,0,Normal,0
83,0.044596,tcp,-,RST,29,10,2198.0,384.0,4.95,254,31,428.116,80.502,2,1,9.586,27.287,0.265,5.489,0,4001870344,3328667368,0,0.009725,0.000309,0.037617,81.7,36.9,2,787.0,3,5,2,0,4,4,0,0,0,3,2,1,Fuzzers,1
84,0.753845,icmp,pop3,ECO,9,12,268.0,161.0,8.48,62,62,958.858,446.507,1,3,13.96,0.861,23.199,0.889,255,1493355615,2401653044,255,0.323862,0.017813,0.009972,51.0,5.8,1,137.0,4,0,1,0,1,2,0,0,1,3,0,0,Normal,0
85,0.367419,tcp,ssh,INT,9,12,1568.0,1505.0,89.031,62,31,1011.521,586.283,1,1,18.3,1.035,3.249,4.073,0,3534804449,3558640847,255,0.162449,0.008907,0.007085,40.5,9.9,1,162.0,4,3,2,2,0,2,0,0,0,5,4,1,Normal,0
86,1.152145,tcp,dhcp,REQ,11,6,15.0,511.0,25.988,62,62,2677.061,2578.616,0,1,12.664,1.302,2.899,6.988,0,3282604455,1339028468,0,0.054968,0.009456,0.01978,150.0,8.3,0,7.0,0,2,1,4,5,3,0,0,0,0,2,0,Normal,0
87,0.103413,udp,-,RST,24,4,2375.0,50.0,96.307,254,128,227.319,533.027,1,1,11.738,4.72,5.396,3.32,0,1144138301,1321587738,0,0.027095,0.008003,0.020813,213.6,68.0,0,81.0,5,2,2,1,2,2,0,1,0,3,1,0,Exploits,1
88,0.070196,tcp,ssh,CON,3,2,166.0,432.0,67.416,128,31,1760.834,1017.413,0,0,12.734,5.181,1.455,4.048,0,309571944,32527900,255,0.012624,0.004927,0.019113,13.7,28.7,1,386.0,3,2,3,3,3,2,0,0,0,2,1,0,Normal,0
89,0.090801,icmp,smtp,FIN,14,4,686.0,158.0,2.726,254,31,176.453,210.203,1,3,12.27,0.614,0.814,0.968,0,2390031172,2920105251,0,0.034877,0.003261,0.006922,15.4,109.7,0,290.0,1,2,3,2,0,2,0,0,0,2,4,0,Normal,0
90,2.035584,udp,smtp,ECO,10,8,781.0,143.0,160.163,31,254,643.619,399.926,1,0,13.572,4.85,4.538,1.785,255,729922790,3898685185,255,0.006357,0.014957,0.023004,95.8,273.1,1,256.0,2,3,3,1,2,2,0,0,1,2,2,0,Normal,0
91,0.915517,tcp,dhcp,REQ,7,8,163.0,42.0,27.587,31,62,816.808,1772.66,0,1,0.435,14.771,2.406,2.229,255,2836961150,3164010807,0,0.01572,0.02375,0.00088,323.1,193.9,0,63.0,0,2,2,3,2,0,1,0,0,3,2,0,Normal,0
92,0.152247,tcp,dns,FIN,45,10,1785.0,49.0,163.781,62,128,290.378,735.622,2,2,17.176,7.376,5.149,3.226,0,116710700,3379923851,255,0.111649,0.001699,0.026801,1.2,37.5,1,138.0,1,0,1,2,3,2,0,0,0,0,6,0,Exploits,1
93,0.18313,icmp,http,CON,4,9,82.0,618.0,88.563,254,62,509.653,1190.916,5,0,0.746,0.546,2.837,5.356,255,79482410,806506966,255,0.107247,0.0145,0.019525,35.3,12.5,0,332.0,2,8,1,0,1,1,0,0,0,5,3,0,Normal,0
94,0.493035,udp,-,CON,9,4,23.0,481.0,153.097,31,128,427.083,1931.738,0,1,37.05,13.257,1.978,0.875,255,2125666721,4003172084,255,0.01035,0.011945,0.044097,118.6,28.6,0,80.0,1,2,1,0,3,2,0,0,0,2,1,0,Normal,0
95,0.280737,icmp,dns,CON,10,7,1225.0,100.0,164.859,31,254,1330.299,870.468,1,3,15.58,14.075,0.911,4.904,255,2653430071,419426079,255,0.089953,0.025404,0.014278,137.3,10.0,0,140.0,1,2,2,0,3,3,0,0,1,6,4,0,Normal,0
96,0.16615,tcp,http,INT,30,11,756.0,100.0,270.131,62,254,338.156,354.401,0,1,0.175,2.342,2.974,3.422,255,517464345,1987766020,255,0.003092,0.072363,0.0148,95.9,77.2,0,69.0,1,1,3,3,0,2,0,0,0,3,6,0,Generic,1
97,0.19616,icmp,http,RST,13,19,155.0,360.0,30.305,62,254,592.84,296.623,1,1,2.604,1.331,18.463,1.351,0,3734654036,1184180584,0,0.090438,0.013381,0.006741,214.4,106.3,1,13.0,4,1,1,2,3,2,0,0,0,2,1,0,Normal,0
98,1.036193,tcp,http,RST,10,6,281.0,509.0,175.226,128,254,1679.819,159.639,1,2,24.015,3.147,0.036,1.903,255,2192861841,2640736391,255,0.013464,0.034291,0.030935,54.2,293.6,0,60.0,1,3,1,3,2,2,0,0,1,1,4,0,Normal,0
99,0.557518,udp,ftp,ECO,8,7,53.0,125.0,8.56,31,254,546.819,153.417,3,1,9.877,2.115,1.178,0.709,255,1867408768,2701697318,0,0.011436,0.121951,0.007765,59.5,63.8,0,120.0,6,2,4,4,3,1,0,0,0,3,3,0,Normal,0
100,1.042174,tcp,-,ECO,30,10,1815.0,803.0,19.173,31,31,338.039,1085.805,1,1,4.825,3.214,9.705,4.7,0,432510337,3350619641,0,0.046951,0.00923,0.008399,67.6,15.3,0,241.0,2,4,5,3,1,1,0,0,0,1,3,1,Analysis,1
101,1.325212,tcp,dns,CON,33,8,81.0,440.0,23.658,62,31,645.118,719.208,1,1,3.734,0.49,4.271,0.15,0,4054076054,3764234095,255,0.034778,0.002574,0.007645,39.4,192.3,0,28.0,2,0,1,1,2,0,0,0,0,0,0,0,Reconnaissance,1
102,0.53412,arp,ssh,FIN,26,11,794.0,253.0,8.621,128,128,4275.247,233.894,0,1,7.163,15.233,0.356,6.219,0,831267036,3429267251,0,0.022932,0.009237,0.014968,211.6,113.5,1,59.0,2,2,3,1,4,3,0,0,0,2,5,0,Exploits,1
103,0.494038,ospf,ftp,FIN,9,7,107.0,81.0,58.275,31,254,100.868,2.787,3,0,0.046,1.056,2.183,0.049,0,2963478547,995188470,255,0.018063,0.003748,0.009299,175.2,54.6,0,114.0,3,3,3,3,0,0,1,0,1,2,3,0,Normal,0
104,0.079745,tcp,http,RST,28,8,2497.0,72.0,0.397,128,254,386.33,896.788,1,2,13.296,4.523,2.008,3.599,0,235344351,2237037736,0,0.003726,0.031798,0.007524,15.5,101.1,0,560.0,5,4,0,2,4,4,0,1,0,0,3,0,Analysis,1
105,0.360987,icmp,smtp,INT,35,10,2292.0,366.0,16.412,254,31,1072.57,75.782,2,0,2.399,0.31,1.275,0.62,255,2636941544,2305492631,0,0.04968,0.006221,0.037587,106.1,97.9,2,334.0,8,5,2,3,3,1,0,0,0,0,6,0,Exploits,1
106,0.180654,tcp,-,RST,25,6,576.0,164.0,67.393,62,128,1978.795,341.541,1,1,12.851,5.337,2.227,7.269,255,278734278,307484477,0,0.089114,0.004042,0.01423,87.1,128.0,1,177.0,2,3,3,0,1,2,0,0,0,4,3,0,Exploits,1
107,1.240559,tcp,ssh,INT,6,6,7.0,74.0,96.625,128,31,129.238,421.991,1,4,44.434,1.006,16.374,2.582,0,4106153591,2647825530,255,0.011439,0.003273,0.009684,186.6,50.7,1,176.0,3,3,3,3,4,4,0,0,0,1,1,0,Normal,0
108,0.163517,tcp,dns,ECO,13,13,513.0,422.0,8.615,254,128,34.745,1376.208,1,0,8.482,52.802,8.179,2.914,0,3742533151,701357292,255,0.060201,0.003972,0.018227,5.6,35.8,2,371.0,2,1,2,0,1,3,0,0,1,2,2,0,Normal,0
109,0.20301,tcp,dns,REQ,10,9,44.0,3001.0,69.386,128,31,865.891,71.497,1,0,0.99,1.01,1.313,1.463,255,3266063035,695088235,0,0.038922,0.010673,0.030238,11.4,81.7,0,194.0,1,2,1,1,1,0,1,0,0,3,0,0,Normal,0
110,1.27405,tcp,http,ECO,31,8,1626.0,162.0,43.22,128,128,156.087,29.989,0,1,17.036,16.867,10.817,4.693,0,2710994350,3924693399,0,0.000523,0.008159,0.000516,315.4,144.7,0,156.0,2,2,0,4,4,1,0,0,0,1,5,0,Reconnaissance,1
111,1.947949,tcp,ftp,CON,7,8,458.0,63.0,6.322,62,254,410.978,2542.157,1,1,0.78,1.979,14.051,1.1,0,2355818487,1217687651,0,0.024371,0.032829,0.007226,98.2,91.3,0,195.0,2,2,0,1,3,2,0,0,0,1,3,0,Normal,0
112,0.498416,tcp,http,RST,9,6,269.0,65.0,96.954,254,31,273.393,847.742,1,4,0.759,0.774,0.589,2.752,0,768487567,336841179,0,0.133676,0.012751,0.002951,121.0,46.5,0,80.0,6,3,1,3,0,0,1,1,0,3,1,0,Normal,0
113,0.413941,udp,smtp,REQ,6,6,135.0,99.0,24.409,128,62,1979.28,171.708,2,1,21.779,10.122,1.218,13.62,0,420161341,4199023111,255,0.01804,0.000166,0.026073,72.7,26.2,3,58.0,2,3,2,2,5,2,0,0,2,0,0,0,Normal,0
114,0.169085,udp,http,CON,31,8,808.0,88.0,64.366,62,128,1178.603,1367.488,1,2,9.764,0.45,10.674,8.061,0,2373237057,42135453,0,0.067528,0.006609,0.011235,21.5,23.7,0,10.0,3,2,0,2,2,3,0,1,1,1,10,0,Generic,1
115,0.732998,udp,ssh,CON,5,8,1800.0,607.0,12.608,31,128,1510.838,1606.067,0,2,7.192,5.901,2.672,5.509,255,4149181726,3766095057,0,0.005573,0.009989,0.04313,134.0,16.1,0,120.0,1,4,3,2,1,1,0,0,0,2,3,0,Normal,0
116,0.345665,tcp,ftp,CON,32,7,7593.0,203.0,24.874,62,254,1017.851,1603.313,1,2,20.011,3.226,11.659,1.949,255,3060021872,3218651270,255,0.003862,0.015657,0.013598,24.5,159.6,1,49.0,4,2,0,2,2,2,0,0,0,3,1,0,DoS,1
117,0.380673,udp,smtp,FIN,26,7,546.0,224.0,55.423,254,254,1489.418,916.34,1,0,44.216,15.2,7.482,11.968,255,1844673787,1370328913,255,0.14753,0.006644,0.028409,23.2,320.3,2,80.0,0,2,1,2,2,5,0,2,0,4,4,0,Exploits,1
118,0.334921,tcp,smtp,ECO,28,8,2479.0,260.0,225.092,128,128,496.641,334.949,0,0,3.103,2.282,0.523,5.336,255,863628768,6551289,255,0.059689,0.035403,0.005437,67.0,35.2,1,35.0,6,0,5,2,4,3,0,0,1,1,3,0,Exploits,1
119,0.321788,udp,ssh,CON,9,8,5.0,197.0,98.775,62,128,208.415,519.425,1,0,11.357,33.872,4.242,10.56,255,3431462963,3115279969,255,0.000604,0.03741,0.019867,27.7,8.7,0,126.0,4,3,2,1,5,0,0,1,0,1,4,0,Normal,0
120,0.165834,tcp,pop3,REQ,34,10,2062.0,248.0,59.565,31,31,1760.325,1446.3,3,0,0.212,2.077,10.026,3.306,0,1848416186,806714959,255,0.143269,0.011219,0.077801,31.8,123.7,0,107.0,1,2,1,5,0,2,0,1,0,1,3,0,Generic,1
121,2.100173,tcp,smtp,REQ,22,4,1729.0,404.0,43.259,62,31,464.681,1426.92,2,1,14.303,6.363,7.77,8.852,0,544554176,4187289877,255,0.035408,0.008006,0.006686,17.4,80.5,0,337.0,2,3,2,0,3,2,0,0,0,3,5,0,Generic,1
122,0.665771,tcp,pop3,REQ,29,4,1196.0,199.0,38.21,31,62,17.933,67.023,3,2,0.969,1.829,0.72,5.751,255,2882640409,912150948,255,0.061485,0.000114,0.020293,43.2,10.9,1,203.0,2,2,4,3,2,0,0,0,0,2,1,0,Generic,1
123,2.034889,udp,ftp,REQ,12,7,1153.0,40.0,12.407,254,128,3512.732,655.575,0,1,4.23,1.55,2.71,1.26,255,1411295951,336933667,0,0.082698,0.017012,0.003752,82.2,168.2,1,72.0,2,1,1,3,2,2,0,0,1,2,2,0,Normal,0
124,2.255904,icmp,pop3,ECO,11,12,273.0,366.0,0.616,254,128,325.789,2517.944,3,0,1.034,4.125,6.715,13.369,255,2537707698,3002185990,255,0.00591,0.035422,0.007796,30.3,50.9,0,16.0,6,2,2,0,2,5,0,0,1,0,3,0,Normal,0
125,0.232756,udp,ftp,ECO,10,8,2412.0,425.0,21.541,128,31,1525.34,68.708,1,1,15.115,8.931,10.297,0.459,0,2221048394,2742735289,255,0.011881,0.001784,0.037328,117.9,132.4,1,79.0,4,3,1,0,4,5,0,0,1,1,1,0,Normal,0
126,0.332021,arp,ssh,ECO,10,9,38.0,1006.0,9.997,62,31,1956.592,207.975,1,0,69.111,10.536,1.893,7.108,255,2442780680,218286934,0,0.034966,0.004611,0.012743,130.8,36.5,0,242.0,3,1,2,1,1,2,0,0,0,2,2,0,Normal,0
127,0.764556,icmp,dns,INT,10,10,71.0,260.0,0.577,62,254,1986.57,32.825,0,3,5.54,23.524,6.838,1.906,0,2953534464,2486995025,0,0.1976,0.005991,0.005285,164.0,93.5,0,123.0,4,2,2,1,1,4,0,0,0,0,2,1,Normal,0
128,0.20439,tcp,dhcp,RST,5,15,280.0,102.0,6.638,254,128,722.64,293.253,1,2,19.942,1.025,4.102,2.124,255,4062681241,547020479,255,0.052796,0.021886,0.027322,92.5,109.8,0,139.0,5,4,1,0,3,2,0,0,0,3,2,1,Normal,0
129,1.279975,udp,ftp,CON,14,4,93.0,807.0,13.652,31,128,242.855,446.744,0,1,2.312,26.447,4.355,1.558,255,2019048725,2570624498,255,0.006966,0.068468,0.010973,70.8,21.6,1,40.0,5,3,5,1,2,5,0,0,0,1,2,0,Normal,0
130,0.32072,tcp,smtp,ECO,29,10,1198.0,716.0,77.516,254,62,632.573,573.156,0,1,1.982,2.348,7.908,1.985,255,3732411304,799933582,255,0.051625,0.015759,0.010432,256.2,7.4,1,76.0,0,2,0,2,4,0,0,0,1,1,5,0,Generic,1
131,0.223236,tcp,http,CON,9,10,79.0,301.0,105.574,128,128,214.667,57.735,0,0,18.962,28.426,2.55,2.429,0,2109359646,4270986706,255,0.007228,0.071998,0.042629,253.5,51.5,1,99.0,3,2,1,2,2,1,0,0,1,2,2,0,Normal,0
132,0.269104,tcp,ssh,FIN,23,10,4589.0,223.0,171.551,31,31,41.424,1817.757,0,2,8.231,35.819,8.337,1.192,0,3970790269,2736062955,255,0.035728,0.002696,0.023299,12.6,91.0,0,278.0,2,2,3,3,2,1,0,0,1,0,1,0,Reconnaissance,1
133,0.03896,arp,-,RST,33,12,885.0,593.0,33.447,31,128,940.298,1115.187,0,1,1.689,24.356,0.296,1.782,0,3432157819,1393117180,0,0.011664,0.016429,0.058505,155.1,120.5,0,302.0,4,2,5,3,1,1,0,0,0,0,2,0,Generic,1
134,0.181552,udp,dns,RST,8,7,1723.0,28.0,165.026,254,62,70.03,190.975,3,1,9.098,16.18,0.359,8.95,0,3049251532,960909228,0,0.044794,0.018832,0.001084,16.0,98.3,0,334.0,3,3,0,1,3,2,0,0,0,3,1,0,Normal,0
135,2.026615,tcp,-,FIN,39,10,2270.0,84.0,17.683,254,128,264.839,673.509,1,1,7.962,9.71,1.646,5.859,0,2382780355,1898732679,255,0.018011,0.016028,0.02846,161.4,112.3,0,154.0,10,4,3,0,2,0,1,0,0,2,7,0,Generic,1
136,0.267801,tcp,ftp,ECO,6,7,161.0,634.0,57.014,128,31,372.529,527.124,1,1,4.221,6.423,3.452,5.466,255,2635147739,3647858971,0,0.022071,0.081362,0.013138,58.5,443.3,1,177.0,2,2,1,5,2,3,0,0,0,3,2,0,Normal,0
137,0.236838,tcp,dns,FIN,28,12,559.0,67.0,33.8,128,62,1635.558,461.521,1,2,24.328,3.622,1.492,4.198,0,3736562024,1030464309,255,0.023931,0.000597,0.011346,33.9,181.9,0,90.0,4,2,2,3,1,2,0,0,0,3,2,1,Analysis,1
138,0.450324,udp,ftp,FIN,10,8,641.0,485.0,89.899,31,31,2383.685,517.792,3,0,0.442,0.939,4.575,6.065,255,982885162,1661495835,255,0.011317,0.001123,0.04822,198.1,46.9,1,255.0,2,2,1,0,1,1,0,1,0,3,3,0,Normal,0
139,0.428671,icmp,dns,ECO,29,4,3097.0,280.0,28.603,254,62,815.694,201.204,0,0,0.168,7.816,5.879,3.785,0,360228918,2661198070,0,0.001834,0.005837,0.013851,16.5,205.6,2,162.0,1,3,2,3,3,1,0,1,1,3,2,0,Exploits,1
140,0.061797,tcp,http,CON,13,12,580.0,2159.0,61.997,31,31,1536.717,301.057,0,0,20.339,4.867,6.259,0.308,0,3870659716,2065916165,255,0.035291,0.015683,0.038164,294.2,3.2,0,277.0,4,1,1,1,2,2,0,0,2,2,2,0,Normal,0
141,0.536282,tcp,ssh,CON,10,11,492.0,740.0,57.066,31,62,1270.683,251.032,1,0,23.4,1.922,2.253,0.185,255,2547969740,1389627314,0,0.078133,0.009487,0.015729,90.5,10.1,0,201.0,2,3,3,3,4,1,0,1,0,2,3,1,Normal,0
142,0.06017,tcp,pop3,RST,7,9,134.0,205.0,27.911,62,128,632.489,1647.459,4,2,4.944,2.251,5.482,1.62,0,1865760498,1615185608,255,0.065968,0.0368,0.000879,121.8,21.0,1,13.0,4,1,2,3,3,2,0,1,0,1,4,0,Normal,0
143,0.114381,tcp,dns,REQ,30,7,854.0,10.0,224.193,128,31,618.502,690.491,2,2,1.588,1.509,5.513,13.331,255,4098620526,2973913361,0,0.004848,0.00323,0.038246,243.8,43.5,1,97.0,1,2,2,2,1,6,0,0,1,0,3,0,Reconnaissance,1
144,0.029577,tcp,-,REQ,34,3,1122.0,20.0,44.345,62,254,472.473,174.156,1,2,4.352,2.863,1.141,0.676,255,1105189972,1725001625,0,0.102073,0.009465,0.008996,21.4,396.4,0,52.0,6,2,2,2,2,0,0,0,0,4,2,0,Generic,1
145,0.767334,tcp,-,ECO,8,10,65.0,81.0,47.915,31,31,111.229,1063.832,1,0,13.182,14.62,4.224,1.677,255,1324460276,1204633496,255,0.035233,0.00437,0.005549,93.8,38.4,0,83.0,2,4,4,1,2,1,0,0,0,1,4,0,Normal,0
146,0.629952,tcp,ssh,FIN,9,6,476.0,395.0,27.654,62,31,419.135,1116.346,0,0,0.009,5.419,6.581,9.418,255,2178204922,1948273665,255,0.022753,0.010077,0.019378,9.4,15.1,0,309.0,2,1,1,3,4,0,0,1,0,2,2,0,Normal,0
147,0.217413,tcp,dhcp,ECO,9,4,335.0,12.0,16.032,31,31,111.738,497.832,1,0,18.464,0.182,1.719,11.021,255,1888441326,1018809625,0,0.090798,0.044616,0.02691,293.7,32.9,0,57.0,5,4,7,0,3,4,0,0,0,1,5,0,Normal,0
148,0.541777,icmp,pop3,CON,16,9,96.0,282.0,22.483,31,31,343.404,334.196,0,0,0.497,7.916,18.108,13.569,0,2508310129,1209422807,0,0.007314,0.049598,0.007267,83.7,79.4,0,65.0,5,1,0,3,3,2,0,0,1,2,1,0,Normal,0
149,1.113938,tcp,dns,REQ,8,12,365.0,1511.0,139.228,128,128,1053.178,1059.691,1,1,70.781,1.015,16.134,9.099,0,669292720,3955140279,255,0.003746,0.001698,0.091292,64.9,189.7,0,881.0,3,2,2,1,2,2,0,0,0,1,0,0,Normal,0
150,0.094076,tcp,dns,CON,7,6,250.0,318.0,66.716,31,31,330.591,1395.844,0,2,8.016,4.107,4.062,2.956,0,1950081680,2135859173,255,0.009066,0.014701,5.4e-05,57.1,74.3,1,11.0,1,0,1,0,3,0,0,0,0,0,0,0,Normal,0
151,0.23778,udp,http,CON,25,4,12047.0,935.0,270.233,128,31,189.892,702.513,0,0,1.632,0.36,2.421,1.71,255,3225656503,3493827231,0,0.138037,0.007228,0.026161,132.7,99.8,0,47.0,1,4,3,1,3,1,0,0,0,2,5,0,Fuzzers,1
152,0.055171,icmp,-,CON,34,8,1610.0,29.0,43.195,62,62,2590.524,2974.563,1,1,8.441,0.311,5.854,0.271,255,1014237978,1682425623,0,0.088539,0.040746,0.003475,161.6,103.9,1,558.0,1,1,4,1,4,0,0,0,1,2,3,0,DoS,1
153,0.007864,tcp,pop3,REQ,7,6,115.0,819.0,46.878,254,62,3278.071,248.871,0,0,2.363,7.744,0.529,4.066,0,3391014273,3998337147,255,0.125662,0.014955,0.028802,19.8,90.9,2,12.0,1,3,2,2,0,2,0,0,0,1,0,1,Normal,0
154,0.086212,tcp,dns,ECO,28,11,1437.0,249.0,50.975,128,62,575.168,153.656,3,1,4.964,6.254,2.862,8.776,255,462140590,930475854,0,0.058582,0.00161,0.044855,144.8,129.3,0,156.0,3,0,1,2,3,4,0,0,1,1,3,0,Generic,1
155,0.501167,udp,dns,FIN,13,5,181.0,551.0,91.847,128,62,2514.904,12.12,0,0,5.774,0.222,0.109,3.451,255,1037240759,4274815004,255,0.010487,0.008516,0.019907,123.2,14.3,1,297.0,3,1,0,4,2,4,0,0,0,1,2,0,Normal,0
156,0.396656,tcp,ftp,REQ,21,10,298.0,69.0,63.085,62,62,1058.992,856.612,0,0,9.545,29.749,4.922,1.242,0,4271366120,3783861872,255,0.032873,0.001342,0.027609,46.4,10.2,0,10.0,4,3,0,3,2,1,0,0,0,4,2,0,Generic,1
157,0.262762,udp,ftp,ECO,6,8,225.0,301.0,138.361,31,31,36.743,303.862,1,2,1.527,16.644,4.368,1.159,255,906610264,2075559565,255,0.114231,0.035091,0.013086,13.5,93.6,0,364.0,2,2,0,3,0,0,0,0,0,5,2,0,Normal,0
158,0.443332,tcp,dhcp,RST,27,9,3386.0,276.0,2.017,31,62,2379.911,143.403,1,2,0.59,4.682,4.682,3.701,255,348100125,500043366,255,0.024988,0.006428,0.00478,254.0,61.3,1,210.0,4,5,3,0,4,2,0,0,0,2,0,0,Generic,1
159,0.941896,tcp,pop3,ECO,31,4,3402.0,153.0,57.428,254,128,1048.91,757.516,2,0,0.324,3.73,1.866,4.813,255,1630490680,512091789,255,0.070506,0.010642,0.010666,48.7,265.4,0,20.0,1,1,6,2,0,1,0,0,1,3,1,0,Exploits,1
160,0.418522,tcp,ssh,FIN,28,6,1830.0,512.0,118.576,62,62,659.381,853.503,2,3,13.09,4.744,0.751,3.257,255,2118581199,270658904,255,0.041214,0.032877,0.002119,200.9,248.0,2,83.0,2,2,2,0,4,4,0,0,1,1,4,0,Exploits,1
161,0.694471,udp,dns,INT,15,4,203.0,173.0,15.668,254,128,636.882,171.23,2,1,1.901,4.654,1.369,14.601,255,1875834877,968061350,0,0.018605,0.037619,0.005181,296.2,277.9,1,127.0,3,1,2,2,2,5,0,1,1,4,2,0,Normal,0
162,0.319151,tcp,ssh,INT,27,15,659.0,114.0,84.727,254,31,1121.19,280.4,0,1,2.872,8.954,1.949,0.268,255,1060312396,758425056,255,0.034543,7.1e-05,0.000151,172.6,94.3,0,215.0,2,1,2,1,3,1,0,0,0,1,1,0,Reconnaissance,1
163,0.022547,tcp,ftp,REQ,10,7,255.0,910.0,41.447,128,128,1936.319,564.857,3,3,0.424,8.632,10.801,0.251,255,1367842592,560700434,255,0.247482,0.027821,0.027736,22.9,62.7,0,47.0,2,0,4,1,3,4,0,0,1,0,2,0,Normal,0
164,0.266296,tcp,smtp,CON,23,4,367.0,118.0,1.956,128,62,1122.816,720.753,2,1,0.181,35.271,6.064,2.112,255,1398803416,2081919852,0,0.083417,0.002908,0.023876,143.2,66.5,1,45.0,5,1,2,2,1,0,0,0,0,1,4,0,Normal,0
165,0.978872,udp,http,CON,29,6,3039.0,542.0,167.059,62,254,321.192,581.564,0,4,2.83,2.327,1.52,7.735,0,1546862698,2249528571,255,0.032234,0.031211,0.006909,2.8,99.4,1,744.0,3,3,3,2,3,2,0,0,0,0,2,0,Generic,1
166,0.457802,tcp,ssh,ECO,14,8,1271.0,881.0,19.443,128,254,552.564,1671.575,1,1,1.159,6.976,0.31,2.155,0,201440215,1257316961,0,0.025285,0.026889,0.002777,77.9,45.8,0,515.0,3,2,2,0,2,1,0,0,0,1,0,0,Normal,0
167,2.277686,udp,-,CON,26,9,3897.0,931.0,62.033,31,254,754.573,517.907,0,0,4.39,3.854,0.154,0.978,255,2520815485,2850771943,255,0.039158,0.025785,0.034882,277.5,49.2,3,11.0,4,2,0,4,1,2,0,0,0,1,3,1,Fuzzers,1
168,0.497624,udp,ssh,ECO,30,7,1692.0,326.0,26.055,254,254,335.665,195.852,0,1,8.959,3.331,0.967,6.072,255,2243279762,4200612569,255,0.019577,0.028012,0.003753,24.9,88.6,0,506.0,0,3,1,2,1,1,0,0,1,2,2,0,Fuzzers,1
169,0.819156,tcp,smtp,FIN,8,8,1835.0,230.0,15.376,62,128,3236.786,947.802,0,0,12.489,60.581,0.671,0.829,255,3400485139,2083651422,255,0.12841,0.004599,0.04623,14.3,72.3,1,62.0,6,3,2,1,3,3,0,0,0,2,2,0,Normal,0
170,0.903246,arp,-,INT,23,11,974.0,29.0,29.883,62,31,634.866,683.59,1,1,11.625,1.235,2.417,3.291,255,3136126744,4293776919,0,0.020218,0.001504,0.016246,204.7,16.3,0,117.0,2,1,3,4,2,1,0,0,0,1,6,1,Analysis,1
171,0.384796,icmp,smtp,REQ,6,5,1423.0,63.0,2.664,128,62,949.271,318.003,2,1,2.276,1.41,2.21,4.577,0,2138954213,2401685128,0,0.046757,0.012332,0.00655,19.4,9.5,1,157.0,1,1,2,1,1,1,0,0,0,4,3,0,Normal,0
172,0.323242,tcp,http,ECO,11,8,584.0,291.0,2.054,128,254,2775.362,829.194,1,0,6.96,24.338,1.181,0.857,0,858010451,2857530893,255,0.076438,0.06256,0.00207,129.5,44.7,0,118.0,1,2,3,2,2,1,0,0,1,1,2,1,Normal,0
173,0.49983,tcp,dns,RST,18,6,451.0,864.0,44.841,31,128,1571.256,1378.285,1,0,4.689,4.861,8.011,3.852,0,930137092,1414928817,255,0.081837,0.081739,0.007949,29.7,189.0,0,293.0,1,1,1,1,0,3,0,0,1,1,0,0,Normal,0
174,0.879273,tcp,-,FIN,25,6,4963.0,403.0,5.96,31,62,418.819,758.659,1,1,2.161,21.276,10.136,1.679,0,2525206667,2873936473,0,0.033566,0.054425,0.013606,229.7,63.9,0,82.0,1,0,1,1,2,1,0,1,0,2,3,0,Reconnaissance,1
175,0.695731,tcp,ssh,RST,9,8,275.0,138.0,35.873,31,31,1926.071,1222.512,0,1,14.282,11.34,4.504,2.512,255,1586283326,1890203567,0,0.063501,0.006541,0.027986,20.1,56.8,0,295.0,5,2,1,1,2,2,0,0,0,3,2,0,Normal,0
176,0.657593,tcp,smtp,CON,11,6,471.0,6.0,21.075,31,254,1387.924,1120.405,0,2,4.783,4.915,2.841,1.141,0,2454184462,3692429295,0,0.079985,0.003281,0.029485,142.2,62.0,1,21.0,5,1,3,3,1,3,0,0,0,4,4,0,Normal,0
177,0.08751,icmp,ftp,ECO,12,10,129.0,407.0,3.674,128,31,1027.792,89.953,0,1,5.538,2.468,0.07,4.308,255,2878251291,1355970117,255,0.031982,0.001267,0.08255,274.2,120.8,0,215.0,1,4,4,0,5,4,0,0,0,5,5,0,Normal,0
178,0.260211,icmp,dhcp,RST,28,6,280.0,1156.0,103.048,128,254,871.509,177.078,1,0,1.319,4.479,2.094,12.383,0,1812854657,432458213,0,0.015033,0.003548,0.013055,41.1,5.4,0,524.0,3,5,2,1,6,0,0,0,0,1,2,0,Shellcode,1
179,0.606836,tcp,ssh,CON,29,7,1134.0,117.0,106.56,254,62,942.296,706.583,1,2,10.262,10.323,3.86,8.064,0,1367497419,3161020952,0,0.173379,0.002716,0.015404,15.6,270.9,0,11.0,4,1,1,4,3,0,0,0,0,1,2,0,DoS,1
180,0.326454,tcp,smtp,INT,27,8,2814.0,5.0,33.62,62,128,1431.377,1830.064,1,1,1.539,0.659,2.578,2.643,255,3734298767,4211426442,255,0.080516,0.019408,0.024274,79.4,9.8,0,108.0,2,1,2,3,0,2,0,1,0,3,4,0,Exploits,1
181,1.264688,tcp,http,RST,30,9,2445.0,381.0,8.925,254,254,334.473,1060.732,1,3,3.171,0.711,2.125,8.759,255,3620755640,2334787846,255,0.037292,0.000299,0.041561,77.6,87.6,0,99.0,1,1,5,3,3,3,1,0,0,1,6,0,DoS,1
182,0.029744,tcp,smtp,ECO,25,9,3905.0,489.0,58.977,128,254,277.911,360.004,3,2,9.876,9.753,12.698,7.026,255,3186066714,2854580475,0,0.0244,0.006758,0.032481,9.9,52.1,0,91.0,4,4,0,2,1,5,1,1,0,1,5,0,DoS,1
183,0.185976,tcp,ssh,REQ,9,8,160.0,138.0,10.058,254,31,1064.642,2443.248,0,0,2.195,0.4,6.404,1.475,255,161427556,94160888,255,0.005061,0.002014,0.049337,21.9,86.3,1,108.0,2,0,2,1,4,3,0,1,0,5,0,0,Normal,0
184,0.025898,icmp,dhcp,CON,10,5,1890.0,244.0,39.693,128,254,124.701,1299.743,0,0,3.068,0.951,25.971,1.604,0,4183973919,2701085952,255,0.048661,0.013227,0.008465,239.0,57.9,0,83.0,4,2,3,4,3,0,0,0,2,3,2,1,Normal,0
185,0.175253,icmp,smtp,INT,31,5,670.0,224.0,7.794,254,62,3018.491,579.61,4,3,23.612,6.411,0.248,0.807,0,3570186137,3927813832,0,0.082156,0.001806,0.009185,17.8,26.4,1,935.0,5,2,1,3,3,2,0,0,1,1,2,0,Exploits,1
186,0.006669,tcp,http,RST,28,15,2515.0,103.0,24.316,254,254,95.705,810.161,2,1,4.554,12.756,2.012,15.958,0,791524274,3282795717,255,0.009022,0.002426,0.015047,2.5,78.3,0,18.0,2,2,1,3,5,1,0,1,1,0,3,0,Generic,1
187,2.050329,udp,ssh,REQ,8,10,943.0,668.0,5.168,62,254,336.373,78.9,0,0,3.095,15.412,4.127,1.961,255,3006451586,3126483635,0,0.015909,0.051148,0.001534,129.4,101.8,1,362.0,1,3,2,4,4,2,0,0,0,2,5,0,Normal,0
188,0.500485,tcp,-,CON,13,7,243.0,151.0,21.062,128,128,3387.182,83.319,5,1,0.781,20.662,5.494,0.767,255,2344289343,627651211,255,0.020049,0.047777,0.016191,40.2,85.2,2,197.0,2,1,2,6,5,1,0,0,0,2,0,0,Normal,0
189,0.437194,udp,ftp,CON,25,10,1992.0,328.0,15.396,62,31,1011.331,1420.795,3,3,0.326,1.233,2.793,9.979,0,2356305666,3285030122,255,0.086979,0.019102,0.014084,360.9,269.6,1,49.0,1,0,1,3,8,2,0,0,0,1,7,0,Exploits,1
190,0.451042,tcp,dhcp,CON,9,12,339.0,83.0,351.367,128,128,2966.788,512.3,1,1,19.211,13.6,0.298,9.497,0,710284485,498213256,0,0.018081,0.022449,0.035663,171.6,109.4,2,158.0,2,2,4,1,1,4,0,0,0,3,5,0,Normal,0
191,0.196012,tcp,pop3,INT,36,5,275.0,67.0,74.616,128,128,1777.502,711.838,1,0,5.77,9.762,0.612,0.883,0,3052068052,2008374656,255,0.032536,0.007797,0.045501,33.1,83.9,0,213.0,2,1,3,2,0,1,0,0,0,1,3,0,Reconnaissance,1
192,0.098853,udp,dhcp,INT,7,7,68.0,891.0,7.729,62,31,191.376,339.17,0,0,2.991,3.727,2.401,3.987,255,3484154512,3298810638,0,0.138878,0.014214,0.001052,47.8,183.6,0,161.0,4,2,3,1,1,3,0,0,1,1,7,1,Normal,0
193,0.543813,tcp,ftp,REQ,12,9,170.0,609.0,57.186,62,254,2764.455,2587.041,0,1,2.462,19.66,9.998,0.469,0,4283657569,2177489144,255,0.058172,0.024609,0.017028,84.1,119.2,0,66.0,5,1,3,4,4,3,0,0,0,3,4,0,Normal,0
194,0.073722,tcp,ssh,ECO,31,7,373.0,482.0,26.341,128,31,464.452,718.674,2,1,19.614,2.398,2.437,1.255,255,1583203763,559278612,255,0.003833,0.032869,0.020113,133.3,31.5,0,53.0,1,2,1,0,1,1,0,0,0,3,1,0,Fuzzers,1
195,0.026711,tcp,ssh,REQ,10,4,359.0,192.0,169.496,31,128,4229.377,70.192,3,1,5.42,5.646,8.211,0.614,255,2559286642,2388628511,255,0.007608,0.00978,0.030422,214.0,36.2,1,29.0,2,2,2,1,2,3,0,0,0,2,1,1,Normal,0
196,0.218101,udp,http,REQ,5,7,1179.0,287.0,12.908,254,128,741.089,875.076,1,1,0.843,0.305,7.391,5.192,0,2947995034,3089128032,255,0.033451,0.001277,0.025219,53.7,9.4,0,1031.0,5,2,3,2,2,2,0,0,1,2,2,0,Normal,0
197,0.464972,udp,dhcp,INT,34,5,951.0,1054.0,67.615,31,128,2563.845,97.041,1,1,2.359,3.691,6.561,7.33,0,396145700,67856454,255,0.031216,0.004995,0.062594,72.6,193.2,0,173.0,1,3,2,2,4,2,0,0,0,4,4,0,Generic,1
198,0.049126,tcp,dhcp,REQ,34,11,1652.0,1588.0,9.993,31,62,1003.156,719.903,1,1,1.143,1.624,1.352,1.435,0,113072807,3665503370,0,0.063618,0.010349,0.007152,55.5,6.7,0,222.0,2,4,1,4,0,5,0,0,0,2,3,0,DoS,1
199,0.920837,tcp,-,ECO,8,6,120.0,55.0,41.062,254,254,150.755,2013.343,0,2,0.643,1.755,0.8,2.457,255,2124603236,2274207323,0,0.015635,0.013642,0.015644,96.2,85.6,0,460.0,2,0,0,1,1,3,0,0,0,1,5,0,Normal,0
200,0.414264,udp,pop3,FIN,9,13,1452.0,284.0,48.031,62,31,1789.729,1175.411,1,4,8.423,13.132,3.594,6.108,255,655264434,1130801107,0,0.026213,0.037977,0.004168,25.8,165.4,0,20.0,2,2,1,3,2,1,1,0,0,4,2,0,Normal,0
201,1.340239,tcp,dns,INT,37,9,2559.0,89.0,16.243,62,31,556.847,493.74,3,1,15.052,6.251,0.938,11.605,255,2366401345,1648611328,255,0.119112,0.015966,0.002643,116.5,338.8,1,271.0,1,1,5,2,3,1,0,0,0,3,1,0,Exploits,1
202,0.022217,tcp,ssh,FIN,39,4,3273.0,298.0,151.679,62,254,360.998,216.394,3,0,8.147,14.715,0.939,5.826,0,943714719,2561386477,0,0.011101,0.00958,0.071289,44.0,460.7,0,134.0,4,2,1,2,1,0,0,0,0,1,4,0,Backdoor,1
203,0.007816,udp,smtp,CON,10,4,291.0,508.0,12.346,31,31,1224.585,531.538,1,1,1.437,0.079,14.69,1.723,255,4237055731,1291521067,0,0.048879,0.004719,0.008705,154.3,185.5,0,25.0,3,0,0,1,2,2,0,0,0,1,2,0,Normal,0
204,0.151854,tcp,http,FIN,11,9,839.0,720.0,17.592,128,254,685.004,501.357,3,0,10.414,0.525,14.752,0.256,0,3262601762,2043463444,0,0.011578,0.023493,0.017242,119.4,128.4,0,414.0,3,0,1,2,0,2,0,1,0,1,5,0,Normal,0
205,0.016718,udp,-,REQ,14,12,343.0,69.0,120.92,128,254,1730.023,2069.96,5,1,9.118,11.978,11.637,4.969,0,2950122334,1485952608,0,0.144626,0.048504,0.005927,28.9,56.9,0,427.0,1,1,3,3,3,2,0,0,1,5,5,0,Normal,0
206,0.806429,tcp,smtp,RST,6,6,309.0,637.0,48.542,31,31,48.731,677.66,2,1,10.5,2.449,0.502,3.802,0,508744148,3358213821,255,0.000189,0.007294,0.011914,213.8,125.0,0,170.0,3,0,3,1,3,1,0,0,0,1,2,0,Normal,0
207,0.658312,udp,pop3,ECO,9,5,1224.0,630.0,45.525,62,128,306.606,23.119,0,0,10.029,15.657,3.265,4.538,0,1255610770,2643059988,0,0.018514,0.001103,0.001642,124.8,64.3,0,83.0,2,2,3,3,1,1,0,0,0,3,4,0,Normal,0
208,0.26645,tcp,pop3,CON,33,5,1609.0,180.0,32.06,128,62,2962.113,1713.764,1,0,7.82,9.072,0.866,5.434,255,3816352921,2701484289,0,0.126434,0.002897,0.033958,12.4,108.5,1,282.0,6,5,2,4,2,1,0,0,0,1,2,0,Generic,1
209,0.099844,tcp,ftp,RST,9,9,987.0,531.0,81.101,31,31,2064.815,242.032,1,1,3.174,6.49,0.876,6.039,255,2451588576,2688208727,0,0.008872,0.023446,0.03956,97.1,35.2,1,295.0,3,2,3,1,1,3,0,0,1,3,3,0,Normal,0
210,0.402809,tcp,pop3,CON,8,10,32.0,256.0,18.325,254,254,3965.732,1131.985,1,0,0.867,8.159,4.199,2.151,255,2484373173,3330810062,255,0.027559,0.042825,0.015969,53.7,18.2,0,157.0,2,4,2,3,2,2,0,1,0,1,4,0,Normal,0
211,0.408644,icmp,ftp,CON,32,8,2716.0,70.0,19.506,254,31,476.126,235.543,1,0,21.506,2.04,14.605,0.962,0,1638160935,3714942201,255,0.039566,0.030349,0.050692,123.9,35.5,0,54.0,3,3,1,1,3,2,0,0,0,0,3,0,Exploits,1
212,0.80074,icmp,smtp,REQ,25,12,332.0,398.0,1.366,31,254,95.792,311.43,1,1,4.894,17.679,0.492,9.927,0,440224905,3190110750,0,0.114166,0.00281,0.005553,54.1,96.9,0,237.0,1,4,2,2,3,0,0,0,0,3,4,1,Generic,1
213,0.104822,udp,ftp,RST,10,9,1834.0,92.0,34.314,31,128,228.955,1115.992,1,1,16.912,23.188,3.721,7.254,0,991101402,3484325524,255,0.135889,0.007461,0.010005,107.0,119.6,0,517.0,3,1,2,1,3,1,0,0,0,1,2,0,Normal,0
214,0.687042,tcp,smtp,REQ,21,10,925.0,591.0,26.995,254,128,639.552,1174.003,2,0,20.539,35.164,2.784,4.458,0,3631892540,2729430581,0,0.084496,0.014201,0.063048,51.4,135.9,0,148.0,1,3,1,3,2,2,0,0,1,0,4,0,Fuzzers,1
215,0.584653,tcp,smtp,FIN,35,10,1882.0,123.0,34.922,62,62,1330.405,599.695,1,0,13.462,9.642,0.837,0.672,255,4152531908,1599924395,255,0.046644,0.017534,0.030516,116.7,397.9,1,136.0,3,2,3,3,1,0,0,0,0,1,4,0,Exploits,1
216,0.284856,udp,ssh,INT,42,9,3237.0,1988.0,18.374,254,128,759.854,986.435,0,0,5.786,2.481,9.232,4.924,255,2052110844,1538068371,255,0.027167,0.007829,0.01122,190.4,3.5,1,28.0,2,5,2,3,3,0,0,0,0,2,7,0,Exploits,1
217,0.026318,udp,dns,CON,7,12,1886.0,199.0,308.331,128,31,2095.975,267.165,0,2,0.518,6.452,1.517,0.049,0,3189667132,3474958097,255,0.008601,0.009934,0.010408,455.7,59.3,0,996.0,0,2,1,0,3,2,0,0,0,1,4,1,Normal,0
218,0.062159,tcp,smtp,FIN,9,11,97.0,754.0,55.495,128,128,314.477,291.494,0,0,1.149,5.176,4.843,1.659,0,1475960674,2362101476,0,0.063001,0.01351,0.010301,199.8,516.1,2,382.0,3,2,0,0,1,1,0,0,1,4,3,0,Normal,0
219,0.056003,icmp,ssh,FIN,39,5,609.0,489.0,17.78,128,254,281.646,2009.358,1,0,27.015,1.527,7.82,9.4,255,2163182038,2898478406,0,0.093533,0.007423,0.003742,35.6,4.5,0,16.0,2,4,2,4,1,2,0,0,0,0,0,0,Reconnaissance,1
220,0.394061,tcp,dns,INT,15,7,139.0,555.0,15.017,31,31,117.492,221.843,0,1,20.083,9.641,2.315,0.778,255,2519002330,3694045882,255,0.033399,0.007746,0.031641,88.7,428.4,1,147.0,2,1,0,0,1,2,0,0,0,0,6,0,Normal,0
221,0.962892,tcp,smtp,FIN,5,7,169.0,2.0,126.819,62,128,970.058,1461.433,1,2,10.64,7.539,4.195,12.658,255,107875653,1525724585,0,0.051128,0.020728,0.005335,96.5,10.5,0,18.0,3,2,1,1,3,1,0,0,0,2,1,0,Normal,0
222,0.542557,icmp,-,RST,11,6,615.0,77.0,7.969,254,254,441.583,831.089,2,0,0.335,20.639,4.805,0.119,0,144836145,3622938701,0,0.050503,0.025503,0.013235,154.6,54.7,0,404.0,4,2,2,2,3,1,0,0,0,1,1,0,Normal,0
223,0.135535,tcp,pop3,FIN,30,5,2247.0,269.0,122.202,31,31,5236.559,1179.742,0,0,5.817,15.655,0.407,3.899,0,3118653417,703210781,0,0.00859,0.001712,0.016631,48.8,19.6,1,20.0,4,2,0,3,3,4,0,0,1,4,3,1,Generic,1
224,0.475441,tcp,http,CON,31,5,493.0,393.0,14.594,31,31,1920.795,1131.485,1,0,11.447,15.889,2.048,3.403,0,2795858721,2357770883,0,0.070151,0.022488,0.000821,246.6,53.0,0,26.0,7,2,4,0,1,1,0,1,0,2,3,0,Analysis,1
225,0.572976,tcp,pop3,ECO,11,12,914.0,1244.0,62.187,62,31,652.863,488.161,1,0,8.935,8.587,15.834,5.163,0,13206581,2887357409,0,0.039428,0.032493,0.01372,217.0,78.9,0,21.0,2,0,1,4,1,2,0,0,0,2,0,0,Normal,0
226,2.021878,ospf,pop3,RST,27,9,2190.0,321.0,1.711,31,31,1085.754,1284.807,0,1,3.166,12.394,12.969,1.006,255,3963170170,442660467,255,0.024691,0.018414,0.007105,270.8,209.1,0,81.0,2,2,4,2,2,4,0,1,0,2,2,0,Reconnaissance,1
227,0.026345,tcp,dhcp,REQ,8,6,1394.0,411.0,39.927,62,31,1971.96,662.468,1,0,2.056,2.218,11.276,6.891,255,4267617154,3719823584,255,0.119558,0.00035,0.002989,24.7,111.2,0,1.0,4,1,1,3,2,2,0,0,0,4,2,0,Normal,0
228,0.414446,udp,-,FIN,27,9,6771.0,94.0,45.8,128,254,303.868,1174.996,1,3,4.445,4.985,7.803,0.114,255,2827607931,298877346,255,0.046054,0.009432,0.003688,16.1,48.4,0,76.0,6,2,0,3,2,1,0,0,0,2,2,0,Generic,1
229,1.109778,tcp,http,FIN,25,6,873.0,209.0,51.142,128,31,1641.744,449.543,1,0,12.798,2.186,7.315,3.237,255,658969182,2950846881,0,0.099683,0.036028,0.01457,50.9,164.9,1,450.0,3,2,3,3,8,1,0,0,0,2,8,0,Generic,1
230,0.027929,tcp,-,ECO,10,8,255.0,428.0,21.09,254,254,59.083,164.182,2,2,6.297,0.199,2.125,4.698,255,1760506055,1126597463,255,0.2484,0.007745,0.026425,415.7,7.4,0,79.0,4,2,4,2,2,1,0,0,1,1,4,0,Normal,0
231,0.146793,tcp,dns,RST,8,11,241.0,639.0,61.873,254,254,30.605,805.294,1,1,7.261,5.244,2.588,8.671,255,354161034,2620313088,255,0.047816,0.046194,0.024069,142.8,331.3,0,21.0,2,1,3,1,3,2,0,0,1,2,2,0,Normal,0
232,0.481527,tcp,dhcp,ECO,6,8,1236.0,124.0,13.61,254,254,729.311,989.588,0,1,3.653,9.485,1.345,0.078,255,78288073,4192664171,0,0.008363,0.000748,0.000587,21.2,21.6,2,521.0,1,0,2,1,3,1,0,1,0,4,3,0,Normal,0
233,0.253209,tcp,pop3,RST,28,12,1672.0,514.0,8.051,62,31,175.288,859.904,0,0,8.281,15.79,7.751,5.768,255,17860858,1892971673,255,0.071497,0.00282,0.00728,78.4,107.8,1,32.0,3,0,0,1,2,6,0,0,0,1,4,0,Analysis,1
234,0.353827,tcp,ssh,FIN,29,8,656.0,43.0,0.566,31,128,789.356,1635.564,2,0,0.063,5.931,14.998,4.223,255,2016918840,67552498,0,0.011924,0.000217,0.04125,5.9,16.8,2,20.0,5,0,2,4,0,3,0,1,1,1,3,0,Generic,1
235,0.342746,udp,pop3,RST,31,12,1006.0,586.0,8.209,254,62,941.764,2558.348,1,3,2.382,2.738,3.901,5.961,0,291342742,1431489840,255,0.018112,0.009829,0.010137,24.2,62.4,0,70.0,2,1,4,3,2,5,0,0,0,2,1,0,Reconnaissance,1
236,0.569259,tcp,-,INT,26,8,1314.0,1342.0,25.165,62,31,3437.635,218.373,0,3,1.614,1.524,10.574,15.088,255,2027417978,3739141537,255,0.047257,0.000338,0.00431,2.9,122.1,1,257.0,4,2,2,4,2,2,0,0,0,2,2,0,Fuzzers,1
237,0.216092,udp,pop3,RST,10,2,211.0,1555.0,10.116,62,62,2174.704,283.205,1,0,2.11,2.238,2.802,1.207,0,3473955794,2713351077,0,0.225809,0.039926,0.055707,77.0,16.7,2,170.0,1,2,4,2,1,2,0,0,1,4,3,0,Normal,0
238,0.610764,udp,ftp,INT,29,11,5380.0,360.0,56.432,31,31,1204.213,1513.147,1,1,17.843,15.132,0.353,2.73,0,2534426040,4175330937,0,0.009838,0.015749,0.006477,70.7,18.0,0,398.0,5,1,3,1,4,1,0,0,1,0,2,0,Exploits,1
239,0.755896,tcp,ssh,RST,12,7,356.0,185.0,66.926,62,254,143.976,147.319,0,0,11.17,23.266,1.248,11.775,255,2733341038,2553265635,0,0.059238,0.012216,0.011358,26.7,77.2,0,414.0,3,0,3,1,5,1,0,0,0,6,3,1,Normal,0
240,0.45321,tcp,pop3,ECO,11,7,87.0,404.0,3.389,254,128,691.873,393.068,1,2,3.671,26.162,8.019,4.024,255,3225342076,768554921,0,0.000434,0.024949,0.007594,5.8,2.7,0,148.0,2,2,4,1,0,4,0,1,0,3,1,0,Normal,0
241,0.180907,tcp,ssh,ECO,33,12,3670.0,120.0,15.572,128,62,66.649,15.65,1,3,5.744,4.798,9.388,1.091,255,2495609279,3518387847,255,0.039487,0.013562,0.017394,249.3,59.1,0,89.0,3,2,3,3,2,1,0,0,0,4,4,0,Fuzzers,1
242,1.078923,tcp,dns,REQ,31,2,1296.0,748.0,257.24,31,62,36.1,255.025,0,1,2.557,10.024,3.885,0.47,255,853184827,1472521042,0,0.013403,0.007066,0.031148,214.9,119.1,0,581.0,0,4,1,2,1,4,0,0,0,1,0,0,Fuzzers,1
243,0.016718,tcp,smtp,CON,10,6,440.0,57.0,15.872,128,31,165.053,141.607,0,0,1.571,16.45,0.963,8.767,0,1673925951,512147137,255,0.012146,0.023346,0.019088,132.1,41.6,0,192.0,5,3,0,3,2,2,0,1,0,0,4,0,Normal,0
244,0.341899,tcp,dns,REQ,9,6,739.0,428.0,15.778,254,62,1802.662,142.19,2,0,18.645,29.641,4.417,0.977,0,3333269961,4004454508,255,0.066048,0.08422,0.037957,88.7,42.6,1,74.0,1,1,4,1,3,1,0,0,0,1,1,0,Normal,0
245,0.693676,tcp,ssh,INT,30,7,588.0,443.0,77.052,128,62,1009.808,45.83,0,0,1.554,13.187,9.177,5.213,255,29584999,402298646,255,0.003319,0.007925,0.01487,65.0,192.9,0,231.0,3,4,4,0,4,1,0,0,0,0,1,0,Generic,1
246,0.237606,tcp,dns,CON,21,6,2271.0,388.0,19.451,62,62,862.753,584.514,1,0,25.09,27.371,11.499,4.55,0,455453658,611768815,255,0.038079,0.07674,0.013024,23.9,210.9,1,20.0,3,1,3,5,2,3,0,0,1,2,3,0,DoS,1
247,0.199845,arp,dns,RST,21,8,2926.0,231.0,26.521,62,128,1553.713,157.366,2,1,14.452,7.782,1.753,1.872,0,2712276541,3433173996,255,0.040285,0.00372,0.013559,30.5,6.9,1,95.0,3,2,1,2,0,2,0,0,0,2,2,0,Generic,1
248,0.064249,tcp,http,FIN,12,15,212.0,3.0,62.004,128,62,879.414,42.502,1,1,5.469,1.65,0.556,9.896,0,3920427689,3469517627,255,0.052035,0.015431,0.005764,9.4,16.5,1,238.0,4,0,2,1,3,4,0,0,1,1,3,0,Normal,0
249,0.291815,tcp,dns,INT,14,9,133.0,214.0,57.74,31,62,604.246,945.07,1,2,24.059,5.14,19.443,5.246,255,112800881,4118380678,255,0.018139,0.024667,0.028117,93.1,172.0,0,15.0,1,3,3,2,1,2,0,0,0,0,3,0,Normal,0
250,1.338682,tcp,ssh,RST,15,7,767.0,269.0,35.378,254,254,679.026,675.365,2,1,62.237,16.742,0.475,7.003,255,2955915130,2717460071,0,0.045739,0.016889,0.005879,58.3,41.4,1,8.0,7,3,5,3,2,3,0,1,0,0,7,0,Normal,0
251,0.01614,udp,pop3,ECO,33,12,2066.0,499.0,21.874,31,31,525.676,819.505,2,2,3.056,2.02,4.086,3.727,255,3018280862,4057025635,0,0.175596,0.026072,0.035062,620.0,112.4,0,184.0,4,2,0,3,3,2,0,0,1,5,2,1,Generic,1
252,0.02971,tcp,-,REQ,29,6,836.0,370.0,10.338,254,254,1823.782,1.711,1,1,0.132,1.37,2.916,2.495,255,3951111690,3701694389,0,0.013558,0.000701,0.036848,11.1,25.1,1,405.0,4,1,3,1,1,0,0,0,0,3,5,0,DoS,1
253,1.148681,tcp,http,ECO,12,15,677.0,31.0,2.383,62,31,1487.553,903.534,1,0,20.563,2.198,7.346,1.493,255,2674253683,109179599,255,0.036745,0.02917,0.002301,54.5,48.1,1,50.0,7,3,1,2,0,2,0,0,0,1,3,0,Normal,0
254,2.544936,udp,smtp,RST,8,4,1346.0,1053.0,177.29,31,62,536.443,879.364,2,1,0.303,1.546,0.991,2.48,0,1873102952,1541150278,255,0.027895,0.003837,0.043791,20.9,212.1,0,17.0,1,2,2,3,2,1,0,0,0,3,1,0,Normal,0
255,0.477211,tcp,ssh,CON,6,10,236.0,1195.0,30.399,31,62,448.867,2793.341,0,2,1.058,8.428,1.532,0.33,255,2616021148,307716841,255,0.01182,0.014097,0.056287,161.9,103.0,0,284.0,0,1,0,2,1,0,0,0,0,4,1,0,Normal,0
256,2.484965,tcp,http,ECO,37,9,449.0,678.0,25.73,254,254,3796.841,1548.452,1,1,4.909,3.388,5.978,4.28,255,2944236238,480288334,0,0.047041,0.02151,0.002525,20.1,86.1,1,60.0,4,3,2,4,1,0,0,0,0,0,5,1,Exploits,1
257,0.393078,tcp,ftp,INT,25,8,2451.0,494.0,15.083,254,62,145.894,234.256,2,2,11.62,33.169,10.611,2.441,0,1140963267,2753082372,0,0.005707,0.024942,0.003862,323.0,104.5,0,77.0,3,0,4,2,5,1,0,1,1,2,2,0,Fuzzers,1
258,0.406492,udp,-,REQ,8,7,986.0,32.0,18.718,31,254,905.304,305.369,2,1,0.129,5.586,3.232,4.774,0,3635735210,2624423975,255,0.070861,0.001631,0.012033,55.9,1.3,1,5.0,5,1,0,1,3,2,0,0,0,2,4,0,Normal,0
259,0.647101,ospf,-,CON,8,12,1603.0,17.0,52.13,254,128,2536.087,1176.536,1,2,1.799,3.183,11.826,0.178,0,530388000,2862155049,0,0.019561,0.029449,0.041108,8.3,13.2,1,222.0,1,2,0,2,3,2,0,0,0,0,0,0,Normal,0
260,1.880268,udp,http,REQ,34,9,3743.0,424.0,115.707,31,31,1307.349,681.199,0,3,7.231,17.584,4.39,16.832,255,675005859,3128139120,255,0.02406,0.02934,0.052472,9.6,70.0,1,17.0,4,1,2,2,1,0,0,0,1,2,1,0,Generic,1
261,0.170254,tcp,ssh,RST,7,4,146.0,448.0,88.949,62,128,973.464,1201.014,2,0,0.773,5.776,4.002,0.274,255,2405518166,63491280,0,0.035202,0.013157,0.028823,61.9,85.3,0,101.0,4,3,7,2,0,1,0,0,0,1,1,0,Normal,0
262,0.383199,tcp,pop3,ECO,28,11,386.0,326.0,20.942,128,254,2713.152,328.335,0,1,7.512,0.205,3.566,11.951,0,3384458094,603757489,0,0.021152,0.026636,0.013956,189.3,15.8,1,55.0,3,1,3,3,4,4,0,0,0,1,2,0,Fuzzers,1
263,1.353346,tcp,dns,ECO,13,10,521.0,13.0,36.499,128,62,44.279,132.046,0,0,23.203,36.499,1.23,2.705,0,3557999407,2208301340,0,0.012333,0.002465,0.042126,181.8,43.6,1,69.0,2,1,3,2,3,0,0,0,1,2,2,0,Normal,0
264,1.266452,udp,http,RST,13,10,231.0,205.0,22.568,254,254,2927.733,305.644,1,3,5.493,9.379,1.308,4.532,0,3642221417,1023035203,0,0.048449,0.012479,0.030425,223.5,23.1,1,265.0,5,0,6,2,2,1,0,0,1,1,1,0,Normal,0
265,1.124553,icmp,dhcp,REQ,28,5,3124.0,302.0,70.067,128,62,100.196,1215.127,1,1,21.98,1.12,9.82,6.997,0,3456129002,1031115990,255,0.002736,0.027419,0.008781,372.7,89.4,1,278.0,2,2,6,2,1,0,0,0,0,1,3,0,Reconnaissance,1
266,0.600737,udp,ftp,ECO,5,7,381.0,83.0,7.146,128,31,961.938,116.035,0,2,10.481,10.727,14.649,4.819,0,3812914822,1903402357,0,0.039505,0.02317,0.027541,399.4,40.9,1,32.0,0,1,8,0,5,1,0,0,0,2,6,1,Normal,0
267,0.602279,tcp,http,FIN,14,13,237.0,96.0,2.323,31,254,2749.011,1572.575,1,4,12.604,44.151,0.688,1.155,255,306411910,851651316,0,0.047136,0.006781,0.013262,535.9,2.5,2,67.0,2,2,2,2,2,5,0,0,0,3,6,0,Normal,0
268,0.395118,udp,http,ECO,9,6,1212.0,362.0,102.272,31,254,371.275,660.826,0,0,25.322,6.554,0.024,4.535,0,1198812667,2414694119,0,0.020874,0.009277,0.010172,78.5,141.7,0,38.0,2,3,2,1,3,4,0,1,0,1,3,0,Normal,0
269,0.037837,icmp,ftp,CON,4,5,2203.0,41.0,29.795,254,254,2077.029,218.153,1,3,26.68,18.93,15.009,4.056,255,34057887,778243904,0,0.01667,0.001126,0.013954,76.2,52.0,0,20.0,1,2,4,5,3,2,0,1,0,2,0,0,Normal,0
270,0.220363,udp,ssh,INT,12,8,556.0,263.0,33.838,128,31,3231.1,315.737,1,0,3.424,15.082,1.243,4.544,255,137122075,1694724668,0,0.002611,0.008628,0.027407,5.0,111.2,0,156.0,2,1,0,2,0,3,0,0,0,0,5,0,Normal,0
271,0.694285,udp,dns,ECO,12,12,3155.0,344.0,10.034,254,31,1925.825,743.928,0,0,2.853,2.263,8.488,1.847,255,2543030424,3179258419,0,0.096616,0.008929,0.017665,19.6,110.5,0,33.0,4,2,0,1,2,3,0,1,1,0,0,1,Normal,0
272,0.234284,tcp,dns,RST,8,9,900.0,199.0,21.786,62,62,2722.542,241.664,2,3,8.955,5.127,20.671,4.603,0,1122058085,2546342110,0,0.064067,0.011538,0.022077,102.9,8.7,0,95.0,2,0,1,3,1,2,0,0,0,2,1,1,Normal,0
273,0.169193,udp,ftp,ECO,7,7,412.0,716.0,63.595,128,254,427.385,844.87,0,1,6.775,19.869,0.131,0.228,0,3990295474,344367831,255,0.012449,0.004544,0.0112,501.3,101.9,0,223.0,2,2,1,0,1,3,0,0,1,1,1,0,Normal,0
274,0.010917,tcp,dhcp,RST,31,12,1224.0,1183.0,107.296,254,62,190.523,2066.328,3,1,12.209,2.808,5.897,6.166,0,2960343301,2430189161,255,0.101548,0.021851,0.051586,47.5,140.8,1,366.0,6,0,1,4,1,1,0,1,0,3,1,0,Generic,1
275,0.825244,tcp,ssh,REQ,33,6,929.0,53.0,51.896,62,254,877.41,249.635,3,0,4.04,2.163,1.637,4.525,0,2219552968,375930807,0,0.035183,0.017576,0.002769,57.4,61.6,0,142.0,3,1,4,1,1,6,0,0,1,3,2,0,Generic,1
276,0.388518,udp,ssh,CON,5,2,670.0,5.0,23.005,128,254,59.306,166.237,2,1,7.211,28.224,21.405,3.364,255,844464617,323364410,0,0.088946,0.033567,0.024825,51.6,19.0,0,54.0,4,3,3,1,3,2,1,0,0,1,5,0,Normal,0
277,0.242291,icmp,dns,ECO,6,9,503.0,4.0,3.285,128,254,1026.272,790.707,0,5,1.15,5.602,13.26,0.91,255,2390459084,2955295463,0,0.014936,0.00739,0.001489,471.5,301.1,2,46.0,3,3,1,1,2,1,0,0,0,2,4,0,Normal,0
278,0.551188,icmp,smtp,REQ,9,5,423.0,254.0,19.918,62,254,1604.646,1095.445,1,2,15.148,13.453,5.703,7.231,0,1967585213,1308893811,255,0.019423,0.026074,0.006166,141.8,70.4,0,7.0,0,1,1,3,4,3,0,0,0,3,6,0,Normal,0
279,0.088441,tcp,dhcp,RST,35,11,542.0,555.0,5.895,254,254,411.158,594.029,1,1,25.102,21.976,9.529,4.514,0,4107843091,155247800,0,0.026072,0.006811,0.034469,58.0,67.0,1,358.0,1,2,4,4,3,6,0,0,1,3,3,0,DoS,1
280,1.049213,tcp,ssh,INT,31,5,1787.0,22.0,3.685,31,128,108.521,2339.127,2,0,4.185,7.616,3.895,4.524,0,1810952593,1667406570,255,0.147862,0.028979,0.001693,71.0,189.4,2,160.0,2,2,0,2,0,3,0,0,0,2,2,0,DoS,1
281,0.419083,tcp,pop3,ECO,10,5,508.0,214.0,1.321,31,128,902.383,933.189,0,0,2.228,0.689,1.98,8.171,0,2302946004,1691337554,255,0.029964,0.033581,0.016464,27.1,11.9,1,32.0,4,1,3,3,1,3,0,0,0,1,5,0,Normal,0
282,1.00501,udp,-,INT,8,12,30.0,133.0,86.018,62,62,363.848,280.665,2,2,5.67,2.333,3.723,1.206,0,2380544999,2354898156,0,0.008581,0.003959,0.0253,21.8,59.2,0,10.0,7,3,5,1,2,3,0,1,1,1,3,0,Normal,0
283,0.012252,udp,pop3,CON,9,2,222.0,325.0,91.054,31,62,1807.497,135.102,2,1,0.937,1.916,0.087,1.889,255,138068794,1370468792,0,0.110428,0.021856,0.033537,14.5,166.2,2,346.0,4,1,1,3,2,2,0,1,0,2,6,1,Normal,0
284,0.093717,arp,dhcp,CON,9,6,185.0,396.0,6.978,254,31,414.313,1281.889,2,1,1.508,12.675,10.547,18.677,0,18944433,3586318289,0,0.001309,0.020494,0.030915,190.1,12.5,1,235.0,3,0,3,4,0,3,0,0,0,5,3,0,Normal,0
285,0.056217,tcp,ssh,RST,27,11,376.0,315.0,101.239,254,62,1575.666,618.381,1,0,35.048,1.585,0.988,0.228,0,2138777569,234482251,255,0.020988,0.001215,0.000714,2.9,48.2,0,11.0,6,2,4,4,1,2,0,0,0,2,6,0,Generic,1
286,0.130758,tcp,dhcp,RST,9,6,279.0,438.0,55.24,254,128,2966.719,1408.801,0,1,3.175,11.733,3.698,5.474,0,2897367089,3396648427,255,0.010078,0.033817,0.007868,60.4,27.6,0,16.0,3,2,2,4,2,4,0,1,0,3,3,0,Normal,0
287,0.617021,udp,smtp,CON,13,3,207.0,960.0,3.437,62,128,877.365,471.445,1,1,9.616,0.547,2.075,0.614,255,2400324630,2221116547,0,0.069615,0.047407,0.041434,119.7,96.7,1,127.0,6,1,1,4,0,5,0,0,0,3,1,0,Normal,0
288,0.062023,tcp,ftp,RST,8,7,1110.0,210.0,90.969,128,128,1449.13,821.245,0,1,4.703,7.96,1.873,0.718,255,3159628122,3458245935,0,0.006743,0.00314,0.024198,58.4,78.6,0,34.0,2,3,0,0,4,0,0,0,1,2,4,0,Normal,0
289,1.54381,arp,smtp,ECO,6,14,109.0,118.0,64.49,31,254,3102.159,1343.772,3,3,2.205,28.434,1.002,4.069,0,2832861661,2704657147,255,0.064499,0.017826,0.009131,201.8,4.8,0,393.0,1,3,0,2,1,2,0,0,0,1,2,0,Normal,0
290,0.484818,tcp,ssh,REQ,13,9,57.0,888.0,3.59,31,128,307.433,137.464,1,0,36.545,5.779,3.777,0.356,0,10846276,2514794716,255,0.055023,0.064842,0.023544,74.4,54.4,1,87.0,2,1,2,1,0,3,0,0,0,0,1,0,Normal,0
291,0.771776,tcp,http,ECO,40,2,582.0,1921.0,27.163,128,62,109.489,121.339,1,1,2.605,3.357,7.351,0.765,255,3833209535,931058019,0,0.036296,0.009857,0.032373,128.7,183.3,0,461.0,4,1,0,0,0,1,0,0,0,1,1,0,Fuzzers,1
292,1.56869,tcp,http,FIN,6,10,922.0,400.0,6.117,31,254,344.83,157.55,0,1,12.221,6.869,7.817,10.518,0,3795323621,2477835355,255,0.072559,0.010086,0.009971,51.0,287.1,1,433.0,3,3,1,2,4,1,0,0,0,1,7,0,Normal,0
293,0.216506,icmp,ftp,INT,40,10,299.0,334.0,3.268,31,31,751.342,554.479,2,0,0.394,1.146,2.227,0.774,255,3119565072,3443454679,0,0.009265,0.009619,0.034243,44.7,111.7,0,38.0,1,4,3,3,1,0,0,0,0,0,4,0,Reconnaissance,1
294,0.609707,udp,smtp,REQ,8,16,1212.0,309.0,42.823,254,31,719.494,16.975,1,2,3.575,2.766,0.063,2.974,255,2233554350,3502620897,255,0.117034,0.00844,0.000663,53.0,99.6,0,852.0,7,3,3,4,3,2,0,0,0,2,3,0,Normal,0
295,0.039568,udp,http,INT,32,3,549.0,691.0,18.855,128,128,354.741,1514.441,2,1,10.942,12.353,3.687,0.023,0,77152345,874727644,0,0.040811,0.026915,0.07287,90.9,152.2,0,22.0,3,3,3,2,1,2,0,0,1,2,8,1,Fuzzers,1
296,0.027847,udp,pop3,FIN,31,5,4278.0,818.0,56.213,128,254,467.804,999.474,2,0,19.144,17.76,2.192,5.119,255,3605021456,848264291,0,0.072628,0.01507,0.018746,82.6,65.3,1,416.0,1,0,1,1,2,1,0,1,0,1,3,0,Reconnaissance,1
297,0.334231,tcp,-,INT,35,11,2150.0,176.0,42.031,31,31,2868.812,1614.593,1,3,47.63,0.942,8.191,1.541,0,2020004204,26016674,255,0.003157,0.0317,0.008067,168.7,18.8,1,25.0,2,2,2,2,1,3,1,0,0,3,6,1,Backdoor,1
298,0.525146,udp,dhcp,INT,34,5,6260.0,252.0,12.66,128,31,1418.866,224.904,1,0,12.503,0.894,15.605,3.258,0,2737016044,647605185,255,0.11025,0.02138,0.007705,51.2,11.0,1,7.0,3,2,1,2,1,2,0,0,0,5,1,0,Fuzzers,1
299,0.619351,icmp,ssh,CON,31,9,978.0,73.0,100.258,31,128,603.44,883.167,0,0,28.301,6.974,2.21,3.148,255,2246620181,1799199844,0,0.018798,0.001743,0.008212,146.1,40.4,1,182.0,2,0,3,2,2,1,0,1,0,4,4,0,Exploits,1
300,0.992636,tcp,ftp,INT,36,6,1674.0,982.0,134.643,254,62,521.539,1312.464,0,5,2.283,3.42,4.652,1.644,255,3242006523,404292823,255,0.076389,0.019982,0.015775,9.9,175.2,0,24.0,5,1,3,4,4,1,0,0,0,3,4,0,Generic,1
301,0.838833,udp,ftp,INT,30,12,6927.0,235.0,94.29,254,31,153.575,1976.168,0,1,16.615,2.961,2.943,11.006,255,1110725303,2344070072,255,0.059404,0.057314,0.040658,23.5,124.3,1,47.0,5,4,2,5,3,2,0,0,0,2,2,0,Exploits,1
302,0.43877,tcp,ssh,ECO,11,13,423.0,31.0,45.381,31,128,928.521,134.89,3,0,1.681,0.403,0.548,0.121,0,2372180415,4131543275,0,0.02846,0.000679,0.035083,186.9,64.8,0,49.0,1,6,1,3,1,1,0,0,1,2,2,0,Normal,0
303,0.321533,tcp,-,INT,6,8,233.0,265.0,31.396,31,31,1076.188,1731.054,0,2,23.958,36.707,3.329,7.993,255,1939920075,669702349,0,0.015856,0.06587,0.005135,75.6,4.3,0,121.0,1,2,2,3,1,4,0,0,0,2,0,0,Normal,0
304,0.24399,tcp,ssh,INT,13,15,1722.0,240.0,30.463,128,62,4213.666,1156.001,3,1,5.693,15.05,1.334,1.905,0,3159007952,3718952022,0,0.055983,0.008081,0.005509,250.9,74.4,0,99.0,0,2,4,2,1,3,0,0,0,2,2,0,Normal,0
305,0.003049,icmp,smtp,INT,31,6,935.0,138.0,10.986,62,128,2311.192,265.029,1,2,9.092,21.64,0.407,13.869,0,2662045989,672411939,0,0.110514,0.012541,0.030002,5.0,16.7,1,450.0,5,3,1,2,3,3,1,0,0,2,3,0,DoS,1
306,0.573956,tcp,http,REQ,8,12,321.0,23.0,52.472,128,128,694.438,190.817,4,1,0.254,0.349,2.046,6.007,255,691336191,2786016327,255,0.106305,0.008351,0.003253,245.5,343.3,2,36.0,2,1,1,5,2,3,0,0,0,6,4,0,Normal,0
307,0.965689,tcp,dhcp,CON,11,10,1433.0,399.0,13.607,31,254,574.766,338.093,1,0,11.493,23.693,0.198,9.071,0,1088681202,3952780750,255,0.153753,0.010066,0.038747,33.9,94.8,0,297.0,3,2,2,1,3,1,0,0,0,2,3,0,Normal,0
308,0.740467,udp,ssh,ECO,25,9,1390.0,518.0,71.235,31,254,1569.829,455.342,1,0,1.49,12.912,3.408,6.669,255,401352530,724310936,0,0.027687,0.049249,0.003435,111.9,6.1,2,15.0,1,1,6,0,0,3,0,1,0,0,4,0,Generic,1
309,0.211867,tcp,http,INT,15,16,560.0,180.0,8.565,31,31,271.452,233.794,3,2,6.073,3.367,0.301,9.286,255,2611086943,2225094958,0,0.053692,0.040868,0.01526,35.8,22.9,1,149.0,4,1,1,2,3,8,0,1,0,2,3,0,Normal,0
310,0.316835,udp,ssh,INT,13,9,1121.0,561.0,24.98,31,254,563.421,59.19,1,1,1.749,1.611,5.649,3.597,255,3677154137,33795732,0,0.005888,0.012108,0.019614,257.2,69.0,0,210.0,3,3,0,4,1,3,0,0,0,6,4,0,Normal,0
311,0.23543,icmp,dns,FIN,6,8,201.0,598.0,147.231,254,254,415.265,838.691,1,2,50.681,7.174,10.732,2.405,0,1043496518,839288897,0,0.030213,0.01235,0.028591,5.0,175.2,0,767.0,3,1,2,1,0,3,0,0,1,2,2,0,Normal,0
312,0.296945,tcp,pop3,ECO,11,9,435.0,500.0,26.51,254,128,538.269,459.638,1,1,5.813,4.24,2.183,4.564,0,2897402628,2746761682,0,0.026426,0.044085,0.027158,13.4,141.3,0,26.0,6,2,1,4,2,1,0,0,0,2,3,0,Normal,0
313,0.397252,tcp,dns,INT,5,13,4.0,1345.0,33.652,31,62,339.965,2746.009,2,0,14.742,6.764,2.692,1.189,0,601147978,3980974931,255,0.069246,0.002611,0.069025,95.4,21.2,0,1108.0,2,4,2,1,0,3,0,0,1,0,5,0,Normal,0
314,0.048107,arp,dhcp,FIN,11,9,91.0,10.0,117.183,31,31,126.783,384.791,1,0,12.729,7.82,0.745,8.096,0,362965154,3053528182,255,0.000283,0.002078,0.025068,63.5,164.8,1,219.0,2,1,4,2,2,4,0,1,0,2,4,0,Normal,0
315,0.139601,tcp,dhcp,CON,9,10,336.0,331.0,117.671,128,62,1422.115,2080.956,0,1,18.843,2.179,2.463,2.432,0,2337031378,526519985,0,0.006462,0.002649,0.000163,107.3,368.8,0,104.0,3,0,7,4,3,2,0,0,0,2,1,0,Normal,0
316,0.058587,tcp,-,INT,12,10,7.0,530.0,26.71,128,254,491.509,468.803,0,2,5.69,0.93,6.272,7.274,0,2029970380,3050748102,0,0.108839,0.042657,0.022406,139.4,20.1,1,651.0,1,2,5,2,1,1,0,0,1,4,2,0,Normal,0
317,0.004855,arp,dns,RST,8,7,572.0,982.0,5.542,62,128,3971.07,39.567,0,0,5.874,9.045,0.918,3.074,0,517305242,2447548449,255,0.012757,0.061786,0.07096,55.2,59.4,0,388.0,4,2,0,1,1,2,0,0,0,2,1,0,Normal,0
318,0.184023,icmp,http,FIN,24,10,6117.0,371.0,22.325,254,254,81.449,516.775,1,1,15.53,15.755,5.698,2.759,0,1130121612,2388050283,255,0.101923,0.036496,0.019192,33.9,61.0,0,17.0,1,1,1,2,2,1,0,0,0,1,4,0,Generic,1
319,0.274617,udp,dns,FIN,11,10,601.0,178.0,11.754,31,62,935.874,302.619,0,0,46.578,20.797,35.61,4.525,0,2833869757,532243977,255,0.035317,0.012597,0.000111,73.9,24.7,0,6.0,3,0,3,0,2,0,0,0,0,4,3,0,Normal,0
320,0.251636,tcp,http,REQ,30,7,2694.0,412.0,1.786,254,128,1213.74,1080.964,3,1,19.465,20.564,3.139,0.518,255,2128745123,144086610,255,0.065402,0.008864,0.028799,8.2,153.9,1,202.0,2,2,2,1,2,4,0,0,0,4,9,0,Analysis,1
321,0.018135,icmp,smtp,INT,33,9,2997.0,201.0,36.879,62,62,609.778,154.206,0,0,8.385,10.874,14.993,6.207,255,3108283775,1512312215,0,0.256296,0.019175,0.008723,190.9,99.0,0,249.0,3,2,0,2,2,7,0,0,0,3,3,1,Reconnaissance,1
322,0.857736,udp,http,ECO,11,4,11.0,102.0,2.286,128,62,420.528,79.792,0,3,2.026,30.828,1.388,2.095,0,1052897838,1946833342,255,0.02795,0.023696,0.013687,17.1,46.7,2,103.0,4,1,1,3,2,3,0,3,0,1,2,0,Normal,0
323,0.082807,udp,smtp,RST,3,7,74.0,581.0,5.922,128,62,804.634,2148.942,0,0,13.802,3.163,0.235,5.385,0,2546124779,1501074631,0,0.173412,0.044381,0.042138,257.3,8.0,0,409.0,2,0,0,1,0,1,0,0,1,2,5,0,Normal,0
324,0.458716,udp,dns,REQ,14,10,64.0,181.0,67.935,128,31,273.494,482.761,2,0,17.203,32.015,8.546,2.814,0,3409471271,738144955,255,0.083144,0.005815,0.043948,34.6,165.0,0,304.0,2,2,3,2,3,3,0,0,1,4,5,0,Normal,0
325,0.484592,udp,dhcp,INT,35,8,1163.0,181.0,43.042,31,128,2097.668,416.865,1,2,2.509,20.581,10.647,22.059,255,1444703893,65260173,255,0.15326,0.003507,0.008355,32.1,74.3,1,713.0,5,2,3,4,1,2,0,1,2,0,8,0,Fuzzers,1
326,0.06186,tcp,dhcp,REQ,34,4,1912.0,284.0,33.221,254,254,27.206,228.021,1,1,8.701,15.106,9.778,3.958,255,3959512402,1391312466,0,0.124076,0.082706,0.011313,5.7,30.9,2,25.0,2,3,0,1,4,2,0,0,1,0,5,0,Generic,1
327,0.016763,tcp,smtp,REQ,30,9,4458.0,754.0,11.555,128,62,13.242,269.932,2,0,4.515,1.584,7.017,2.293,0,4266959667,3724187239,0,0.029086,0.012349,0.029147,10.7,37.6,1,550.0,6,3,1,5,2,2,0,1,0,1,7,0,Fuzzers,1
328,0.012915,tcp,dns,CON,6,9,36.0,299.0,39.128,254,254,1176.382,243.644,0,0,4.608,23.657,5.184,4.933,255,3260755624,3967893419,0,0.010176,0.001966,0.001529,389.2,146.5,1,892.0,5,5,1,2,1,2,0,0,1,2,3,1,Normal,0
329,0.164183,tcp,ssh,INT,40,12,5717.0,1383.0,47.307,62,31,438.74,773.518,1,0,0.785,1.598,0.956,12.694,0,1492743877,2971991860,255,0.00466,0.011265,0.00832,797.1,9.5,0,253.0,6,2,1,3,0,3,0,0,0,1,2,0,Generic,1
330,0.433174,tcp,ssh,ECO,11,5,1437.0,370.0,8.147,62,128,1201.736,2588.684,1,2,4.002,3.254,19.278,4.057,0,460849009,1637316575,255,0.005201,0.000884,0.012137,105.5,235.9,0,386.0,6,4,7,2,3,0,0,0,0,3,2,0,Normal,0
331,0.072115,tcp,http,REQ,30,12,3595.0,277.0,12.951,31,62,1513.947,15.863,0,2,13.198,9.514,6.826,0.935,0,699256916,2616708439,255,0.219314,0.00201,0.009055,145.8,111.8,0,256.0,2,3,1,0,1,0,0,0,1,3,3,0,Exploits,1
332,0.036344,udp,dns,INT,11,8,591.0,710.0,196.901,128,62,992.839,34.944,2,1,5.348,13.449,3.892,2.469,0,2004303107,3926439985,0,0.01159,0.015797,0.007812,5.6,305.4,0,160.0,4,0,2,1,0,1,0,0,0,5,5,0,Normal,0
333,0.446909,tcp,dhcp,RST,23,16,973.0,498.0,71.307,31,62,2322.742,942.697,1,1,6.952,4.028,0.569,7.233,0,1156410403,793403964,255,0.064456,0.026023,0.006022,158.8,73.4,0,169.0,3,3,3,2,2,2,0,0,1,1,2,0,Exploits,1
334,0.077937,tcp,ftp,CON,36,6,1431.0,243.0,2.879,254,31,2194.103,40.516,0,2,9.861,18.126,0.251,7.093,255,2733316806,1206069114,255,0.037576,4e-06,0.028075,11.7,275.5,1,557.0,1,2,2,2,3,2,0,0,0,3,4,0,DoS,1
335,0.829727,tcp,-,CON,6,5,28.0,444.0,17.0,254,128,651.477,587.228,1,2,4.062,9.755,6.508,2.738,255,3643095334,981544086,255,0.000918,0.011416,0.028154,436.3,83.0,2,185.0,3,2,0,1,3,3,0,0,0,0,3,0,Normal,0
336,0.337411,tcp,pop3,ECO,26,11,99.0,145.0,2.954,254,254,381.477,249.758,0,1,6.183,6.332,4.318,13.315,255,3227203651,1139186747,0,0.02716,0.008682,0.027971,30.4,22.1,1,359.0,4,2,2,0,1,1,0,0,1,3,3,1,Generic,1
337,0.441789,udp,dhcp,RST,6,8,1015.0,861.0,39.44,62,62,3837.024,169.974,0,1,23.221,3.732,1.427,3.186,0,2888858973,2193389294,255,0.073923,0.046856,0.010328,227.4,1.4,1,688.0,2,3,1,1,3,1,0,0,1,4,3,1,Normal,0
338,1.042247,tcp,ssh,INT,36,9,203.0,219.0,44.936,128,254,1079.704,157.032,0,1,2.207,0.572,1.094,2.558,255,2823049227,3402313702,0,0.015651,0.006654,0.002453,149.9,219.7,0,227.0,1,2,2,2,1,1,0,0,0,3,1,1,Exploits,1
339,0.088511,tcp,ssh,ECO,10,11,68.0,561.0,203.976,254,128,3687.343,716.098,2,1,5.537,6.29,5.401,0.08,255,4221948300,369042009,255,0.030583,0.01666,0.023961,119.0,386.4,0,38.0,2,4,0,1,3,2,0,0,0,2,0,0,Normal,0
340,0.408655,udp,ftp,INT,33,12,2107.0,545.0,57.128,62,62,231.449,35.177,0,1,1.924,12.214,1.04,1.061,0,1176884107,1263025879,0,0.046998,0.019293,0.005474,22.5,45.0,1,100.0,2,3,0,2,3,2,1,0,0,3,3,1,Reconnaissance,1
341,0.210932,tcp,ftp,RST,10,2,1085.0,216.0,7.98,31,128,2311.96,222.551,1,2,5.395,8.871,5.665,12.518,255,1348432063,3492714400,255,0.019383,0.009948,0.013666,6.3,72.2,0,54.0,2,2,1,0,3,3,0,0,0,2,2,0,Normal,0
342,0.07061,tcp,dhcp,FIN,35,9,1422.0,154.0,12.953,31,62,218.441,772.36,0,0,4.445,0.709,0.655,3.793,255,1632878927,1060774016,255,0.004264,0.012045,0.026583,4.1,14.4,0,321.0,3,3,1,0,0,0,0,0,0,0,1,0,Analysis,1
343,0.450617,udp,pop3,RST,35,9,2566.0,190.0,10.419,31,62,2083.155,225.92,0,1,1.074,26.498,13.264,4.267,255,1566044094,1729365596,255,0.01349,0.001037,0.004058,307.6,128.2,1,33.0,4,3,2,2,0,2,0,0,0,1,1,1,Fuzzers,1
344,0.017578,tcp,dns,CON,31,7,2059.0,672.0,3.182,62,128,1165.596,435.492,3,0,1.909,17.544,16.414,8.173,0,368394571,2871809276,255,0.03508,0.020497,0.057447,253.8,34.1,1,274.0,3,4,4,2,6,2,0,0,1,0,3,0,Generic,1
345,0.935539,udp,ftp,CON,31,8,1469.0,97.0,7.669,128,254,397.126,401.627,1,0,2.121,19.17,21.314,2.65,255,3257925523,3480017165,0,0.035767,0.0147,0.017474,7.1,30.2,0,399.0,7,1,1,1,2,3,0,1,0,1,2,0,Exploits,1
346,0.573251,udp,http,RST,25,6,1713.0,752.0,3.573,31,254,135.893,2696.402,1,1,4.005,26.474,8.288,2.432,0,1566489393,917197681,255,0.025551,0.00021,0.034269,339.6,90.1,0,271.0,0,3,0,3,2,1,0,0,0,0,2,0,Fuzzers,1
347,1.97217,icmp,-,CON,30,11,667.0,1948.0,62.97,254,128,112.563,1101.105,0,3,34.998,16.411,0.835,3.439,255,257481474,3551460759,0,0.103222,0.052934,0.010172,386.1,1.3,0,53.0,2,0,5,0,3,1,0,0,0,0,1,0,Analysis,1
348,0.308181,tcp,dns,INT,13,9,228.0,107.0,78.674,31,31,1397.078,43.449,3,2,0.753,2.058,1.696,5.693,0,3476408911,3567300723,0,0.093866,0.004783,0.014009,55.9,63.7,1,221.0,0,0,1,1,3,0,0,0,0,3,4,0,Normal,0
349,1.259512,udp,smtp,ECO,39,7,1401.0,106.0,16.643,31,128,917.85,2245.244,2,3,29.719,9.565,4.266,1.571,255,511165582,690206178,255,0.020391,0.006507,0.012126,117.9,52.0,0,107.0,4,3,3,1,2,3,0,0,0,2,2,0,Generic,1
350,0.10106,udp,ssh,ECO,10,5,553.0,111.0,102.401,254,128,595.848,1185.74,2,0,23.371,11.865,1.014,5.245,255,1130709692,2983582990,255,0.000768,0.000155,0.026282,381.5,41.6,0,93.0,4,1,0,2,2,4,0,1,0,2,5,0,Normal,0
351,0.377083,tcp,pop3,INT,41,6,3029.0,16.0,36.959,62,31,340.562,237.468,2,2,5.684,0.317,2.297,1.292,255,367342039,2138978629,255,0.047458,0.004756,0.015946,418.2,32.6,0,17.0,1,0,2,1,3,0,0,0,0,3,0,0,Generic,1
352,0.3753,icmp,ftp,FIN,12,11,408.0,141.0,82.824,254,62,997.317,1124.279,0,1,8.912,0.442,2.858,0.079,255,2192427925,1415768423,255,0.030486,0.009701,0.026004,398.3,83.7,0,345.0,2,0,2,0,3,4,0,0,0,4,2,0,Normal,0
353,0.5802,tcp,http,CON,26,6,2069.0,33.0,0.542,128,62,919.446,80.542,4,0,1.595,1.435,19.408,12.212,0,4220238230,2551572958,255,0.111929,0.003625,0.001542,260.7,158.8,1,126.0,1,1,2,2,2,1,0,0,0,4,5,0,Generic,1
354,1.454181,icmp,pop3,REQ,35,11,1897.0,347.0,30.53,254,31,818.744,220.241,3,0,6.076,24.089,4.131,2.249,255,1265215942,2014362980,255,0.035081,0.008007,0.021559,1.9,38.0,1,302.0,5,2,0,1,2,3,0,0,1,3,1,0,Generic,1
355,0.792099,udp,pop3,INT,4,10,133.0,247.0,50.055,31,254,5.168,555.705,2,1,31.738,34.051,2.26,10.151,255,936295137,3079099330,255,0.00873,0.027228,0.011037,132.0,172.8,0,245.0,6,4,3,3,6,2,0,0,0,3,5,0,Normal,0
356,0.038617,tcp,smtp,RST,14,6,252.0,138.0,95.229,254,128,4.133,1237.645,2,2,6.505,47.615,18.053,1.043,255,1908191870,2758996270,0,0.018076,0.016302,0.011019,129.7,450.8,0,57.0,5,2,1,3,2,2,1,0,1,1,3,0,Normal,0
357,0.418199,tcp,-,ECO,28,5,3021.0,239.0,43.971,254,31,1130.097,324.229,4,1,0.28,0.587,0.622,12.14,0,966139417,3858384036,0,0.009475,0.058332,0.063441,106.2,151.1,1,221.0,3,1,2,2,3,2,1,0,0,0,7,0,Exploits,1
358,0.192471,icmp,dns,REQ,23,7,3906.0,162.0,34.187,254,62,3480.173,428.655,1,1,2.213,20.823,7.241,8.338,255,2635139801,3040824507,255,0.072576,0.004221,0.01,13.3,66.7,1,460.0,0,4,2,2,2,3,0,0,0,3,4,0,Fuzzers,1
359,0.068071,tcp,smtp,REQ,8,9,251.0,135.0,67.649,128,62,887.49,1041.284,1,2,5.496,3.728,4.222,0.979,0,3151670208,3086461556,255,0.001228,0.063163,0.025451,48.6,87.1,1,441.0,0,1,1,3,1,4,0,0,0,3,6,0,Normal,0
360,0.326668,tcp,pop3,REQ,26,7,2654.0,2.0,14.682,128,128,94.014,838.598,0,2,8.675,1.319,15.238,0.573,0,33734959,539422634,255,0.018427,0.003548,0.001289,31.2,108.5,1,115.0,2,4,0,2,3,1,0,0,0,1,3,0,Generic,1
361,0.255451,tcp,smtp,CON,32,11,705.0,992.0,98.049,128,254,129.975,394.279,2,1,19.924,2.986,5.081,1.418,255,1142018504,3177671560,255,0.192659,0.003198,0.00542,3.7,52.4,0,198.0,4,2,1,0,2,2,0,0,0,3,2,0,Reconnaissance,1
362,0.017261,udp,dns,REQ,8,5,969.0,647.0,78.352,254,128,635.205,1328.472,0,2,18.512,6.053,17.45,2.061,255,2317000459,985346036,0,0.071857,0.017944,0.015181,125.5,29.7,0,35.0,3,1,2,3,2,0,0,0,0,6,3,0,Normal,0
363,0.396347,tcp,dns,ECO,9,5,3052.0,246.0,21.716,254,62,692.189,2662.131,0,0,2.833,17.07,0.903,0.487,255,1282092886,3826098513,255,0.007148,0.025472,0.002607,182.6,63.3,0,314.0,5,1,1,2,4,2,0,0,2,2,2,0,Normal,0
364,0.0493,tcp,dns,RST,16,6,48.0,835.0,17.157,128,62,947.989,892.899,0,0,10.448,8.659,5.93,0.564,0,3062359343,4212993310,0,0.100781,0.005677,0.010122,82.7,141.1,1,351.0,3,2,0,5,3,3,0,0,0,2,3,1,Normal,0
365,0.696431,udp,-,RST,38,9,378.0,8.0,12.544,62,254,1976.643,152.7,0,1,4.371,7.975,4.34,3.785,0,1066821163,984712433,0,0.081114,0.013316,0.004767,59.2,178.4,1,169.0,1,2,3,2,4,0,0,0,0,1,1,0,Generic,1
366,0.150405,tcp,-,ECO,8,9,401.0,266.0,10.957,128,254,696.495,186.406,0,3,18.829,14.513,22.533,2.742,0,1511150547,991708386,0,0.004032,0.006038,0.035304,115.6,286.6,1,217.0,1,1,3,1,3,1,0,0,0,1,3,0,Normal,0
367,0.44879,tcp,pop3,INT,34,10,1355.0,951.0,81.029,31,62,886.498,286.589,0,1,0.651,28.422,2.294,4.311,255,1891806567,821434385,0,0.065031,0.00088,0.02127,174.7,186.9,0,467.0,6,0,2,0,3,2,0,0,0,3,6,0,Exploits,1
368,0.094818,tcp,ftp,INT,28,10,2107.0,125.0,57.968,62,128,1131.591,1792.158,0,1,15.686,1.106,1.692,11.404,0,887268862,708269157,255,0.028887,0.011403,0.038613,42.6,69.0,0,522.0,1,5,3,1,1,5,0,0,1,1,2,0,Generic,1
369,1.149353,icmp,pop3,ECO,14,9,2485.0,33.0,56.429,31,128,46.282,264.445,2,0,30.999,2.041,1.537,2.809,0,488748136,1198799060,255,0.020646,0.026518,0.001221,148.6,39.4,0,33.0,4,2,3,2,3,0,0,0,0,1,1,0,Normal,0
370,0.027474,icmp,dns,INT,30,15,2245.0,491.0,9.217,254,254,2009.495,5.299,1,1,2.565,4.083,1.175,7.648,0,4291904904,1671155110,0,0.005444,0.017731,0.0223,6.3,72.2,1,219.0,3,2,1,3,3,5,0,0,0,1,2,0,DoS,1
371,1.097059,tcp,dhcp,RST,30,9,2401.0,209.0,24.508,128,254,1980.996,740.602,0,2,3.762,12.975,3.204,1.715,0,3977070663,3214572773,255,0.034104,0.012975,0.012483,7.5,39.6,0,103.0,5,0,1,1,3,2,0,0,0,4,4,1,Exploits,1
372,0.099062,tcp,http,REQ,7,7,490.0,346.0,4.783,128,254,450.433,579.951,3,0,76.575,10.679,2.076,4.779,255,1903659372,3235192764,255,0.046099,0.019405,0.024079,6.9,22.2,0,89.0,8,2,3,3,2,0,0,0,1,1,4,0,Normal,0
373,0.078705,tcp,http,FIN,14,8,276.0,557.0,209.659,62,31,962.964,1123.784,2,0,6.02,3.272,2.475,1.288,255,3940273594,1885139922,255,0.082272,0.04899,0.008108,17.3,92.4,0,112.0,4,4,2,4,3,2,0,0,0,2,1,0,Normal,0
374,0.459674,arp,smtp,CON,11,5,328.0,29.0,71.839,31,62,71.481,1235.591,0,1,2.38,1.985,0.011,4.28,255,2197441497,435493384,0,0.084751,0.005559,0.005398,154.6,156.0,0,445.0,4,3,2,2,3,2,0,0,0,0,4,0,Normal,0
375,0.395422,tcp,pop3,CON,13,7,143.0,1003.0,20.28,254,31,66.035,64.724,1,0,16.407,43.769,1.47,0.873,0,1915616545,4124620249,255,0.066245,0.016052,0.000762,164.1,6.8,2,99.0,5,3,2,1,2,5,0,0,0,1,1,0,Normal,0
376,1.581751,tcp,http,CON,9,8,1084.0,1006.0,28.896,62,31,1536.571,474.478,2,3,5.07,0.107,3.518,9.985,255,1008243092,1473151445,0,0.053791,0.006012,0.043007,52.2,18.3,1,48.0,5,2,4,2,4,2,0,0,0,3,2,0,Normal,0
377,0.337037,icmp,smtp,RST,32,10,595.0,20.0,13.202,62,128,123.014,1038.865,1,2,24.564,1.939,0.207,1.84,255,1301817885,700378049,0,0.033664,0.030197,0.033113,25.5,253.3,1,264.0,2,3,3,1,2,1,0,1,1,1,3,0,Reconnaissance,1
378,0.116645,tcp,http,ECO,5,10,233.0,490.0,15.411,62,128,278.685,846.111,0,2,0.069,0.609,1.403,7.086,0,3493867390,289864945,255,0.061203,0.017277,0.054823,12.6,3.3,1,27.0,1,2,1,3,2,2,0,0,0,3,2,1,Normal,0
379,0.442706,tcp,ssh,ECO,12,8,198.0,356.0,72.265,31,128,190.073,64.765,0,0,12.641,3.976,11.214,5.658,0,2014197530,3031528823,0,0.090948,0.022696,0.00172,197.2,58.5,1,11.0,1,1,3,4,4,2,0,0,1,2,4,0,Normal,0
380,0.399813,tcp,smtp,CON,28,5,1788.0,257.0,60.905,128,31,693.81,265.41,3,0,25.326,1.54,1.943,6.596,0,3401977831,785639603,0,0.020061,0.016794,0.009969,32.4,310.8,0,494.0,4,2,2,4,1,2,0,0,0,0,3,0,Exploits,1
381,0.39948,udp,ssh,INT,33,7,8990.0,925.0,30.87,31,62,4359.584,1051.684,3,0,7.508,2.715,6.183,19.41,0,224351673,3824295263,255,0.081084,0.007083,0.002317,139.7,79.3,0,97.0,5,3,0,1,0,0,0,0,0,0,2,0,Generic,1
382,1.703143,tcp,ftp,CON,30,9,2191.0,488.0,44.817,128,128,453.943,161.792,0,2,51.877,7.624,20.611,12.477,0,658509443,4150876695,255,0.035285,0.060224,0.032101,157.9,132.0,0,54.0,0,0,0,2,1,2,0,1,0,2,3,0,Reconnaissance,1
383,0.148224,arp,ftp,FIN,27,6,1986.0,312.0,89.38,128,128,579.499,2392.856,0,0,2.47,27.709,0.098,4.976,0,1308923855,231434525,255,0.07809,0.003202,0.026305,272.5,13.0,1,9.0,1,2,5,2,3,2,0,0,2,1,3,0,Exploits,1
384,0.275246,tcp,ssh,REQ,14,7,412.0,68.0,27.892,254,62,1562.277,574.555,0,2,4.553,7.607,2.039,5.428,0,2292790604,2233030100,0,0.037193,0.002256,0.025259,49.1,26.4,0,380.0,4,3,1,2,3,0,0,1,0,5,1,0,Normal,0
385,0.868332,tcp,ftp,ECO,12,5,737.0,345.0,141.703,62,62,1102.481,2666.435,0,1,2.033,24.602,6.062,3.355,255,3796186293,3201609347,0,0.09385,0.012931,0.005279,110.5,12.9,0,129.0,3,3,1,1,0,4,0,0,0,2,0,0,Normal,0
386,0.529639,udp,ssh,FIN,37,5,1322.0,430.0,40.359,254,31,4074.008,599.876,0,1,1.457,7.075,13.641,0.768,0,3289423139,4106342617,0,0.053292,0.013383,0.058572,88.4,10.9,0,50.0,2,3,2,1,2,3,0,0,1,1,3,0,Shellcode,1
387,0.114827,udp,http,REQ,33,11,1911.0,348.0,51.894,254,31,3380.702,881.334,1,1,3.42,5.101,6.623,5.645,255,2883720988,425076910,0,0.031076,0.005996,0.007974,138.3,6.4,0,1422.0,2,3,0,1,0,4,0,0,0,5,6,0,Exploits,1
388,0.700698,udp,ftp,FIN,27,8,3314.0,364.0,13.366,128,62,7.008,913.797,0,1,3.226,0.515,1.086,6.392,255,1548182338,3593378283,0,0.055888,0.033912,0.005299,89.8,36.9,0,20.0,6,4,1,5,3,1,1,0,0,1,6,0,Analysis,1
389,0.091401,udp,-,ECO,11,14,700.0,745.0,23.409,31,254,169.097,230.11,0,0,0.377,14.965,10.014,8.156,255,2835485187,1675616524,0,0.155876,0.009926,0.048801,108.9,53.4,0,200.0,1,2,1,2,0,3,0,0,0,2,2,1,Normal,0
390,0.543498,tcp,-,FIN,25,6,1976.0,53.0,2.524,128,128,416.454,2197.728,1,0,8.405,0.081,2.38,4.498,255,668142056,4232404895,255,0.056537,0.004909,0.004379,42.0,96.4,0,12.0,1,2,4,2,1,4,0,0,0,1,4,0,DoS,1
391,0.969858,udp,ftp,INT,31,8,2532.0,3.0,6.188,128,31,2874.648,1037.833,1,1,18.723,13.406,2.526,4.079,255,1826383986,3696384794,255,0.038166,0.096954,0.033802,98.2,47.3,0,379.0,4,3,2,2,2,2,0,0,0,2,5,0,Generic,1
392,0.717202,tcp,dns,FIN,9,6,106.0,50.0,6.467,31,62,2934.715,389.659,0,0,8.852,18.734,16.622,3.802,0,2548521949,1223941745,0,0.061245,0.00532,0.017443,28.0,24.4,0,238.0,1,3,1,1,2,1,0,0,1,2,0,0,Normal,0
393,0.006901,tcp,http,INT,44,8,997.0,44.0,17.351,62,254,4587.435,390.558,4,1,8.1,3.206,1.294,5.233,0,400978200,2882050246,255,0.012556,0.000798,0.014952,182.9,124.7,0,59.0,2,0,2,4,3,4,0,2,0,1,5,0,Generic,1
394,0.355766,icmp,-,INT,28,4,431.0,46.0,103.34,254,31,138.341,296.858,0,0,3.911,6.92,1.234,7.891,255,3126226558,2242537121,255,0.048014,0.013927,0.014631,49.4,1.0,1,289.0,7,0,3,2,0,1,0,1,0,4,1,0,Generic,1
395,0.083458,udp,dhcp,REQ,15,11,659.0,189.0,61.687,31,254,1130.051,1652.072,0,1,16.195,17.029,2.457,3.758,255,190796780,4123218051,255,0.096608,0.032961,0.001374,85.9,80.0,1,11.0,3,2,3,1,1,0,1,0,0,2,2,0,Normal,0
396,0.194685,tcp,smtp,RST,14,6,618.0,1020.0,44.649,254,62,36.579,2732.583,0,3,8.745,1.403,7.236,0.088,0,1815586119,2224802610,0,0.004836,0.019703,0.035885,23.8,39.8,2,27.0,1,1,4,3,0,4,0,0,1,3,3,0,Normal,0
397,0.689735,tcp,ssh,ECO,33,5,2197.0,1214.0,60.469,31,62,198.816,1384.467,3,0,1.33,7.788,3.579,0.172,255,2273667798,2697131526,255,0.010696,0.014707,0.012263,35.3,143.1,0,560.0,4,3,1,3,2,1,1,0,0,3,3,1,Fuzzers,1
398,0.095632,icmp,ssh,INT,8,9,421.0,14.0,11.36,31,31,3960.474,84.353,1,4,4.291,9.867,5.722,0.628,0,3134276689,2236124146,0,0.064429,0.004086,0.015072,116.3,4.4,0,216.0,4,3,3,2,1,3,0,2,0,2,3,0,Normal,0
399,1.32299,tcp,-,ECO,5,5,21.0,59.0,76.715,128,31,2235.049,2638.942,2,3,6.568,3.143,2.149,0.585,255,235081492,3524333762,255,0.083122,0.000417,0.026354,57.0,123.9,1,284.0,4,0,3,4,1,3,0,0,0,5,4,0,Normal,0
400,0.013493,tcp,smtp,INT,13,13,792.0,2022.0,3.421,254,31,939.775,12.536,0,1,7.386,11.731,8.942,2.098,255,2857037495,168815790,0,0.12403,0.015557,0.008685,225.6,97.2,2,458.0,4,1,2,1,1,1,0,0,0,3,2,0,Normal,0
401,0.09453,tcp,pop3,FIN,7,12,115.0,194.0,0.519,31,128,99.208,974.867,5,3,4.212,8.231,11.782,2.35,0,368127531,4057083943,255,0.017152,0.018314,0.014912,118.3,197.2,0,533.0,1,0,0,1,2,2,0,0,0,6,3,0,Normal,0
402,0.02567,tcp,dns,REQ,29,11,750.0,422.0,23.598,254,254,404.342,4405.617,1,1,9.541,33.775,7.48,1.464,255,968894697,2615050769,255,0.014092,0.027698,0.004938,191.9,66.0,1,99.0,5,4,0,1,2,4,0,0,0,1,5,0,Reconnaissance,1
403,0.340734,tcp,pop3,RST,29,6,641.0,389.0,75.112,31,62,797.881,1631.906,2,1,30.197,1.904,0.369,7.64,255,392085256,1335272048,255,0.022549,0.014916,0.159255,101.6,60.0,0,270.0,3,3,1,2,2,1,0,0,0,2,4,0,Exploits,1
404,0.142627,arp,dhcp,CON,16,7,1164.0,1014.0,108.842,62,62,1077.065,884.443,0,0,9.827,15.469,1.817,9.438,255,3905465746,3027602726,255,0.066487,0.000922,0.009141,146.0,20.9,1,189.0,2,1,0,3,2,1,0,0,0,3,6,0,Normal,0
405,0.351168,tcp,smtp,REQ,27,13,1182.0,89.0,16.606,62,31,668.321,443.886,3,0,1.766,6.838,0.727,0.712,255,2316609492,2057772548,255,0.068888,0.132948,0.019101,14.0,90.3,0,17.0,1,1,2,1,0,6,0,0,2,1,0,0,Worms,1
406,1.042285,tcp,-,INT,21,13,1660.0,1404.0,6.875,31,62,467.081,1967.054,0,3,6.829,12.171,1.884,5.67,0,2767270323,3832112010,255,0.065117,0.030371,0.005639,141.9,9.3,1,63.0,3,1,2,0,1,3,0,0,2,6,3,0,DoS,1
407,0.488066,udp,smtp,FIN,12,6,354.0,701.0,29.75,254,31,694.939,338.37,1,0,20.261,4.167,4.879,0.576,0,1914078336,1024673495,0,0.082934,0.000916,0.002762,41.2,39.4,0,284.0,0,1,5,1,0,3,0,0,0,3,3,0,Normal,0
408,0.023656,tcp,dhcp,INT,30,11,3171.0,50.0,86.41,62,62,677.665,746.16,0,0,20.243,2.968,0.115,4.291,255,4058914580,3421119081,0,0.109763,0.006308,0.011156,105.5,42.7,1,32.0,4,1,4,2,1,2,0,2,0,2,2,0,Fuzzers,1
409,0.002676,udp,smtp,INT,7,9,199.0,64.0,3.099,31,31,678.873,1119.229,2,0,13.763,7.461,4.097,7.135,0,3043112041,1002008566,0,0.008254,0.001846,0.017467,100.7,118.6,0,199.0,0,2,1,1,0,2,0,0,0,1,3,0,Normal,0
410,0.543161,udp,pop3,INT,31,14,2268.0,381.0,42.05,128,254,521.058,228.744,1,1,20.527,6.361,2.572,2.078,255,3155234824,1591321263,0,0.031148,0.005353,0.075074,59.6,81.0,1,39.0,1,1,0,2,1,2,0,0,0,1,2,0,Worms,1
411,0.051949,udp,smtp,ECO,34,9,1092.0,5.0,44.057,128,31,1026.618,174.394,0,0,31.046,18.35,6.972,0.44,255,3094905179,1177758744,255,0.025693,0.0327,0.011415,59.1,127.5,0,121.0,3,1,2,1,1,4,0,0,1,1,2,0,Generic,1
412,0.368201,udp,dns,INT,28,6,1899.0,411.0,17.355,254,128,1232.443,1274.682,0,1,20.278,17.126,7.03,1.192,255,3693864758,1176840811,0,0.0706,0.001481,0.028865,42.1,180.4,0,396.0,4,1,4,1,2,2,0,0,1,2,7,0,Generic,1
413,1.203584,udp,dhcp,REQ,11,8,47.0,494.0,11.871,254,128,62.959,1130.837,2,0,1.525,6.761,13.738,2.72,255,1027367404,101088312,255,0.050203,0.004907,0.004848,43.5,140.6,0,39.0,1,2,2,1,3,2,0,0,1,3,2,0,Normal,0
414,0.407625,udp,http,FIN,29,9,552.0,204.0,40.842,128,62,338.418,704.248,0,0,3.455,9.98,23.182,9.676,255,2591824150,2491124784,255,0.003815,0.003265,0.037524,67.0,59.6,0,312.0,3,1,5,3,0,3,0,1,1,1,3,0,DoS,1
415,0.653373,udp,dns,CON,10,8,532.0,141.0,30.597,128,62,518.44,2037.115,2,1,6.819,25.871,0.089,3.352,0,106674225,818932680,0,0.089188,0.008332,0.017052,85.8,7.9,2,47.0,2,0,4,2,3,2,0,0,0,1,4,1,Normal,0
416,0.241485,tcp,http,ECO,8,8,241.0,322.0,194.374,62,62,652.027,914.929,4,3,0.83,35.759,7.039,1.477,0,4100554326,4031533270,0,0.0088,0.008727,0.002165,63.4,33.9,1,521.0,3,3,2,0,2,3,0,0,0,4,6,0,Normal,0
417,0.24908,udp,ssh,ECO,11,9,924.0,989.0,5.843,62,254,358.025,327.768,1,1,6.838,2.289,1.674,1.29,255,2298498789,3518479518,0,0.229389,0.002021,0.004575,12.6,158.4,0,113.0,4,1,2,2,4,0,0,0,0,1,1,0,Normal,0
418,0.017516,udp,dhcp,ECO,28,9,282.0,30.0,123.831,128,62,123.283,1456.708,1,0,1.925,23.147,12.427,9.103,0,1357558648,354237309,0,0.111627,0.004106,0.000676,14.0,189.0,1,265.0,2,2,2,1,4,0,0,1,0,2,4,0,Exploits,1
419,0.080142,tcp,dhcp,FIN,12,11,1070.0,867.0,63.57,62,254,1160.972,111.575,0,0,24.231,9.883,11.852,8.821,255,3520577635,450081233,255,0.061078,0.033445,0.001678,135.6,17.1,0,356.0,4,2,3,3,2,1,0,1,0,3,6,0,Normal,0
420,0.022914,icmp,http,ECO,24,11,3453.0,464.0,0.281,254,62,1340.346,2078.873,0,2,0.384,3.078,4.038,7.526,0,3223830423,1594680668,255,0.021515,0.039326,0.013148,36.1,76.4,1,217.0,1,2,1,1,0,0,0,0,0,1,4,0,Reconnaissance,1
421,0.189421,tcp,ssh,CON,25,5,1063.0,455.0,41.037,254,31,108.041,89.47,1,1,0.566,14.484,3.42,1.654,0,1374046999,3007510486,0,0.051161,0.025289,0.037715,165.7,36.1,0,9.0,1,4,3,0,4,1,0,1,0,1,3,0,Generic,1
422,0.554476,tcp,pop3,FIN,17,11,248.0,808.0,16.878,62,128,53.514,880.079,0,1,8.883,19.63,14.771,6.682,0,3990884296,2578837693,0,0.085634,0.000154,0.065499,2.7,79.7,0,23.0,4,2,1,0,0,1,0,0,0,2,1,0,Normal,0
423,0.06864,icmp,pop3,FIN,8,11,891.0,332.0,4.345,31,31,474.511,1548.463,0,2,26.425,7.204,2.328,0.706,0,3645487248,764302051,0,0.090496,0.005321,0.005894,158.2,190.1,0,18.0,2,2,2,3,3,2,1,0,1,2,0,0,Normal,0
424,0.898936,tcp,smtp,RST,20,4,352.0,45.0,45.728,62,31,745.119,159.488,1,0,5.384,0.293,8.485,1.223,0,1622011136,549735171,0,0.047562,0.004395,0.02531,297.7,76.9,1,115.0,3,1,0,4,1,5,0,0,0,0,2,1,Normal,0
425,0.369824,tcp,http,REQ,36,6,2135.0,69.0,71.531,62,128,18.977,25.647,0,0,40.026,20.235,10.293,10.307,0,325342439,4188082165,255,0.036337,0.018852,0.01509,2.5,60.3,1,174.0,5,1,3,3,3,1,0,1,0,2,0,0,Generic,1
426,0.452847,tcp,dns,REQ,34,12,348.0,505.0,35.348,254,62,1799.443,659.365,0,1,1.233,3.771,3.001,1.201,0,3405958915,3157023997,0,0.017108,0.012587,0.010428,186.2,13.9,3,237.0,1,0,3,2,3,1,0,0,1,3,3,1,Fuzzers,1
427,0.849954,icmp,pop3,ECO,9,9,83.0,599.0,9.459,254,31,494.595,166.46,1,0,4.288,1.278,3.241,9.312,0,2907463206,3134140049,0,0.097246,0.008286,0.00756,91.1,66.4,2,106.0,0,2,3,2,2,4,0,0,0,1,3,0,Normal,0
428,0.339237,tcp,smtp,FIN,29,9,3245.0,0.0,181.877,254,31,302.197,3619.115,0,0,14.674,25.424,3.875,11.862,0,1410431828,3232949379,0,0.131964,0.026742,0.003426,199.8,86.9,0,180.0,2,3,4,6,3,0,0,1,0,3,3,0,Fuzzers,1
429,0.456197,udp,dns,FIN,9,6,22.0,49.0,40.676,254,254,134.209,267.677,0,2,13.399,1.968,1.154,4.385,255,3593150437,3569815773,0,0.075685,0.002073,0.006701,104.1,86.7,0,34.0,2,2,2,2,2,1,0,0,0,0,3,0,Normal,0
430,0.38105,udp,http,ECO,27,3,2320.0,406.0,56.538,62,62,690.575,1527.416,1,1,15.955,12.214,1.582,10.352,0,3963368580,2443420615,0,0.095381,0.024176,0.018881,261.5,9.3,0,77.0,2,1,2,1,3,3,0,0,0,1,2,1,Fuzzers,1
431,0.034134,udp,ssh,REQ,27,9,2720.0,508.0,63.429,31,31,58.398,129.634,1,0,14.691,26.95,2.399,2.422,255,4198511565,418164644,0,0.036704,0.010994,0.003151,71.6,44.5,1,14.0,5,1,0,2,1,2,0,0,0,0,5,0,Reconnaissance,1
432,0.102872,icmp,dns,RST,35,8,2738.0,401.0,2.968,31,254,550.595,745.958,2,3,0.689,0.754,1.945,0.949,255,4078744738,540075549,0,0.197191,0.014655,0.018295,29.5,323.9,0,82.0,6,2,1,5,2,1,0,0,0,1,2,0,Exploits,1
433,0.789647,udp,dns,REQ,32,11,575.0,763.0,63.956,254,62,102.067,58.033,3,1,0.36,10.57,7.798,11.138,0,3192719843,1181933878,255,0.050336,0.005485,0.008594,2.8,249.4,1,126.0,3,0,0,7,3,2,0,1,0,3,3,1,Exploits,1
434,1.723324,tcp,dhcp,FIN,35,10,1485.0,314.0,17.33,31,62,373.427,436.298,0,2,5.479,2.149,9.263,19.266,0,2501053742,3599026642,255,0.001717,0.043942,0.043894,44.9,33.3,0,812.0,2,3,2,1,1,0,0,0,1,0,2,0,Fuzzers,1
435,0.088175,arp,-,REQ,12,12,148.0,1243.0,127.423,62,31,34.239,2501.646,0,3,10.477,4.487,0.707,2.561,0,1192574050,426553518,0,0.074843,0.012775,3.1e-05,35.3,69.3,0,24.0,6,2,1,2,2,2,0,0,0,4,4,0,Normal,0
436,0.261701,tcp,http,ECO,22,8,332.0,452.0,13.443,254,62,682.352,651.997,0,0,27.792,4.102,3.61,0.27,0,3799240727,286399714,0,0.012318,0.002405,0.002709,65.7,71.6,0,549.0,3,2,6,2,0,1,0,0,0,1,5,0,Normal,0
437,0.150275,tcp,dhcp,FIN,8,6,532.0,191.0,47.589,254,62,537.772,528.724,0,0,7.772,6.067,1.36,5.924,0,644655787,4096305121,255,0.081522,0.000856,0.019901,79.1,70.2,1,170.0,6,2,2,2,3,2,0,0,0,3,3,0,Normal,0
438,0.520504,tcp,dhcp,FIN,14,3,17.0,343.0,18.119,128,31,3311.868,131.395,2,1,20.349,6.035,3.497,3.026,255,2056738197,4248288550,255,0.053192,0.081241,0.002799,114.9,67.0,1,82.0,5,2,1,1,1,1,0,0,1,2,3,0,Normal,0
439,0.393702,udp,ftp,INT,22,11,2542.0,564.0,48.507,62,128,48.549,734.308,0,2,7.473,2.25,0.287,3.755,255,1995002352,3621948553,255,0.026574,0.001763,0.014992,147.2,7.9,0,1130.0,2,3,1,3,0,1,0,1,0,1,4,1,Exploits,1
440,0.020477,tcp,dhcp,INT,31,6,1778.0,167.0,20.94,62,254,1774.694,822.815,0,1,16.236,2.915,2.912,7.619,0,4222481184,2293222327,255,0.022855,0.007444,0.004953,143.0,107.0,0,21.0,4,0,4,3,4,3,0,0,0,2,6,0,Generic,1
441,1.71988,tcp,http,REQ,30,9,1042.0,840.0,27.27,254,31,470.604,2064.669,1,1,1.76,4.092,3.544,3.814,0,2421075762,2682120537,0,0.065681,0.03106,0.008751,4.8,132.0,0,38.0,3,2,2,5,1,1,0,1,0,3,3,0,DoS,1
442,1.288386,tcp,-,FIN,11,11,255.0,423.0,31.264,31,62,117.372,23.771,2,0,12.226,7.161,0.739,2.346,255,2667429496,2159966987,0,0.043396,0.018681,0.000672,279.6,63.1,0,58.0,5,3,0,3,3,3,0,0,0,1,5,0,Normal,0
443,0.632261,tcp,ftp,ECO,26,12,3204.0,64.0,216.621,62,254,279.969,1617.403,1,1,3.599,3.128,8.173,0.793,255,1836314688,2493436872,0,0.031454,0.039307,0.028542,154.4,27.2,0,305.0,5,5,1,1,2,2,0,0,0,3,6,0,Exploits,1
444,0.388042,tcp,smtp,FIN,7,10,13.0,253.0,20.395,62,254,356.501,896.846,1,1,13.864,15.52,6.294,0.528,255,2078249241,1465247126,0,0.021132,0.034876,0.004637,56.2,79.2,0,214.0,3,1,4,4,2,2,0,0,0,0,3,1,Normal,0
445,0.169549,udp,-,CON,11,7,629.0,86.0,7.003,62,254,47.442,258.027,0,0,2.965,4.396,2.072,1.532,255,3459908482,3110011203,0,0.014667,0.019089,0.047653,115.7,231.0,0,20.0,4,1,0,2,2,3,0,0,0,1,4,0,Normal,0
446,0.25279,tcp,http,ECO,21,9,1820.0,267.0,5.403,62,31,131.722,12.313,2,1,27.174,19.171,0.999,12.911,255,1361508681,2351065369,0,0.009173,0.000151,0.015875,13.3,10.6,0,496.0,1,3,1,1,2,6,0,1,0,0,3,0,Exploits,1
447,0.200298,tcp,pop3,INT,31,12,731.0,807.0,13.155,31,62,589.322,1098.472,0,0,3.675,10.84,2.445,2.839,255,3830483000,926448224,0,0.020763,0.060694,0.039325,103.3,92.5,0,68.0,0,3,1,3,1,1,0,0,1,0,3,0,Backdoor,1
448,0.255491,tcp,smtp,REQ,31,6,2462.0,356.0,5.666,31,254,476.268,27.582,1,0,0.426,5.531,0.123,4.665,0,1932565003,3767319884,0,0.083513,0.000754,0.004624,30.8,3.5,0,203.0,8,2,0,5,3,4,0,0,0,2,2,0,Generic,1
449,0.036974,tcp,smtp,INT,11,9,667.0,502.0,0.814,254,128,1649.645,1490.912,1,2,0.137,40.405,0.434,6.816,255,1104720706,1035460811,255,0.0389,0.031598,0.001089,161.8,35.5,0,52.0,3,2,1,3,1,1,0,0,0,2,0,1,Normal,0
450,0.936865,udp,dhcp,CON,34,7,1871.0,295.0,275.215,254,62,826.118,1052.348,1,1,6.533,4.251,6.6,0.349,0,888079986,1677252175,255,0.088573,0.005781,0.032903,15.2,183.9,1,272.0,4,1,3,4,2,3,0,0,0,5,4,0,Generic,1
451,0.428559,tcp,http,REQ,7,11,535.0,1299.0,187.716,128,128,1807.442,417.351,1,0,23.071,5.001,8.129,0.817,255,2619617207,627004075,0,0.027774,0.023536,0.012935,120.8,42.0,1,3.0,2,1,0,1,1,1,1,0,1,1,4,0,Normal,0
452,0.287271,tcp,dhcp,RST,26,4,709.0,311.0,89.882,254,62,132.187,1329.648,1,0,16.361,1.105,9.87,0.704,255,298847987,1596266696,255,0.006866,0.007549,0.00846,157.7,37.0,0,700.0,2,2,0,1,3,5,0,0,0,3,6,0,DoS,1
453,0.603827,icmp,ftp,FIN,33,5,853.0,247.0,30.757,254,31,644.707,916.098,1,0,0.754,6.466,16.617,9.445,255,3100171273,2864589264,255,0.078013,0.004651,0.003302,11.2,0.7,0,18.0,2,2,3,1,1,4,1,0,1,2,5,0,Exploits,1
454,0.611862,tcp,dhcp,ECO,11,9,352.0,219.0,47.78,128,62,618.552,382.508,0,0,10.007,28.554,2.302,4.735,0,2670045415,3818436110,0,0.113196,0.000581,0.012294,160.3,157.8,0,699.0,3,0,1,1,1,1,0,0,2,4,4,0,Normal,0
455,0.014442,tcp,pop3,CON,10,7,327.0,184.0,71.851,128,62,433.918,356.775,2,1,26.593,7.717,3.29,13.599,255,2448666013,21351812,255,0.155348,0.087975,0.036181,0.4,49.9,2,71.0,3,1,0,2,2,2,0,1,0,3,0,0,Normal,0
456,0.085631,udp,http,ECO,12,5,495.0,1175.0,139.106,62,31,1260.873,97.418,1,2,13.667,7.053,11.015,9.709,255,811253927,1183927646,0,0.063834,0.003004,0.00767,273.4,42.8,0,32.0,2,0,2,1,6,2,0,0,0,3,7,1,Normal,0
457,0.328961,udp,http,ECO,24,10,8806.0,1552.0,65.354,254,31,1108.468,774.212,2,0,8.652,15.324,0.158,16.396,255,362694105,427889937,255,0.030886,0.005831,0.000501,93.8,31.1,1,208.0,3,2,2,1,2,1,0,0,0,4,1,0,Backdoor,1
458,0.844464,udp,smtp,ECO,12,3,25.0,32.0,7.404,128,254,465.826,1492.178,0,1,0.671,5.822,16.887,0.706,0,293692680,1570330175,255,0.01966,0.042954,0.021856,100.1,91.3,1,278.0,3,3,1,3,3,3,0,0,0,4,1,0,Normal,0
459,0.882711,tcp,smtp,REQ,38,9,1991.0,7.0,0.085,128,128,104.567,3162.992,2,0,3.167,4.137,0.505,2.865,255,545770242,943475550,255,0.038698,0.055976,0.001031,39.9,252.0,0,238.0,4,4,2,1,1,1,0,1,0,2,3,0,Exploits,1
460,0.185135,tcp,http,ECO,27,5,3577.0,438.0,13.831,128,128,1674.23,1297.448,0,2,16.766,2.839,12.169,0.853,255,3463424633,287057988,0,0.009572,0.010551,0.040522,155.9,100.4,1,387.0,2,2,0,2,5,2,0,0,0,2,0,0,Generic,1
461,0.699277,tcp,ftp,ECO,32,8,3657.0,882.0,13.747,128,62,547.078,259.981,4,0,3.264,0.507,3.343,15.967,0,2085558169,2340562165,255,0.001738,0.006266,0.001052,60.7,1.7,0,14.0,3,2,3,5,4,2,0,0,0,2,1,0,Generic,1
462,0.010568,tcp,dhcp,REQ,10,7,412.0,589.0,8.115,254,31,532.54,6.816,2,1,4.381,24.591,0.407,8.005,255,589087981,880734939,0,0.004809,0.003761,0.016324,167.5,63.5,0,54.0,2,2,5,2,1,1,0,2,0,2,5,1,Normal,0
463,0.593369,tcp,pop3,ECO,33,6,5773.0,84.0,44.498,128,31,537.853,7.177,1,1,4.103,0.135,11.568,2.835,0,1052485859,2022931096,255,0.049814,0.016767,0.020223,38.8,243.2,0,48.0,2,0,0,3,0,1,0,0,0,2,0,0,Analysis,1
464,0.29688,ospf,http,INT,13,11,216.0,359.0,16.608,62,31,2058.853,0.936,2,1,5.461,30.298,3.229,7.619,0,931157663,868613399,0,0.014871,0.014507,0.056429,12.4,5.2,1,866.0,4,2,0,1,2,2,0,0,0,0,1,0,Normal,0
465,0.159633,udp,ssh,ECO,35,9,1857.0,1120.0,103.918,62,62,723.609,265.566,0,0,44.628,12.552,3.868,10.468,255,2062916923,3148597227,0,0.009885,0.001961,0.00443,162.5,104.7,0,450.0,2,3,0,0,1,0,0,0,0,4,3,0,Generic,1
466,0.390846,tcp,http,ECO,20,7,1535.0,100.0,1.515,31,62,3133.877,203.162,2,0,5.145,8.632,5.004,5.153,255,870870235,3524034944,255,0.020226,0.020537,0.00622,47.4,35.0,1,398.0,3,2,5,2,1,3,0,0,0,2,4,0,Exploits,1
467,0.451071,tcp,dns,REQ,23,4,248.0,63.0,30.412,128,254,1164.881,742.668,1,1,1.505,6.036,2.796,13.423,0,2984732528,3208507393,0,0.042858,0.002803,0.004487,28.7,95.0,0,120.0,3,0,2,3,3,2,0,1,0,4,0,0,Generic,1
468,1.400704,udp,-,FIN,33,8,1360.0,229.0,66.996,128,254,424.198,2605.756,0,1,3.563,4.988,19.086,3.847,0,3449046274,4193460902,0,0.030937,0.003909,0.052323,10.5,20.1,2,796.0,2,0,2,1,2,2,0,0,0,0,2,0,Analysis,1
469,1.713001,tcp,ssh,CON,11,7,13.0,206.0,21.914,62,254,3687.819,1028.015,1,1,22.438,8.697,1.843,0.13,255,456625819,3339563410,255,0.077688,0.010253,0.029763,122.8,50.6,2,64.0,3,0,1,2,1,2,0,0,0,3,2,1,Normal,0
470,0.280574,tcp,http,CON,8,3,136.0,939.0,12.659,128,31,1057.956,1378.14,0,1,5.632,1.735,0.085,0.492,0,198030987,408783221,0,0.037969,0.00097,0.008043,4.7,177.7,1,208.0,2,1,0,3,3,0,0,0,0,0,4,0,Normal,0
471,0.867451,tcp,http,REQ,10,8,727.0,301.0,8.914,62,62,1274.868,420.796,1,0,1.368,4.623,3.894,2.715,0,538820203,1110642492,0,0.042584,0.002189,0.071075,117.4,5.1,2,626.0,5,1,2,2,1,2,1,0,0,3,2,0,Normal,0
472,0.253887,udp,http,INT,11,3,1348.0,629.0,10.067,254,62,1296.338,84.252,0,1,12.869,5.246,3.39,5.791,0,3882216613,1314283372,255,0.011302,0.005324,0.007599,69.4,224.2,0,93.0,3,2,2,5,0,2,0,1,0,1,6,0,Normal,0
473,0.481188,udp,http,RST,7,7,80.0,536.0,71.708,128,128,1970.592,35.422,0,0,14.834,3.759,0.015,2.969,255,2559198565,2855103077,0,0.005915,0.012573,0.001189,68.2,41.7,1,328.0,1,0,3,1,4,2,0,0,0,2,3,0,Normal,0
474,0.120988,tcp,-,CON,6,3,274.0,20.0,50.225,31,62,802.532,377.107,0,2,11.613,22.751,1.693,0.482,255,4060336710,606100579,255,0.000994,0.007257,0.016608,234.8,119.6,0,24.0,0,1,3,3,0,1,0,0,1,1,5,0,Normal,0
475,0.07706,tcp,smtp,FIN,8,7,73.0,285.0,105.126,254,62,315.268,86.849,3,1,0.557,12.25,9.256,0.012,255,643899227,546037755,0,0.239065,0.003541,0.023391,424.5,25.2,1,364.0,1,3,2,2,5,1,0,0,1,0,3,0,Normal,0
476,0.384863,udp,pop3,REQ,10,8,595.0,340.0,21.859,62,31,178.853,3944.872,0,1,6.314,0.212,4.264,4.019,0,1889977190,3104606785,255,0.009015,0.029188,0.011616,240.4,94.3,1,410.0,2,2,1,0,3,2,0,2,0,1,9,0,Normal,0
477,0.19529,tcp,ftp,FIN,3,3,1126.0,494.0,45.067,254,31,1832.5,1119.195,1,2,10.133,10.398,21.05,12.888,255,781964741,1407095795,0,0.030327,0.01652,0.025159,14.7,109.9,0,284.0,7,2,0,4,1,5,0,0,0,1,2,0,Normal,0
478,0.172828,udp,pop3,ECO,31,9,3913.0,172.0,20.631,62,31,663.763,1377.136,0,3,33.75,12.094,5.976,2.008,255,1307862055,1926853522,255,0.000654,0.000816,0.001015,222.8,143.6,0,276.0,5,0,0,0,1,2,1,0,0,1,3,1,Generic,1
479,0.031724,tcp,smtp,FIN,33,7,282.0,503.0,7.75,31,128,2222.898,988.796,1,1,5.063,1.624,1.207,4.795,255,871029524,2425541589,0,0.033739,0.017227,0.007791,157.7,202.1,1,26.0,5,3,0,2,3,3,0,1,0,3,4,0,Generic,1
480,0.066458,udp,ftp,INT,8,11,200.0,483.0,94.406,254,31,444.949,268.281,0,1,7.647,5.589,1.581,2.112,255,2914451895,1651808063,255,0.068071,0.009871,0.010668,149.7,20.4,1,1.0,5,3,1,2,1,1,0,0,0,3,3,0,Normal,0
481,0.548228,icmp,-,ECO,11,6,164.0,175.0,31.504,62,254,146.196,261.465,0,0,4.363,5.722,6.847,12.588,255,2658351855,2232897676,0,0.035299,0.048839,0.019381,108.0,5.0,1,42.0,4,3,0,2,3,2,0,0,1,3,2,1,Normal,0
482,0.544923,udp,pop3,REQ,8,11,609.0,53.0,11.229,128,62,920.08,361.62,0,0,2.305,11.385,3.515,3.713,0,3839981934,3454760783,255,0.157002,0.034519,0.011378,5.7,0.8,3,181.0,1,6,2,2,3,2,0,0,0,5,0,0,Normal,0
483,0.31378,tcp,-,RST,39,9,195.0,125.0,40.999,62,254,485.024,129.442,2,0,10.183,13.998,2.011,9.343,255,1249106878,1230785974,0,0.064965,0.016986,0.019403,31.9,48.1,0,124.0,4,1,3,1,5,2,0,0,1,1,3,0,Generic,1
484,0.427798,udp,dns,INT,8,6,198.0,120.0,31.099,31,128,631.234,636.137,2,0,23.228,9.152,18.387,4.042,255,760970595,2718324311,0,0.023262,0.053018,0.005926,107.8,182.0,0,47.0,3,4,1,1,3,2,0,0,2,2,0,0,Normal,0
485,0.025346,tcp,-,RST,12,7,410.0,73.0,89.437,62,62,82.047,724.138,2,2,5.873,6.857,1.036,12.069,0,496685492,1913210711,0,0.023385,0.00102,0.002805,7.5,0.3,0,93.0,3,1,1,0,1,2,0,0,0,0,1,0,Normal,0
486,0.839788,tcp,pop3,RST,12,9,183.0,856.0,69.462,31,31,137.297,115.185,1,0,12.618,45.195,2.255,12.411,255,1257185841,2129920331,255,0.012142,0.003518,0.017119,196.4,27.2,1,388.0,5,2,0,3,3,1,0,0,0,2,4,0,Normal,0
487,0.424595,tcp,dhcp,REQ,13,8,1020.0,407.0,38.788,254,31,443.932,458.154,0,1,1.043,16.717,0.666,3.6,255,849619709,2510908421,0,0.078789,0.013161,0.03585,20.1,11.6,0,214.0,5,2,3,4,1,4,0,0,2,2,1,0,Normal,0
488,0.568106,icmp,ftp,FIN,17,8,910.0,290.0,27.139,128,62,100.637,1124.272,0,2,16.682,3.308,1.071,2.963,0,763308490,533811618,255,0.030784,0.025946,0.021923,56.4,29.1,1,171.0,3,1,1,1,3,1,0,1,0,5,4,0,Normal,0
489,0.089749,tcp,ftp,ECO,34,7,6453.0,812.0,99.312,62,254,1069.99,18.309,1,2,16.965,3.888,2.384,27.048,0,364311312,1594548419,0,0.071396,0.022151,0.013467,56.6,7.7,0,35.0,8,1,2,1,2,2,0,0,0,5,6,0,Generic,1
490,0.521812,icmp,smtp,FIN,22,3,1293.0,196.0,44.141,254,254,483.027,604.714,1,1,13.652,12.946,0.456,0.158,0,699232921,1592860011,255,0.004195,0.013417,0.040356,67.3,47.6,0,284.0,6,3,3,2,1,1,0,0,0,3,1,0,Generic,1
491,0.532016,tcp,smtp,INT,36,6,2177.0,504.0,29.857,254,31,475.727,645.186,2,3,0.185,0.33,3.128,0.963,0,3856131621,1784813206,0,0.138707,0.002668,0.005493,266.7,101.0,0,368.0,5,3,1,3,1,2,0,1,0,1,7,0,Exploits,1
492,0.196772,tcp,dns,REQ,37,9,1668.0,233.0,76.074,31,62,92.888,1541.134,2,0,17.069,21.771,2.428,0.948,0,1530316754,150226012,0,0.003869,0.003787,0.00669,9.0,68.7,0,476.0,4,1,3,1,4,1,0,1,0,2,1,0,Generic,1
493,1.724281,tcp,ftp,RST,21,14,1334.0,109.0,22.454,31,62,224.942,1165.704,1,1,2.181,4.466,9.713,5.372,255,2774855733,1198053822,0,0.079803,0.057918,0.055132,161.3,6.9,0,28.0,3,0,1,0,1,1,0,0,0,5,3,0,Generic,1
494,0.197581,udp,http,REQ,10,4,1163.0,653.0,22.525,62,254,5.045,646.398,2,0,19.137,11.904,7.924,3.402,0,653464926,1146580215,0,0.060456,0.044587,0.009308,449.9,155.6,0,206.0,2,3,0,1,0,1,0,0,0,2,2,0,Normal,0
495,1.099795,tcp,ftp,INT,32,11,3629.0,8.0,23.064,254,254,3823.062,371.636,1,1,7.602,6.778,0.75,3.902,0,1418405157,4019845925,255,0.043608,0.028769,0.002598,110.1,81.3,0,8.0,2,2,1,1,3,2,0,0,1,5,7,0,Exploits,1
496,0.839363,tcp,smtp,INT,11,10,121.0,80.0,29.515,62,254,1135.477,204.475,2,2,14.896,15.704,2.72,19.207,255,3804815847,3933108051,0,0.001912,0.0244,0.016079,0.8,17.3,0,95.0,5,0,2,4,7,3,0,0,0,0,3,0,Normal,0
497,1.161042,tcp,ssh,ECO,9,4,979.0,57.0,178.289,31,254,2300.885,848.708,1,1,2.431,15.521,0.892,1.969,0,4043143840,1328993738,0,0.041879,0.004278,0.008302,362.0,0.3,1,257.0,2,1,3,1,0,2,0,0,0,1,4,0,Normal,0
498,0.288885,tcp,pop3,INT,22,7,402.0,485.0,6.245,128,31,362.312,3.005,0,1,10.897,21.455,2.801,8.779,0,4041317440,1293347716,255,0.050487,0.010032,0.02592,151.0,93.8,1,82.0,4,0,2,3,3,4,0,0,1,2,6,0,Generic,1
499,0.10739,tcp,smtp,ECO,16,13,620.0,172.0,4.909,254,62,1095.392,1756.884,1,2,0.827,11.788,9.188,3.723,255,2642588477,872873604,255,0.011933,0.038862,0.014689,131.2,130.0,0,258.0,3,2,1,5,2,1,0,0,0,3,2,0,Normal,0
500,0.089388,tcp,pop3,FIN,10,12,392.0,597.0,17.448,62,62,1736.166,688.868,1,1,8.186,43.684,0.215,0.511,0,1771414532,2656661511,255,0.012501,0.014019,0.052474,122.1,144.6,1,116.0,3,2,1,3,3,1,0,0,0,2,3,0,Normal,0
501,0.675916,tcp,smtp,REQ,28,16,564.0,753.0,59.653,128,62,913.879,2473.127,1,1,12.075,16.392,3.267,22.718,0,1091190475,713465696,0,0.068587,0.006091,0.035477,3.3,50.1,1,48.0,2,1,4,2,7,2,0,0,1,3,6,0,Exploits,1
502,0.37121,ospf,ftp,RST,32,11,621.0,115.0,114.899,128,128,862.814,136.995,1,1,1.189,5.484,2.808,1.974,255,2720581668,3330750560,255,0.050462,0.019413,0.021938,125.6,166.8,0,177.0,3,1,3,2,2,4,0,0,0,1,3,0,DoS,1
503,0.296561,tcp,ftp,RST,37,7,4666.0,38.0,109.217,62,254,4435.982,658.964,0,3,9.553,0.282,0.088,19.735,255,1594379685,3879037053,255,0.044546,0.004567,0.02628,78.1,43.9,1,14.0,3,2,2,6,1,2,0,0,2,3,0,1,Reconnaissance,1
504,0.26862,tcp,smtp,INT,10,5,880.0,561.0,88.656,62,254,1494.668,1043.701,3,1,25.544,0.842,7.477,1.345,255,3069130580,1454493654,0,0.054829,0.020248,0.025384,94.4,39.9,2,129.0,4,2,2,3,0,3,0,0,0,2,3,0,Normal,0
505,0.019366,tcp,ftp,RST,15,6,1796.0,183.0,7.472,62,31,829.342,1118.872,4,1,6.088,5.926,13.932,2.655,0,1241421746,2077778842,255,0.011044,0.023314,0.007164,11.1,35.9,0,749.0,3,0,4,1,0,5,0,0,0,1,2,0,Normal,0
506,0.209798,tcp,pop3,INT,25,11,2556.0,706.0,27.64,31,31,285.546,1944.968,1,1,56.991,4.543,11.481,4.91,255,3028112526,626254012,255,0.041437,0.005245,0.016057,244.2,39.0,0,7.0,3,1,1,2,2,2,0,1,0,0,4,0,Fuzzers,1
507,1.27093,udp,http,REQ,5,8,97.0,2.0,129.959,128,62,264.595,389.562,3,1,7.187,15.384,1.718,3.993,0,2977477100,544538097,0,0.131245,0.022773,0.001323,165.9,62.7,1,175.0,3,1,0,0,0,4,0,0,0,1,1,0,Normal,0
508,0.485948,tcp,-,ECO,36,7,2670.0,305.0,0.773,62,31,1160.141,995.628,0,0,5.526,9.168,4.011,1.221,255,2916062209,875855515,255,0.015626,0.013577,0.018,48.6,85.4,0,525.0,3,3,2,1,1,2,0,0,0,1,0,0,Fuzzers,1
509,0.118996,tcp,dns,RST,11,5,697.0,650.0,12.981,62,254,1990.698,914.479,0,1,6.498,12.102,9.254,0.903,0,334435748,3652801578,0,0.037486,0.003905,0.071372,9.6,54.1,0,73.0,3,1,0,0,1,1,1,0,0,1,4,0,Normal,0
510,0.87447,udp,-,RST,13,9,560.0,105.0,3.585,254,128,2560.304,593.553,1,0,6.547,4.334,0.874,3.059,0,1463852078,2358859385,0,0.014301,0.080072,0.03147,27.6,43.0,0,3.0,4,1,3,2,4,4,0,0,1,2,3,0,Normal,0
511,0.551943,tcp,http,ECO,13,8,994.0,1037.0,18.601,62,62,886.481,432.147,1,1,2.715,2.345,4.588,3.236,0,4129229040,1446514762,0,0.026211,0.032892,0.008795,22.1,55.5,1,260.0,2,1,3,3,1,3,0,0,0,4,5,0,Normal,0
512,1.526385,icmp,dns,CON,26,12,445.0,180.0,127.254,31,128,3535.074,218.846,2,0,14.623,7.486,0.305,0.783,0,1865677278,255041880,0,0.069644,0.004242,0.003122,149.7,6.9,0,31.0,2,2,4,1,2,3,0,0,0,1,1,0,Fuzzers,1
513,0.162329,arp,-,REQ,11,9,173.0,82.0,134.265,31,128,418.062,1943.439,0,1,1.716,3.067,0.786,1.866,0,634479994,744823168,255,0.035894,0.011321,0.010428,87.2,155.2,1,647.0,3,1,0,3,1,0,0,0,1,3,6,0,Normal,0
514,0.122083,tcp,http,REQ,11,10,257.0,355.0,4.597,31,128,1719.833,139.984,1,1,0.546,5.608,1.684,4.548,255,287948050,511493023,0,0.041215,0.013904,0.062605,78.6,34.1,1,447.0,3,1,3,2,3,1,0,0,2,3,3,1,Normal,0
515,1.097101,tcp,smtp,RST,9,12,3.0,531.0,16.818,62,62,4478.264,348.419,1,0,10.354,1.264,2.053,16.978,0,3734175152,112178297,0,0.096828,0.003211,0.043011,80.7,51.2,1,462.0,1,1,1,2,1,2,0,1,0,0,2,0,Normal,0
516,0.258941,tcp,ftp,FIN,10,7,294.0,134.0,67.567,254,254,401.247,347.095,2,0,25.102,2.17,8.351,2.278,0,1682351756,4133147431,255,0.042074,0.024427,0.040676,13.0,45.5,0,121.0,1,1,1,2,3,3,0,0,1,2,0,0,Normal,0
517,0.206209,tcp,dhcp,RST,11,8,162.0,1481.0,32.191,62,31,4.752,785.857,2,0,34.983,2.249,0.684,2.825,0,1340620435,3498452260,255,0.019602,0.020519,0.077357,66.8,149.9,0,48.0,3,1,2,0,0,2,0,0,1,1,2,0,Normal,0
518,0.585167,tcp,-,CON,38,9,579.0,315.0,1.96,62,62,107.867,574.446,1,0,0.344,6.426,2.643,1.346,255,1335403035,2412958469,255,0.010427,0.001456,0.016235,19.4,132.1,2,293.0,6,4,7,2,1,3,0,0,0,2,4,0,Exploits,1
519,0.220101,tcp,ssh,INT,16,6,159.0,575.0,37.345,254,31,197.148,1772.734,1,1,31.471,19.654,11.458,6.075,255,1646663838,3952037987,0,0.075878,0.060298,0.025236,48.9,60.7,1,13.0,1,1,3,2,1,2,0,1,0,1,7,0,Normal,0
520,0.116386,tcp,smtp,RST,30,8,1082.0,599.0,12.477,128,128,1693.441,79.229,0,1,3.777,10.161,2.137,11.648,255,2594853359,1030365792,0,0.011955,0.038405,0.004978,34.0,64.8,0,120.0,3,1,1,1,2,0,0,0,0,3,3,1,Fuzzers,1
521,0.630725,tcp,ssh,CON,31,6,1361.0,427.0,147.675,62,254,469.002,922.133,1,5,3.913,2.264,0.643,8.124,0,1362316266,3272945277,0,0.214649,0.001222,0.00659,5.7,86.0,0,357.0,3,2,1,3,4,3,0,0,1,1,3,0,DoS,1
522,0.411165,tcp,ssh,FIN,6,10,802.0,293.0,299.628,62,128,392.222,25.496,1,2,9.787,1.415,0.866,2.428,255,3798996923,1161024543,0,0.000121,0.006282,0.010011,10.1,19.6,2,103.0,3,3,1,1,2,3,0,0,0,3,5,0,Normal,0
523,0.077002,ospf,-,RST,12,6,199.0,251.0,6.829,31,254,2699.478,233.666,0,2,0.64,3.65,1.232,2.903,0,574231313,1631337238,0,0.006763,0.010738,0.022592,39.5,6.6,0,150.0,5,5,2,0,1,0,0,0,0,2,4,0,Normal,0
524,0.607561,icmp,pop3,CON,24,12,2132.0,15.0,8.702,31,128,1471.125,350.784,0,1,16.864,9.518,0.934,8.264,0,1222635140,4277469632,0,0.006987,0.025778,0.000213,66.6,60.3,2,202.0,1,1,2,3,4,2,0,0,0,1,0,1,Generic,1
525,0.08157,tcp,ftp,RST,17,7,231.0,67.0,52.092,128,128,592.631,468.139,0,1,0.723,9.494,6.963,5.0,0,3635120554,330377178,255,0.005304,0.006352,0.014618,81.5,141.5,3,797.0,3,2,4,5,1,5,0,0,1,3,4,0,Normal,0
526,0.022584,udp,ssh,ECO,8,5,34.0,718.0,19.598,62,31,789.023,115.449,0,1,3.417,10.339,3.015,4.355,0,2525079755,2262329088,0,0.052084,0.011841,0.01276,61.8,139.9,0,435.0,2,1,0,2,3,0,0,0,0,2,3,0,Normal,0
527,0.49119,tcp,ftp,INT,31,5,1093.0,386.0,68.027,31,254,238.646,460.514,0,0,0.7,13.17,15.321,15.075,255,2441192425,1185070756,0,0.016209,0.023171,0.070396,12.2,88.3,0,94.0,6,1,2,2,6,5,0,0,0,5,3,0,Analysis,1
528,0.122309,udp,dns,RST,23,12,2102.0,20.0,34.657,254,128,238.645,2667.376,0,0,0.676,15.636,1.212,0.001,0,4143649185,506269491,255,0.020282,0.019313,0.014007,170.8,84.9,0,39.0,3,2,1,3,3,4,0,0,0,4,2,0,Worms,1
529,0.430861,tcp,ssh,CON,31,5,4058.0,144.0,127.196,254,254,93.782,858.69,0,0,5.295,47.152,1.633,5.563,0,3139222097,669993036,255,0.089092,0.005728,0.061216,84.9,137.3,1,64.0,6,4,2,1,2,1,0,1,2,1,2,0,Exploits,1
530,3.174446,icmp,dhcp,ECO,9,8,1544.0,326.0,9.943,31,62,161.606,586.249,0,1,1.952,1.859,2.752,0.333,255,2043699455,890250352,255,0.00117,0.000473,0.024824,129.2,137.4,0,516.0,3,1,1,1,0,0,0,0,0,3,3,0,Normal,0
531,1.503066,tcp,dhcp,CON,28,9,888.0,513.0,100.778,254,128,1229.199,203.923,1,1,17.686,12.025,10.664,2.418,0,3442924807,3720966393,0,0.010816,0.022362,0.028009,94.9,56.4,0,199.0,4,2,2,5,2,3,0,0,0,2,5,0,Generic,1
532,0.134773,tcp,ssh,ECO,24,11,233.0,33.0,37.087,62,62,417.881,231.617,1,0,20.012,1.616,0.882,1.62,0,1719614902,3271392524,255,0.020474,0.004067,0.030839,258.1,138.9,0,55.0,4,1,3,2,0,2,0,0,0,4,2,0,Exploits,1
533,0.178137,ospf,smtp,RST,14,11,314.0,1272.0,126.723,31,254,1837.205,230.139,2,2,3.708,1.955,7.243,6.663,255,2948513371,3905037025,0,0.007551,0.006648,0.008847,24.0,32.2,1,406.0,5,0,2,0,3,2,0,0,0,2,4,0,Normal,0
534,0.592318,tcp,smtp,CON,32,12,258.0,286.0,80.964,31,128,532.352,202.057,0,0,8.417,3.605,0.801,12.445,255,2376698994,2883245892,0,0.069022,0.035417,0.042338,14.5,36.0,0,51.0,3,1,4,2,1,3,0,0,0,2,1,0,Generic,1
535,0.002488,tcp,dhcp,RST,7,10,348.0,350.0,230.027,62,128,581.328,1455.631,1,1,12.13,1.985,4.019,2.297,255,422440567,1038843986,0,0.017165,0.056266,0.007966,30.3,251.0,0,151.0,3,2,2,2,2,2,0,0,0,2,2,0,Normal,0
536,0.433993,udp,http,REQ,6,8,960.0,331.0,40.421,62,62,44.929,1497.632,2,0,7.157,9.275,2.072,0.066,0,3893745086,2015925656,0,0.063054,0.030799,0.03456,59.5,56.0,0,226.0,3,1,2,2,0,0,0,1,0,1,5,0,Normal,0
537,0.153919,udp,dhcp,RST,10,9,249.0,16.0,95.546,128,62,1336.731,1440.04,2,2,5.086,1.774,5.812,3.914,255,2605453229,3688579797,255,0.133028,0.005748,0.032959,170.1,41.4,0,157.0,3,1,1,3,2,3,0,0,0,1,2,0,Normal,0
538,0.49577,udp,ssh,INT,11,5,149.0,51.0,69.034,31,128,3459.771,1033.801,1,0,3.907,6.653,11.358,3.498,0,280256788,1345478660,0,0.060139,0.018032,0.028766,236.9,86.9,0,94.0,1,3,5,0,1,3,0,0,0,1,2,0,Normal,0
539,0.568564,udp,smtp,CON,11,8,93.0,71.0,20.867,62,128,1115.642,2441.863,4,0,16.275,7.273,0.558,8.381,0,1103257019,1082508996,255,0.01128,0.057307,0.023977,19.0,36.1,0,216.0,2,2,4,3,1,3,0,0,0,4,3,0,Normal,0
540,0.543331,udp,smtp,RST,29,8,2557.0,42.0,52.647,31,62,702.189,1100.993,1,4,6.833,7.701,5.484,4.865,0,2389320067,3107510065,255,0.073602,0.035675,0.014964,35.6,0.7,1,263.0,4,4,2,0,1,2,0,0,0,1,3,1,Fuzzers,1
541,0.02439,tcp,pop3,FIN,33,6,3401.0,269.0,40.887,62,62,93.864,796.643,0,0,20.85,5.208,6.657,0.487,0,2604739816,1730289794,255,0.11971,0.054114,0.039464,110.3,34.0,1,166.0,3,2,2,2,4,1,1,0,0,5,5,1,Shellcode,1
542,0.06684,udp,ssh,INT,28,5,2746.0,253.0,22.42,31,31,996.679,228.468,1,1,21.347,15.568,8.019,0.445,0,1175118330,1017057525,255,0.005543,0.023763,0.005975,59.7,140.5,1,467.0,4,0,3,2,3,2,0,0,0,2,4,0,Generic,1
543,1.02291,udp,-,FIN,34,9,1277.0,203.0,24.043,62,31,563.095,588.837,0,1,3.71,3.6,0.681,0.841,0,263906433,4267996875,0,0.248924,0.023412,0.000772,36.1,151.7,2,145.0,3,1,2,3,1,4,0,0,1,1,1,0,Fuzzers,1
544,0.075085,icmp,pop3,FIN,35,11,518.0,755.0,58.383,128,62,523.483,367.509,3,1,12.185,2.737,5.705,11.842,255,3872350636,1589704418,255,0.018235,0.059167,0.002603,36.6,4.2,1,14.0,2,3,3,2,1,1,0,0,0,1,2,0,Shellcode,1
545,0.318624,tcp,ssh,FIN,12,9,173.0,73.0,18.796,254,254,1922.073,4019.392,2,2,11.9,0.646,2.708,3.897,255,2584829647,1798485476,255,0.051378,0.007925,0.011202,93.0,115.7,0,306.0,2,1,3,1,2,0,0,1,1,4,2,0,Normal,0
546,0.91085,tcp,dhcp,FIN,5,8,125.0,251.0,31.146,254,31,1049.433,1331.981,1,3,30.023,0.718,12.249,2.332,0,790057925,3848917206,0,0.027297,0.054673,0.010988,296.3,254.3,0,22.0,1,0,5,2,1,1,0,0,0,5,4,1,Normal,0
547,0.011012,udp,dhcp,ECO,15,11,229.0,618.0,38.783,31,254,4647.657,1250.209,2,0,11.237,8.193,2.409,3.541,0,3436018984,3792135084,255,0.046699,0.014791,0.001366,4.2,87.7,0,145.0,4,1,2,2,2,1,0,0,0,1,5,0,Normal,0
548,0.107189,tcp,dhcp,RST,6,4,608.0,572.0,40.935,254,128,2124.785,603.999,0,2,5.945,2.092,0.299,1.421,0,1542423054,1237878368,0,0.005847,0.030263,0.040888,78.9,70.2,1,178.0,5,3,0,3,0,1,0,0,0,1,3,0,Normal,0
549,0.5402,tcp,-,ECO,30,5,3752.0,1018.0,58.849,31,62,1567.864,521.846,1,0,28.885,4.699,0.546,2.214,255,749017515,3255203010,0,0.004234,0.012768,0.000616,8.8,22.1,0,165.0,0,2,1,5,2,1,0,0,1,3,3,0,Exploits,1
550,0.06631,udp,ssh,FIN,6,10,244.0,375.0,23.75,254,31,364.002,1282.616,1,1,1.079,4.375,5.41,10.584,255,809279265,2143778296,255,0.031514,0.002665,0.022542,258.8,156.2,0,121.0,1,4,2,2,4,1,0,0,0,3,5,0,Normal,0
551,0.402591,tcp,dhcp,ECO,4,12,20.0,744.0,19.659,254,254,468.597,408.637,4,2,6.122,2.009,3.807,27.629,0,715920940,3478552638,0,0.036154,0.008472,0.016182,21.5,106.9,1,183.0,2,0,1,2,2,2,0,0,0,1,3,0,Normal,0
552,0.894449,tcp,dhcp,REQ,14,9,1436.0,115.0,87.438,31,128,259.372,388.767,0,1,5.374,12.363,8.042,16.898,0,1148242031,716050522,255,0.041536,0.008312,0.004838,25.4,121.6,1,44.0,3,2,2,3,0,4,0,0,0,1,1,0,Normal,0
553,0.443106,tcp,smtp,RST,12,11,183.0,436.0,39.598,128,62,177.353,1292.079,3,3,17.99,3.761,1.635,3.744,0,416835773,1060374009,0,0.011574,0.023511,0.009024,91.7,34.5,0,160.0,2,1,4,1,3,0,0,0,0,2,7,0,Normal,0
554,0.981183,tcp,dhcp,ECO,29,4,729.0,91.0,31.647,62,62,248.394,1132.677,0,1,0.294,8.258,2.02,0.758,0,4115266480,50595275,255,0.052216,0.02006,0.024555,61.1,36.9,0,254.0,2,3,4,0,1,1,0,0,0,3,5,0,Reconnaissance,1
555,0.180883,udp,dhcp,CON,8,9,997.0,951.0,44.98,254,254,3.627,21.89,0,1,14.216,22.115,3.832,2.205,0,339659,1999101307,0,0.144186,0.00242,0.0184,33.3,77.9,0,765.0,2,4,3,3,2,4,0,0,1,1,4,0,Normal,0
556,0.636036,tcp,-,RST,15,10,705.0,200.0,19.836,128,254,548.932,454.143,2,3,0.481,5.671,1.866,13.138,0,364945285,1792622607,0,0.006708,0.028455,0.017548,72.7,84.5,1,306.0,6,1,2,2,2,0,0,0,2,2,2,0,Normal,0
557,0.943228,tcp,dhcp,REQ,16,7,247.0,1047.0,70.231,62,128,442.655,473.182,1,3,17.203,1.409,4.498,0.208,255,1071142335,2382497466,255,0.166475,0.011698,0.010733,31.2,35.6,0,3.0,1,3,3,3,3,3,0,0,3,2,2,0,Normal,0
558,0.160416,tcp,ssh,INT,4,10,1257.0,147.0,42.476,62,128,803.55,737.573,1,2,9.766,5.122,8.796,4.692,255,2426198244,667503835,255,0.097602,0.023389,0.016561,132.5,31.2,1,75.0,0,2,2,5,3,2,0,0,0,8,6,0,Normal,0
559,0.940244,tcp,smtp,INT,26,9,1991.0,1191.0,7.305,62,31,197.672,1.407,2,2,7.216,1.703,8.252,7.244,0,1777262621,2547578347,255,0.05287,0.002781,0.018678,24.9,87.3,1,302.0,5,3,4,3,2,1,0,0,0,3,1,0,Generic,1
560,0.050345,tcp,http,CON,9,5,57.0,96.0,30.129,62,128,2927.012,1631.684,0,0,6.321,9.891,16.945,2.372,0,27738427,3360178945,255,0.027528,0.030195,0.042631,22.9,0.6,0,43.0,1,1,2,2,1,2,0,1,0,2,3,0,Normal,0
561,0.427254,tcp,dhcp,CON,10,12,1476.0,243.0,96.403,62,62,1593.868,150.936,1,4,1.13,1.466,5.234,7.58,0,1664263908,3558133550,255,0.023063,0.006558,0.041839,43.1,75.0,1,174.0,1,1,3,3,4,3,0,0,0,2,2,0,Normal,0
562,0.084343,tcp,ftp,ECO,7,7,611.0,30.0,48.959,31,62,417.941,108.556,0,0,2.272,2.184,6.877,1.181,0,1887763101,485003337,255,0.159134,0.015683,0.004689,37.7,58.4,3,119.0,2,2,2,1,2,3,0,1,1,1,3,0,Normal,0
563,0.609746,tcp,dns,RST,35,3,2089.0,508.0,79.994,31,128,553.616,746.284,0,0,10.324,22.784,8.449,1.808,255,3241108011,3286692397,0,0.029895,0.001981,0.004685,130.5,174.5,0,54.0,2,1,0,1,0,1,0,0,0,1,2,0,Fuzzers,1
564,0.388172,tcp,ftp,REQ,36,10,5584.0,1.0,8.809,31,128,1224.853,1042.81,0,0,12.088,19.427,2.937,5.487,0,925672738,3861124835,0,0.108295,0.008045,0.024198,22.9,116.5,1,22.0,2,3,2,2,0,5,0,0,0,0,5,0,Generic,1
565,0.559969,tcp,dhcp,RST,25,15,849.0,595.0,33.22,31,254,25.101,554.167,1,2,4.293,2.17,6.523,12.707,255,2246208394,1039749130,0,0.016436,0.013584,0.002119,42.8,28.3,0,195.0,2,4,2,1,1,2,0,0,0,2,2,0,Generic,1
566,0.844348,tcp,dns,INT,26,9,738.0,594.0,54.52,254,31,372.217,26.358,0,1,10.988,20.706,3.84,6.303,255,3738506114,2931239217,255,0.057808,0.008233,0.002411,29.0,6.9,0,19.0,5,1,3,0,0,2,0,0,0,0,1,0,Generic,1
567,0.344303,tcp,-,CON,23,7,3472.0,271.0,8.36,31,128,1943.926,309.365,2,0,29.18,17.416,6.366,14.144,0,4170974422,4033190426,0,0.007429,0.002929,0.000517,128.7,65.4,1,123.0,1,3,1,3,5,2,0,0,0,0,1,0,Exploits,1
568,0.131008,tcp,-,ECO,7,12,647.0,6.0,3.65,62,62,237.304,221.186,1,0,1.585,45.261,1.364,1.857,255,747222669,247188986,255,0.032269,0.001391,0.064705,70.4,80.7,0,300.0,1,0,4,1,1,1,1,0,0,4,3,0,Normal,0
569,0.967397,tcp,dhcp,ECO,11,5,302.0,678.0,20.733,254,62,1706.031,233.611,1,0,4.019,19.697,1.002,4.862,0,1761286601,3500156365,0,0.074958,0.082566,0.017866,158.5,8.0,1,289.0,3,2,1,0,3,3,0,0,0,3,3,0,Normal,0
570,1.380011,tcp,http,CON,8,8,10.0,1050.0,7.582,128,254,180.466,403.632,2,3,19.722,14.264,8.438,2.574,0,1806992078,1293155005,255,0.028206,0.01092,0.004014,26.7,15.7,1,171.0,1,2,3,1,1,2,0,0,0,0,4,0,Normal,0
571,0.982018,udp,pop3,RST,8,9,370.0,117.0,31.856,62,62,502.546,383.254,1,0,1.039,1.487,10.796,7.998,255,3953704063,4011646761,0,0.086792,0.008546,0.010862,57.3,74.6,0,110.0,3,3,4,2,1,1,0,1,0,3,3,0,Normal,0
572,0.072949,tcp,-,INT,31,6,3779.0,201.0,46.454,31,128,1444.658,1981.669,1,0,2.136,14.85,7.278,2.405,0,3873940654,944717144,0,0.026445,0.005544,0.015994,191.3,62.8,0,256.0,1,2,3,0,2,4,0,0,0,3,5,0,Fuzzers,1
573,0.785852,udp,dhcp,RST,7,12,328.0,257.0,35.149,128,128,13.524,1273.117,1,2,12.139,27.954,2.362,0.678,255,3452951060,1827000365,255,0.00917,0.056996,0.032055,7.3,18.0,1,45.0,6,3,0,0,1,1,0,0,0,2,4,1,Normal,0
574,0.513802,udp,ssh,FIN,23,6,1764.0,29.0,131.42,62,128,591.825,1005.317,1,0,1.855,6.106,3.279,11.574,0,1944606267,4276798747,0,0.12845,0.019896,0.015135,112.5,231.1,1,71.0,5,0,3,0,0,0,0,1,0,1,0,0,Exploits,1
575,0.27698,tcp,http,INT,22,6,498.0,277.0,112.36,254,62,2677.123,528.982,3,0,11.217,10.957,3.391,0.071,255,1940733466,2591642304,255,0.021875,0.008829,0.021436,29.3,129.2,0,59.0,1,4,0,1,2,3,0,0,0,1,1,0,DoS,1
576,0.062904,tcp,dhcp,FIN,11,8,712.0,207.0,49.979,128,254,597.629,453.281,1,2,0.379,14.774,2.134,1.921,0,3210086784,1621925570,255,0.065288,0.00719,0.064018,4.1,194.3,0,656.0,1,2,1,2,2,0,0,0,0,1,3,0,Normal,0
577,0.595908,tcp,ftp,RST,26,7,729.0,513.0,33.792,31,128,2.318,191.447,1,1,0.054,10.033,4.335,4.137,255,1126542256,2773214413,255,0.030809,0.05335,0.001282,17.7,30.7,0,110.0,1,2,0,1,1,1,0,0,0,3,2,1,Reconnaissance,1
578,0.540399,tcp,dhcp,INT,34,8,1711.0,1151.0,60.024,128,254,94.056,542.884,0,2,4.185,11.46,0.549,1.558,0,1095922933,445076557,0,0.003337,0.082662,0.013708,47.9,29.0,0,53.0,3,5,1,3,1,1,0,1,1,2,1,0,Generic,1
579,0.135358,tcp,smtp,CON,36,7,933.0,221.0,45.153,31,128,564.6,794.278,0,2,16.663,24.092,4.254,0.28,0,1696027356,857005074,255,0.118865,0.001494,0.003184,82.3,28.0,2,284.0,2,5,2,2,3,1,0,0,0,1,2,0,DoS,1
580,0.242901,tcp,dns,RST,11,7,321.0,129.0,134.292,62,62,1755.352,40.596,1,0,12.393,6.44,1.507,12.813,255,3293252962,3348223349,0,0.062855,0.013688,0.004973,77.7,39.0,0,208.0,4,3,3,0,3,2,0,0,1,1,3,0,Normal,0
581,0.088084,udp,-,ECO,16,7,1527.0,679.0,26.798,31,62,1168.562,1038.492,1,2,3.882,15.965,4.61,0.886,0,64180044,441662417,255,0.053223,0.005137,2.7e-05,60.2,22.5,0,452.0,2,2,3,2,2,2,0,0,0,0,3,0,Normal,0
582,1.329428,tcp,ftp,INT,9,6,207.0,29.0,146.848,62,128,229.558,170.926,1,0,0.428,20.953,2.393,5.641,255,2689067610,1126173858,255,0.061653,0.034729,0.064637,32.6,95.1,0,105.0,2,3,1,0,2,2,0,1,1,2,2,0,Normal,0
583,0.327952,udp,-,RST,11,13,77.0,914.0,164.261,31,128,78.611,2013.728,3,3,3.738,13.367,2.911,3.4,255,318020139,610395582,255,0.015515,0.022152,0.006266,168.3,20.8,1,284.0,5,4,1,3,0,2,0,0,1,3,2,0,Normal,0
584,0.469001,udp,pop3,RST,8,9,19.0,818.0,33.325,128,128,433.94,1079.279,1,2,11.083,34.613,0.285,4.833,255,2227318996,962496096,0,0.021342,0.014279,0.045163,40.9,101.1,0,5.0,1,2,1,1,0,3,0,0,0,1,3,0,Normal,0
585,0.422504,tcp,-,INT,35,9,641.0,79.0,11.741,128,31,213.325,91.007,1,0,0.598,33.507,5.609,5.946,255,659363029,1268594993,255,0.069707,0.039167,0.007397,116.2,49.2,0,193.0,4,4,0,1,1,3,0,0,1,3,4,0,Reconnaissance,1
586,0.776661,icmp,-,RST,28,8,827.0,67.0,37.526,62,62,1038.005,1526.744,1,1,7.658,3.574,3.231,1.287,0,1938465871,493527764,255,0.099097,0.037232,0.048186,85.5,55.8,2,127.0,7,1,2,3,1,4,0,0,2,1,2,0,Generic,1
587,0.526303,ospf,-,FIN,12,6,456.0,630.0,60.018,62,62,1064.773,1011.821,1,0,36.138,4.331,6.974,3.213,0,2424194567,1492006731,255,0.070597,0.000378,0.015331,9.2,57.4,0,382.0,4,3,7,1,2,6,0,0,0,3,2,0,Normal,0
588,0.148957,tcp,dhcp,ECO,7,6,119.0,94.0,50.485,31,128,1152.3,1967.226,1,0,16.444,17.079,1.685,4.732,255,3064647115,3635544848,255,0.147141,0.000644,0.04347,89.9,35.1,0,79.0,4,1,0,1,4,8,1,1,1,2,3,0,Normal,0
589,0.31254,tcp,dhcp,INT,13,10,110.0,139.0,58.214,254,128,1597.219,659.619,0,1,1.168,1.001,4.317,3.444,0,3089665369,2970839128,255,0.027364,0.003415,0.015719,36.4,36.5,0,266.0,4,0,0,2,0,3,0,0,0,2,2,0,Normal,0
590,0.185593,tcp,ssh,FIN,10,4,758.0,159.0,32.795,31,62,269.902,1235.486,0,1,2.959,4.219,3.471,1.18,255,388370396,1714978489,0,0.115035,0.005171,0.005544,149.1,50.7,0,175.0,2,3,2,2,3,1,0,0,0,1,4,0,Normal,0
591,0.291688,tcp,-,ECO,38,13,1143.0,356.0,79.769,62,31,993.552,1046.197,2,0,1.601,9.28,3.626,11.645,255,19516978,1820840960,0,0.045325,0.000635,0.012669,168.8,84.0,0,231.0,3,0,4,5,0,0,1,0,0,2,6,0,Reconnaissance,1
592,0.547147,tcp,smtp,RST,11,11,718.0,915.0,90.063,31,31,3748.343,568.519,2,0,6.496,21.863,12.17,10.85,255,1204626778,4227252110,255,0.014945,0.027217,0.026342,94.4,79.5,1,8.0,4,2,4,2,2,2,0,0,0,1,5,0,Normal,0
593,0.328787,tcp,dhcp,RST,10,7,720.0,121.0,31.718,62,254,3173.381,2194.281,3,0,7.166,6.106,1.663,6.679,0,2462830961,2010624496,255,0.112134,0.012566,0.024862,148.8,21.4,1,122.0,4,2,4,1,3,3,0,1,1,1,2,0,Normal,0
594,0.460031,tcp,-,FIN,24,8,451.0,1127.0,109.707,254,31,351.691,1137.528,1,1,7.783,2.293,7.822,3.757,255,1211949319,1351598900,255,0.146077,0.034894,0.008466,176.7,109.4,0,66.0,3,2,4,5,2,1,0,0,2,4,6,0,Generic,1
595,0.092091,udp,pop3,RST,12,6,908.0,408.0,120.971,254,254,4608.064,663.539,1,0,18.076,1.075,5.899,1.614,255,2501074504,2337497495,255,0.018116,0.0156,0.002756,72.0,3.5,1,33.0,6,1,2,3,3,2,0,0,0,4,4,0,Normal,0
596,0.343761,tcp,-,RST,12,6,519.0,292.0,15.531,254,254,1664.021,262.832,2,1,3.111,9.614,4.029,0.982,255,1475764553,482545113,255,0.031351,0.019839,0.014756,66.5,45.9,0,535.0,4,0,0,0,2,4,0,0,0,2,2,0,Normal,0
597,0.57582,tcp,pop3,ECO,25,6,2915.0,295.0,29.709,128,31,718.705,1203.892,2,1,2.817,9.346,10.062,3.243,0,4141641251,1814329447,0,0.040828,0.035112,0.018899,11.6,31.0,0,459.0,2,1,3,3,1,0,0,1,0,1,6,0,Exploits,1
598,0.511229,tcp,smtp,INT,31,5,1198.0,504.0,86.58,62,254,885.533,852.338,3,1,4.758,1.749,3.503,0.52,0,3657512068,1108865967,255,0.09884,0.003387,0.010784,112.9,107.1,0,103.0,2,3,4,1,2,3,0,0,0,0,4,0,Generic,1
599,0.256945,udp,dhcp,ECO,35,4,5262.0,696.0,23.869,254,128,521.143,1699.949,2,1,4.515,33.563,9.33,8.598,255,1294305962,3164643359,255,0.020868,0.035408,0.010214,1.0,63.4,0,49.0,2,1,2,0,6,1,0,1,0,3,2,0,Backdoor,1
600,0.116096,udp,dns,RST,38,6,1102.0,115.0,5.981,31,254,2518.088,84.865,1,2,11.363,3.051,1.493,1.136,0,2829859695,655937221,0,0.009599,0.022495,0.02344,134.4,46.6,0,7.0,2,0,4,1,2,1,0,0,0,2,3,0,Generic,1
601,1.457845,tcp,pop3,CON,10,9,629.0,133.0,21.924,128,128,302.052,272.233,2,2,26.709,8.5,4.73,8.53,255,598230425,729013712,255,0.038851,0.02347,0.004817,149.9,13.7,1,0.0,3,1,2,4,1,1,0,0,1,2,3,0,Normal,0
602,0.464263,udp,pop3,CON,32,10,1826.0,217.0,95.722,62,128,4710.233,1305.761,2,1,0.488,4.304,4.169,2.969,0,4162526665,1404409816,255,0.015884,0.002219,0.037585,143.7,257.4,0,26.0,4,5,1,1,2,4,0,0,1,1,9,0,Exploits,1
603,0.339662,tcp,ftp,ECO,33,4,1463.0,785.0,104.4,62,128,94.566,306.887,2,0,0.554,1.751,3.659,3.499,0,2886070964,2295221110,255,0.008563,0.02479,0.001285,70.3,38.5,3,26.0,5,4,0,0,0,4,0,0,0,2,4,0,Reconnaissance,1
604,0.085236,udp,ssh,REQ,32,6,2519.0,399.0,6.03,31,62,561.99,18.143,0,1,4.399,12.76,1.576,0.69,255,1136283372,3304918302,255,0.015309,0.007789,0.031761,98.9,9.3,1,32.0,2,3,1,2,3,0,0,0,1,2,3,0,Exploits,1
605,0.662492,tcp,dns,FIN,29,12,2793.0,154.0,44.15,31,62,639.099,792.871,3,3,0.761,17.649,1.024,2.659,0,3056661946,3202426755,0,0.013682,0.006714,0.028121,35.2,133.2,0,339.0,4,1,3,3,2,2,0,0,1,1,3,0,Analysis,1
606,0.43068,tcp,dns,FIN,30,14,7914.0,198.0,7.475,62,62,1893.777,175.207,1,2,1.504,17.965,1.445,18.606,255,4063973768,3517462590,255,0.106789,0.019585,0.005229,112.5,83.6,2,197.0,3,4,2,1,3,4,0,0,0,1,3,0,Exploits,1
607,0.130404,udp,pop3,RST,23,6,1448.0,714.0,41.685,254,128,465.172,221.857,0,2,8.502,8.054,1.043,5.715,0,3210523616,1977137156,0,0.009774,0.005666,0.062314,58.7,86.0,1,824.0,3,4,5,1,5,2,0,0,1,5,2,0,DoS,1
608,0.00623,icmp,http,CON,9,7,3086.0,72.0,43.662,31,62,2663.891,318.014,3,2,13.132,0.134,3.6,0.019,0,1314174125,2926671593,255,0.030628,0.02289,0.017671,62.6,100.8,1,65.0,0,3,2,1,4,4,0,0,1,0,3,0,Normal,0
609,0.366954,udp,-,CON,26,12,3441.0,223.0,10.801,128,31,2098.883,1856.458,0,0,4.878,14.75,1.381,1.756,0,1938943940,1709539151,255,0.001244,0.009108,0.015013,22.8,98.5,1,63.0,3,2,1,3,0,1,0,0,0,1,4,0,Exploits,1
610,0.099128,tcp,dns,REQ,11,4,472.0,36.0,70.462,254,128,356.648,284.968,2,1,15.778,10.435,5.216,9.001,255,1125078683,3388316934,0,0.000468,0.007393,0.011828,372.9,356.4,0,280.0,3,6,1,2,5,2,0,0,0,2,5,0,Normal,0
611,0.254265,udp,pop3,ECO,30,6,2062.0,89.0,25.463,62,254,964.271,2249.961,3,0,2.715,0.674,1.471,6.493,255,1705598075,3351579334,255,0.102502,0.042904,0.001834,13.0,10.3,1,49.0,5,0,4,1,1,3,0,0,0,3,4,0,Generic,1
612,0.578796,tcp,http,INT,27,9,6035.0,100.0,9.112,62,254,347.292,239.389,1,1,12.567,4.95,0.847,4.136,0,1803615486,1921394049,255,0.032691,0.018577,0.002458,129.7,76.4,1,161.0,2,1,0,4,3,3,0,0,0,2,5,0,Generic,1
613,0.56636,udp,ftp,REQ,26,10,640.0,571.0,17.801,62,62,566.036,47.087,0,2,2.688,11.716,22.428,10.086,0,3396011755,596102140,0,0.007699,0.035575,0.020021,9.0,190.3,0,13.0,1,3,2,1,3,0,0,0,0,1,1,0,Analysis,1
614,0.039793,udp,ssh,RST,24,5,558.0,696.0,202.899,62,128,359.579,25.779,1,1,20.784,4.364,10.482,21.66,0,1126549015,871131146,255,0.001622,0.00891,0.017553,34.6,34.0,1,399.0,3,2,0,2,2,3,0,0,0,0,1,0,Backdoor,1
615,0.203672,tcp,dns,REQ,15,8,141.0,976.0,22.433,62,254,1002.5,937.72,0,1,5.363,8.42,4.782,0.172,0,1827964880,2563674265,0,0.024073,0.016145,0.026563,229.6,159.6,0,27.0,1,0,2,3,1,1,1,1,0,3,4,0,Normal,0
616,1.091206,tcp,smtp,RST,32,2,1076.0,1223.0,24.404,31,31,507.324,62.949,0,1,2.682,2.912,6.502,0.122,0,2812502232,1467125905,0,0.013783,0.016594,0.103005,410.3,13.2,1,147.0,3,2,2,0,1,1,0,0,0,1,2,0,Exploits,1
617,0.149078,tcp,smtp,CON,36,4,1936.0,241.0,22.726,128,31,636.913,780.499,0,1,3.844,4.045,15.293,0.515,255,3430983843,246541694,0,0.038021,0.001323,0.008281,257.0,215.7,0,142.0,6,1,3,3,2,2,0,0,0,2,2,0,Exploits,1
618,0.224942,tcp,pop3,REQ,11,10,1475.0,27.0,36.612,128,31,102.172,1648.676,1,3,1.129,39.775,4.71,1.869,0,1624724845,2679079516,0,0.035388,0.00787,0.020706,27.9,33.2,1,60.0,2,2,2,3,2,3,0,0,0,1,5,0,Normal,0
619,0.261376,tcp,dhcp,FIN,4,3,193.0,181.0,1.994,254,62,1559.012,82.925,1,1,17.937,3.713,0.457,1.023,0,1173661843,3414177468,255,0.137995,0.035199,0.026063,128.7,37.4,0,197.0,6,2,1,1,2,0,0,0,1,3,3,0,Normal,0
620,0.001817,tcp,dns,RST,10,14,2348.0,573.0,42.386,62,62,1068.05,169.994,0,1,4.843,0.562,0.027,16.364,0,3178903289,3973865807,0,0.027644,0.00063,0.001444,57.5,65.0,0,106.0,3,2,4,2,5,2,0,0,1,2,2,0,Normal,0
621,0.636971,tcp,dns,RST,27,10,1313.0,254.0,29.586,128,62,313.781,36.737,0,1,1.065,10.112,7.935,11.361,0,3688103776,903201755,255,0.047363,0.020337,0.015129,60.6,214.7,1,280.0,4,1,1,0,4,0,0,0,0,2,3,0,Exploits,1
622,0.032052,tcp,ftp,RST,14,15,190.0,101.0,110.062,31,254,332.202,985.028,0,0,21.206,1.275,1.613,0.311,0,1873086882,850418695,255,0.077164,0.005057,0.01263,212.0,205.2,1,111.0,6,5,2,0,3,1,0,0,0,2,7,0,Normal,0
623,0.154467,tcp,dns,FIN,35,13,2580.0,8.0,18.871,62,128,23.837,432.467,1,1,1.843,25.958,8.862,15.588,0,2719353310,721687183,0,0.129727,0.009835,0.006064,12.9,64.7,1,52.0,4,1,1,1,2,1,0,0,1,1,7,0,Shellcode,1
624,0.118251,udp,pop3,ECO,8,6,386.0,314.0,9.064,128,128,888.112,2368.795,1,1,12.694,26.112,7.816,6.861,255,3643387452,2824793195,255,0.009834,0.002116,0.003235,111.3,38.8,0,35.0,4,1,3,2,1,2,0,1,1,4,3,0,Normal,0
625,0.420152,tcp,smtp,INT,25,7,4160.0,812.0,62.833,62,128,797.0,77.074,0,2,9.374,9.381,0.293,5.648,255,4229323056,1606279320,255,0.023052,0.036277,0.016166,78.3,56.5,0,158.0,5,1,2,3,1,0,0,0,0,1,1,0,Backdoor,1
626,0.212798,tcp,ssh,FIN,16,5,124.0,1708.0,22.701,62,31,822.226,747.315,1,2,14.128,5.476,0.369,4.901,0,2717786295,4050641836,255,0.018418,0.001391,0.010027,120.1,5.7,0,71.0,0,4,4,4,1,0,0,0,1,2,1,0,Normal,0
627,0.599308,udp,dns,REQ,38,6,434.0,501.0,58.779,31,62,329.933,21.632,0,0,22.639,0.994,2.734,3.677,255,2829725046,3125651754,255,0.00257,0.020341,0.060572,230.8,41.1,1,56.0,1,2,3,1,1,1,0,0,0,2,2,0,Fuzzers,1
628,0.73262,ospf,ssh,REQ,9,8,1018.0,215.0,3.444,31,254,326.931,52.021,2,2,0.174,2.298,1.913,0.692,0,377667166,789044431,255,0.163097,0.003979,0.02562,49.4,224.2,0,48.0,2,3,1,5,5,3,0,1,0,1,4,0,Normal,0
629,0.076917,tcp,ssh,INT,30,5,1582.0,747.0,155.45,254,31,96.987,571.249,3,0,8.674,4.864,0.077,1.171,255,846902314,601981517,255,0.2885,0.007827,0.027873,36.2,15.3,0,31.0,1,2,2,0,2,1,0,0,1,3,1,0,Generic,1
630,0.102386,tcp,smtp,RST,32,8,1296.0,238.0,176.236,62,31,413.109,546.23,1,2,5.695,1.977,3.779,6.161,0,154738770,222080106,0,0.030391,0.030901,0.032742,217.4,27.5,0,6.0,2,4,3,3,4,1,0,0,0,6,3,0,Fuzzers,1
631,0.456413,tcp,dhcp,REQ,36,7,3590.0,1007.0,27.475,128,128,3731.727,513.927,0,1,7.665,10.607,9.094,0.802,0,1304556509,754433965,0,0.002248,0.014669,0.017623,354.1,7.2,0,358.0,5,1,3,0,3,1,0,0,0,4,2,0,Reconnaissance,1
632,0.788383,arp,dhcp,CON,35,7,1983.0,362.0,8.283,128,62,438.915,111.895,1,1,17.064,4.506,1.72,1.221,255,1432493324,1825618817,255,0.030339,0.027034,0.015886,277.3,48.8,2,194.0,1,3,1,1,2,2,0,0,0,5,5,0,Fuzzers,1
633,1.52439,udp,http,REQ,9,11,80.0,823.0,35.822,31,31,2212.483,408.836,0,1,18.675,11.583,10.451,0.292,0,563452896,10310816,255,0.06659,0.006103,0.018813,80.6,11.5,1,163.0,3,0,1,4,2,1,0,0,0,2,4,0,Normal,0
634,0.117589,udp,http,CON,12,11,420.0,269.0,36.177,62,62,281.934,1259.932,3,2,5.605,8.901,8.968,1.195,255,453744567,336210672,0,0.01451,0.028882,0.004306,53.9,25.8,1,140.0,1,3,0,1,0,3,0,0,2,3,4,0,Normal,0
635,0.900193,udp,dhcp,FIN,9,9,124.0,922.0,8.221,254,128,15.383,13.475,1,0,11.049,25.405,0.585,12.828,255,1035095843,3325556125,255,0.065911,0.016929,0.003393,26.4,94.4,0,388.0,2,4,1,4,0,1,0,1,0,2,3,0,Normal,0
636,0.072274,tcp,dns,CON,10,6,383.0,358.0,4.841,128,254,395.147,660.474,0,0,10.842,4.15,2.313,5.639,0,3679553059,2427604746,0,0.051189,0.071881,0.013847,53.1,19.9,0,128.0,3,1,2,4,2,1,0,0,0,1,1,0,Normal,0
637,0.255265,tcp,ftp,ECO,30,7,936.0,250.0,4.312,31,31,625.715,923.376,0,1,1.064,3.744,1.148,13.955,255,1794247396,1983511354,255,0.005688,0.014396,0.047114,71.4,64.0,0,3.0,4,2,3,5,2,3,0,0,1,1,0,0,Generic,1
638,0.806278,udp,pop3,REQ,31,12,1111.0,603.0,19.235,254,31,103.505,682.36,0,0,44.095,11.204,2.951,6.083,255,2907606759,2574520888,0,0.015954,0.005421,0.010544,32.7,29.0,1,112.0,2,3,0,1,0,1,0,0,1,4,5,0,Exploits,1
639,0.129897,icmp,smtp,CON,38,11,8928.0,116.0,70.687,128,254,611.646,198.42,3,2,6.909,4.076,2.588,3.817,255,3187512101,4057760277,255,0.184568,0.005985,0.019537,236.7,296.7,0,300.0,3,5,2,1,1,2,1,0,0,4,2,0,Exploits,1
640,0.08521,tcp,http,INT,25,9,4336.0,397.0,1.773,128,31,2583.368,1610.419,1,2,13.01,4.553,2.381,14.62,0,1413229973,3793835420,0,0.017248,0.124053,0.016555,44.6,23.1,0,162.0,2,2,2,6,0,2,0,1,0,5,4,0,DoS,1
641,0.018493,tcp,-,ECO,30,9,1804.0,546.0,78.044,62,128,2225.419,1924.039,1,0,0.407,15.662,1.46,4.513,0,3992591054,3321664139,255,0.039383,0.025668,0.02199,100.4,80.1,1,358.0,3,3,4,6,1,0,0,0,0,4,1,0,Exploits,1
642,0.458918,tcp,pop3,REQ,31,4,481.0,758.0,89.803,128,128,176.549,512.414,3,1,5.6,4.254,3.779,0.619,255,2875167736,799464833,0,0.039936,0.050216,0.020812,293.6,6.6,1,22.0,2,4,2,2,1,3,0,1,1,2,3,0,Fuzzers,1
643,0.413637,arp,pop3,RST,4,6,352.0,252.0,21.413,128,254,566.752,1546.553,0,0,1.249,4.966,5.909,0.87,255,2319011235,2943305061,255,0.034121,0.041891,0.017105,217.0,226.6,0,15.0,0,2,1,2,2,0,0,0,0,3,5,0,Normal,0
644,1.838734,tcp,ftp,REQ,13,12,107.0,501.0,113.638,254,254,530.673,3468.224,2,1,1.179,9.377,0.995,1.027,255,3764622195,3512123742,255,0.028284,0.000353,0.00224,44.6,28.8,0,433.0,1,3,2,1,3,2,0,0,1,1,4,0,Normal,0
645,0.327659,udp,pop3,ECO,25,9,8146.0,234.0,14.563,31,62,2370.94,351.944,1,1,9.823,5.133,3.493,9.736,255,1325294025,3643753923,0,0.065251,0.001331,0.000415,9.7,3.6,0,127.0,2,1,5,4,3,0,0,1,1,0,5,0,Generic,1
646,0.09856,tcp,http,REQ,38,4,204.0,104.0,80.036,31,128,2488.701,192.446,2,1,8.545,6.603,0.483,0.215,0,1511173381,1124201042,255,0.011626,0.011365,0.037039,17.3,303.8,1,109.0,5,2,2,2,6,3,0,0,0,4,4,0,DoS,1
647,0.228168,udp,pop3,INT,5,9,144.0,560.0,28.269,128,62,253.754,142.753,2,2,8.63,34.798,6.608,0.619,255,177593628,1217960331,255,0.120481,0.034692,0.028985,1.9,126.3,0,63.0,2,1,3,1,1,0,0,0,0,2,2,0,Normal,0
648,0.030946,udp,-,CON,10,9,37.0,403.0,2.358,254,62,454.768,13.014,1,0,7.096,10.458,1.008,1.885,0,3236873565,3337526139,0,0.111027,0.005207,0.006091,80.6,7.8,0,160.0,2,4,2,2,1,0,0,0,1,2,2,0,Normal,0
649,0.537957,tcp,ssh,FIN,25,5,528.0,76.0,19.832,254,31,41.993,3059.277,4,3,8.72,9.769,1.537,1.953,255,775274609,3343934099,0,0.035674,0.005701,0.030187,68.7,147.2,1,486.0,0,3,1,1,0,3,0,0,0,2,3,0,Generic,1
650,0.638756,udp,pop3,RST,12,10,832.0,1900.0,11.264,254,254,1000.167,707.047,1,0,7.186,14.13,11.217,21.285,0,994723856,1424281574,0,0.071082,0.002447,0.012552,27.2,38.4,1,12.0,1,0,1,2,0,4,0,1,0,3,1,0,Normal,0
651,0.12243,icmp,smtp,ECO,12,8,385.0,328.0,162.151,128,128,1350.686,1239.173,0,1,11.698,4.852,3.645,2.699,0,304538151,2044974126,255,0.044746,0.011266,0.013868,381.5,398.1,0,59.0,4,0,3,3,2,2,0,0,0,2,2,0,Normal,0
652,0.148537,icmp,pop3,REQ,30,6,2206.0,28.0,27.655,31,128,209.504,462.704,1,2,25.882,1.887,7.674,0.866,0,2322803939,4260298900,255,0.022384,0.001571,0.013285,29.9,66.7,0,81.0,1,1,2,1,2,2,0,0,0,2,2,0,DoS,1
653,0.038612,tcp,ftp,INT,42,11,528.0,59.0,21.227,62,128,428.023,1183.215,0,1,3.31,5.841,2.912,14.961,0,945340491,2042078117,0,0.143937,0.014139,0.045979,42.1,14.2,1,40.0,2,4,4,2,2,1,0,0,1,1,1,0,Generic,1
654,0.039733,udp,ftp,FIN,8,8,84.0,46.0,13.542,31,62,568.082,1251.756,2,0,3.84,4.575,9.59,3.175,255,1599295376,2966065366,0,0.0138,0.047019,0.053438,52.7,60.8,0,80.0,3,2,2,4,1,0,0,0,0,0,2,0,Normal,0
655,0.275788,tcp,ftp,REQ,26,5,1315.0,23.0,89.622,62,128,486.794,1752.697,0,0,12.823,5.181,1.777,1.735,255,2985835564,3191224829,255,0.01495,0.014037,0.003754,24.4,8.4,3,844.0,4,0,1,1,3,3,0,0,0,2,2,0,DoS,1
656,0.372041,tcp,-,CON,5,3,87.0,106.0,49.494,62,254,980.806,374.065,1,4,20.145,2.373,13.408,3.876,255,2231368867,4212355571,255,0.051758,0.030675,0.003221,15.2,81.1,0,105.0,3,2,2,1,0,1,0,0,0,4,2,1,Normal,0
657,0.006344,tcp,ftp,REQ,25,7,1388.0,212.0,134.348,254,62,2280.235,12.683,1,4,44.558,1.022,16.274,7.049,255,1899703466,3495983606,255,0.017888,0.026193,0.004997,36.1,79.5,1,133.0,3,2,5,3,2,0,0,0,1,2,2,0,DoS,1
658,0.539447,udp,http,CON,9,10,665.0,517.0,2.363,128,254,1073.81,1040.266,0,1,0.295,3.078,0.803,1.672,255,360862925,3533929013,255,0.036483,0.027473,0.012391,15.9,150.2,0,355.0,2,2,2,0,0,3,0,0,0,3,7,0,Normal,0
659,0.168397,tcp,pop3,ECO,28,11,2906.0,359.0,61.52,31,31,793.648,981.304,0,1,6.501,7.251,1.891,0.541,0,4066322542,2519587046,255,0.060417,0.017646,0.033028,74.7,23.1,0,242.0,4,2,3,3,2,1,1,0,1,2,6,0,Generic,1
660,0.4099,tcp,http,ECO,9,9,272.0,31.0,120.546,31,128,1319.891,975.001,2,0,0.691,0.331,0.177,2.83,0,3864072354,2979157381,0,0.012516,0.01259,3e-05,68.4,58.0,1,86.0,1,1,1,3,2,2,1,0,1,1,4,0,Normal,0
661,0.384104,tcp,http,CON,13,6,230.0,182.0,44.861,62,128,1356.062,2773.854,2,0,2.916,8.075,4.251,8.025,0,1514275252,2961179323,0,0.111136,0.01893,0.013636,61.2,82.2,1,126.0,4,2,0,4,3,3,0,1,2,2,7,0,Normal,0
662,0.770454,tcp,ssh,CON,31,7,4157.0,1547.0,3.262,31,31,930.493,98.201,0,0,29.934,5.453,3.373,2.739,255,3672138870,3663322816,255,0.008977,0.010264,0.008914,59.5,43.1,0,418.0,3,5,0,3,4,3,0,0,0,0,1,0,DoS,1
663,0.979579,tcp,smtp,ECO,6,10,339.0,290.0,46.597,128,31,1560.583,38.262,3,0,10.668,7.036,5.937,1.396,0,2306667824,860327215,0,0.048334,0.032387,0.008348,52.8,65.6,0,83.0,0,3,1,3,0,1,0,0,0,1,5,0,Normal,0
664,0.9499,tcp,http,FIN,18,7,64.0,335.0,212.44,31,128,314.972,692.359,0,3,7.967,2.591,9.841,9.287,255,2137359190,2369097590,255,0.12385,0.003614,0.016326,62.8,254.7,0,67.0,3,3,2,2,3,3,0,0,0,3,0,0,Normal,0
665,0.199694,udp,ssh,REQ,17,4,60.0,1466.0,50.6,128,31,305.115,1044.87,2,0,7.232,1.58,8.536,8.488,255,3213206203,3172185904,0,0.010388,0.041848,0.022599,129.8,219.5,0,217.0,1,5,2,1,5,2,0,0,2,2,4,0,Normal,0
666,0.474981,tcp,http,FIN,35,3,2328.0,243.0,97.378,62,128,173.44,1073.301,1,2,8.444,7.092,2.884,1.566,255,832482553,1222758546,0,0.119575,0.031413,0.002372,7.9,128.3,0,343.0,1,0,2,3,5,2,0,0,0,4,4,0,Exploits,1
667,0.081162,tcp,pop3,INT,30,10,296.0,304.0,55.07,128,62,2977.195,2141.78,0,2,19.333,42.359,3.746,5.641,255,3636097948,312278679,255,0.016156,0.004403,0.001158,11.3,189.8,2,819.0,4,6,4,1,3,2,0,0,0,1,1,0,Fuzzers,1
668,0.304823,udp,-,FIN,31,9,8294.0,568.0,104.564,254,31,1320.632,551.692,0,0,0.322,31.341,2.669,1.823,255,219077386,2697561144,255,0.027899,0.003522,0.000466,164.3,192.0,0,276.0,1,3,3,1,1,2,0,0,0,3,4,0,Worms,1
669,0.178652,icmp,smtp,FIN,13,7,907.0,476.0,1.772,128,31,1339.296,233.985,1,2,5.244,6.01,8.914,8.379,255,2848055912,1582246886,0,0.023853,0.007717,0.013491,24.6,4.0,0,977.0,8,2,4,4,2,4,0,0,0,1,1,0,Normal,0
670,0.196498,icmp,smtp,INT,11,8,288.0,351.0,60.248,31,254,527.518,55.454,0,0,1.807,1.676,4.878,13.004,255,2687520436,537299326,255,0.011032,0.016609,0.001211,5.5,67.2,0,40.0,4,2,2,1,4,2,0,1,0,1,4,0,Normal,0
671,0.736492,udp,ftp,FIN,10,15,109.0,1563.0,58.329,62,31,648.632,970.329,0,3,24.785,5.253,13.752,0.394,0,2094148803,304223836,0,0.033075,0.004325,0.021956,5.9,40.2,2,94.0,3,2,2,4,2,0,0,0,1,0,1,0,Normal,0
672,1.156191,ospf,ssh,RST,24,6,750.0,234.0,88.057,128,62,1210.275,1320.183,1,1,4.868,10.492,6.737,9.31,255,2234856203,1584473895,255,0.013502,0.046549,0.000844,29.9,24.8,0,169.0,3,1,1,0,2,1,0,2,0,1,3,0,Generic,1
673,0.20242,tcp,dns,REQ,34,9,953.0,238.0,34.039,31,128,400.248,12.968,1,2,9.905,5.108,3.672,0.274,255,4249248083,2501679188,255,0.049512,9.8e-05,0.009389,38.8,41.7,2,177.0,2,3,0,1,4,4,0,0,1,4,4,1,Worms,1
674,0.822522,arp,ssh,INT,27,11,5047.0,403.0,118.554,128,254,2504.293,80.787,0,0,3.645,1.939,5.447,0.087,0,606870385,3735616342,255,0.011479,0.006965,0.00357,98.0,170.8,0,63.0,4,3,4,2,2,3,0,0,0,3,6,0,Exploits,1
675,0.282936,icmp,http,INT,34,6,2590.0,547.0,19.982,31,62,2511.595,368.592,0,1,12.924,6.716,0.141,3.033,255,928979419,4000980373,255,0.071992,0.031356,0.008138,65.4,24.4,1,37.0,1,4,0,0,2,2,0,0,1,3,3,0,Generic,1
676,0.15342,tcp,smtp,ECO,9,9,2.0,821.0,14.374,254,254,3114.481,780.879,1,0,8.886,3.302,3.835,0.47,255,1175723134,2540065085,0,0.03392,0.075048,0.023306,15.3,209.3,0,303.0,4,1,2,0,0,1,0,0,0,6,0,0,Normal,0
677,0.242004,icmp,pop3,ECO,31,7,4823.0,1159.0,2.718,128,254,73.465,384.484,1,3,1.87,1.933,2.132,28.952,0,60239424,289886552,255,0.000508,0.003991,0.017405,49.5,4.8,0,108.0,2,1,2,4,5,1,0,0,0,1,5,0,Reconnaissance,1
678,0.175772,udp,dhcp,FIN,9,10,1020.0,470.0,72.679,31,62,454.362,115.936,3,0,10.754,8.024,8.043,0.427,255,1831648697,3577295527,0,0.20823,0.010117,0.012059,199.7,96.9,1,7.0,5,0,1,1,1,1,1,0,1,2,0,1,Normal,0
679,0.077484,udp,ftp,RST,7,6,319.0,58.0,21.743,128,128,1212.127,189.287,1,1,5.003,4.453,10.615,1.228,0,2219541827,1217249797,255,0.005349,0.003501,0.001547,51.3,17.4,3,48.0,3,0,0,1,0,0,0,0,1,3,3,0,Normal,0
680,0.022558,icmp,dns,INT,9,5,318.0,10.0,39.297,254,62,1914.189,1788.435,0,0,15.292,5.971,8.493,6.9,0,3258147152,3914158574,255,0.058502,0.043354,0.012293,27.6,45.6,1,332.0,3,1,0,3,4,3,0,0,1,5,2,1,Normal,0
681,0.013661,tcp,dns,RST,10,7,47.0,34.0,4.842,31,128,3461.708,1151.732,2,1,4.193,5.048,1.185,4.53,0,2955869905,167762146,0,0.030441,0.000923,0.019534,146.8,29.2,0,121.0,6,0,0,2,1,4,0,0,1,0,3,0,Normal,0
682,0.624992,tcp,pop3,RST,8,10,489.0,110.0,41.137,254,128,2348.064,804.88,1,2,10.662,10.824,0.134,0.336,0,206563159,430497496,0,0.022987,0.002175,0.029558,31.5,68.4,0,29.0,6,1,1,2,1,5,0,0,0,1,6,1,Normal,0
683,0.406585,udp,dhcp,RST,18,6,814.0,331.0,42.922,31,128,492.72,3298.023,0,0,0.635,3.18,11.502,0.618,255,3322132458,1973746860,0,0.125506,0.007495,0.01064,111.2,183.1,1,85.0,2,3,1,0,2,1,0,0,1,3,4,0,Normal,0
684,0.210046,udp,ssh,RST,5,5,127.0,57.0,73.147,254,254,109.537,1544.292,1,0,29.531,3.049,0.934,9.465,255,2375713492,1738011138,0,0.026993,0.024722,0.025154,376.2,151.7,1,194.0,3,1,3,0,2,2,0,0,0,1,4,0,Normal,0
685,0.310232,icmp,pop3,CON,38,3,304.0,2160.0,53.829,254,31,2345.656,598.054,1,1,11.506,0.985,1.231,0.101,0,559649173,2302665731,255,0.081886,0.00121,0.041948,12.6,6.9,0,15.0,1,5,3,1,1,2,0,0,0,4,4,0,Generic,1
686,2.133657,icmp,-,ECO,9,8,8.0,1777.0,37.282,128,254,486.745,1796.021,0,2,2.06,19.356,0.649,0.281,0,1778202058,1395162722,255,0.0167,0.001562,0.014029,24.2,96.5,0,75.0,2,1,2,3,0,4,0,0,0,0,3,0,Normal,0
687,0.272297,udp,pop3,RST,9,8,768.0,618.0,17.745,254,62,500.02,711.415,0,1,10.332,2.089,6.119,7.145,255,4229330667,366371616,255,0.202534,0.005232,9e-06,26.0,192.9,0,178.0,2,2,1,2,1,1,0,0,0,3,2,0,Normal,0
688,0.118075,arp,pop3,CON,35,12,1628.0,31.0,27.354,31,31,3510.695,100.217,1,1,19.621,2.922,9.017,0.698,0,4110720171,2932583694,255,0.149628,0.027385,0.035551,15.4,52.7,1,235.0,1,2,0,3,0,1,0,0,0,2,5,0,Analysis,1
689,0.595813,tcp,ssh,CON,33,6,4390.0,136.0,17.813,31,128,405.558,401.933,1,1,10.898,1.887,5.568,6.087,0,1939564184,797012338,255,0.099669,0.032203,0.078752,90.3,26.0,0,268.0,2,1,2,5,4,2,0,0,0,2,3,0,Exploits,1
690,0.062777,arp,smtp,REQ,13,7,66.0,469.0,143.454,62,254,1065.927,1346.972,1,1,0.174,1.122,4.084,9.731,0,1057924387,1455702264,0,0.003858,0.015947,0.006954,235.2,9.3,1,266.0,1,1,5,0,2,3,0,0,0,2,2,0,Normal,0
691,0.435924,tcp,dhcp,INT,8,6,50.0,229.0,83.387,254,128,1380.495,2464.937,2,1,14.092,14.101,5.103,2.786,0,1460787033,3442341772,0,0.012695,0.021601,0.006911,38.2,194.1,1,413.0,5,2,2,0,0,1,0,0,1,2,3,0,Normal,0
692,0.268142,tcp,ssh,RST,30,6,655.0,822.0,67.66,128,31,2224.406,287.556,0,1,12.645,14.593,11.424,2.229,0,2724932830,2433040884,0,0.005375,0.000677,0.078379,35.0,44.9,1,360.0,9,6,3,2,0,3,0,0,0,2,0,0,DoS,1
693,0.390197,tcp,pop3,INT,14,5,201.0,259.0,195.124,31,31,291.455,428.443,0,0,34.611,3.578,17.477,10.145,0,3171053377,934204310,255,0.20153,0.021505,0.001041,50.0,131.4,0,178.0,1,2,3,3,2,4,0,1,1,3,0,0,Normal,0
694,0.161641,tcp,http,CON,15,5,346.0,14.0,0.995,254,128,663.048,1781.647,1,0,16.549,4.583,4.503,11.402,255,527161846,3472403332,255,0.042511,0.004152,0.054971,82.5,24.2,2,366.0,3,4,2,4,3,2,0,0,0,1,3,0,Normal,0
695,0.24401,tcp,ssh,INT,33,9,2670.0,413.0,32.621,31,31,4293.811,2294.287,3,0,1.788,14.584,2.009,6.51,255,1389438106,1056990928,255,0.055045,0.020487,0.01222,250.1,125.6,1,99.0,1,2,4,3,3,0,1,0,0,4,1,0,Reconnaissance,1
696,0.690788,tcp,dns,RST,12,6,190.0,127.0,32.761,62,254,535.346,1083.053,3,1,17.749,2.071,10.537,1.551,0,3561956979,2422080935,0,0.016598,0.058663,0.015324,163.9,3.0,0,501.0,2,1,3,1,2,1,0,0,0,1,5,0,Normal,0
697,0.043515,udp,pop3,RST,27,11,3553.0,185.0,145.495,31,128,18.708,142.267,1,2,5.117,7.23,4.012,16.124,255,1874610419,4011927739,255,0.021688,0.016347,0.006205,192.6,45.3,1,92.0,3,2,1,2,1,1,0,1,0,3,2,0,Exploits,1
698,0.781684,udp,dhcp,CON,29,10,2100.0,369.0,6.893,254,254,1826.695,465.377,0,0,4.62,1.677,5.037,2.701,0,441440066,1942840178,0,0.018094,0.031935,0.023451,84.0,89.8,0,435.0,3,0,4,1,2,4,0,0,0,3,1,0,Generic,1
699,0.887346,tcp,pop3,RST,32,2,3109.0,108.0,262.308,254,254,1563.594,2302.869,0,1,1.936,3.013,13.858,12.254,0,3020922736,58522828,0,0.00526,0.026594,0.0067,164.4,37.4,2,139.0,2,1,2,2,3,3,0,0,1,1,3,0,Generic,1
700,0.234935,udp,http,FIN,6,13,394.0,526.0,77.475,62,128,308.061,343.046,1,1,7.828,9.615,0.392,3.963,0,3755632294,781177246,255,0.22599,0.006844,0.009963,43.0,125.9,0,4.0,4,3,1,1,2,2,0,0,2,1,5,0,Normal,0
701,0.616172,tcp,dns,ECO,15,4,803.0,204.0,50.455,128,128,775.751,437.706,0,0,2.962,13.463,3.396,9.143,0,554217650,3970207038,0,0.000781,0.02139,0.012522,54.1,4.3,0,18.0,2,4,3,5,1,4,0,0,0,2,5,1,Normal,0
702,0.483555,tcp,-,RST,5,11,1250.0,53.0,205.76,62,128,461.09,978.977,1,0,9.927,11.19,6.998,15.394,0,1180467363,2959744565,255,0.202728,0.017326,0.022095,28.7,7.7,0,80.0,3,1,3,2,1,2,0,0,0,2,2,0,Normal,0
703,0.359587,tcp,dhcp,FIN,10,10,630.0,160.0,5.619,254,128,3221.482,13.606,2,0,14.865,0.04,8.883,12.951,0,2962619023,3706568963,0,0.020193,0.003972,0.004227,122.7,66.3,0,128.0,5,1,1,1,3,5,0,0,0,0,1,0,Normal,0
704,0.687416,tcp,ftp,RST,27,14,210.0,672.0,58.772,128,254,2978.392,247.576,0,1,0.224,1.256,0.506,1.067,255,1912597520,1166016018,0,0.033363,0.017684,0.062987,85.3,61.5,1,259.0,6,1,2,3,0,1,0,1,0,2,2,0,DoS,1
705,0.21102,udp,smtp,INT,15,4,44.0,371.0,1.803,31,128,1747.874,536.808,0,1,4.92,1.474,0.828,0.266,0,1807838838,3726047992,0,0.027832,0.017347,0.017896,11.1,249.3,0,308.0,2,3,3,1,1,0,0,0,0,0,5,0,Normal,0
706,0.910861,tcp,dns,ECO,32,6,2685.0,215.0,51.441,254,62,299.151,239.078,0,1,3.636,1.274,2.397,3.795,0,737893108,2666327608,0,0.063368,0.0545,0.004019,177.2,14.9,0,190.0,2,1,2,2,1,2,0,0,1,4,8,0,Generic,1
707,1.212814,udp,dhcp,CON,27,4,1495.0,556.0,5.609,254,254,560.375,1163.114,0,0,3.424,9.404,9.199,1.571,255,3309586251,2994892608,255,0.052296,0.005497,0.0098,30.0,10.7,0,112.0,1,3,2,1,1,5,0,0,0,3,2,0,Fuzzers,1
708,0.474956,tcp,pop3,ECO,33,5,4358.0,1255.0,20.431,254,254,204.284,489.373,0,2,2.006,36.728,3.122,12.848,255,1484388955,2145572963,255,0.042824,0.001933,0.018133,99.4,1.8,2,72.0,5,3,1,4,1,4,0,0,0,1,3,0,Exploits,1
709,0.10494,udp,pop3,ECO,10,9,754.0,355.0,145.481,62,31,2105.058,751.161,0,2,0.019,0.071,4.082,0.879,255,420372089,1661925890,0,0.067781,0.028847,0.047359,26.0,27.8,2,165.0,4,3,6,5,1,3,0,0,0,0,3,0,Normal,0
710,0.022997,arp,ssh,CON,9,4,75.0,237.0,3.092,254,128,455.569,472.619,0,0,3.37,4.871,1.721,3.229,255,1426126196,4089648675,0,0.052167,0.011484,0.0289,198.6,296.3,0,109.0,4,0,5,1,3,0,0,0,0,3,1,0,Normal,0
711,0.24793,tcp,-,INT,30,9,3934.0,154.0,40.223,254,62,1154.659,498.863,1,0,6.516,6.006,1.727,9.011,255,827196249,111161382,255,0.028501,0.02405,0.023552,220.0,70.1,0,43.0,2,2,5,0,3,2,0,2,0,3,2,0,Shellcode,1
712,0.033461,tcp,dhcp,REQ,35,7,2520.0,164.0,55.074,31,254,304.87,900.5,0,0,19.799,18.234,3.213,1.501,0,2037580832,422546122,255,0.029915,0.013511,0.010253,35.1,41.0,1,265.0,2,0,2,1,2,3,0,0,1,1,1,0,Generic,1
713,0.229738,tcp,-,CON,28,11,2060.0,233.0,21.536,128,254,6101.901,1134.248,2,2,8.369,3.278,16.229,6.448,0,4089070400,3219804988,255,0.068677,0.043475,0.004729,71.3,141.3,1,86.0,0,5,1,0,1,2,0,0,1,2,2,1,Fuzzers,1
714,1.221276,tcp,dns,ECO,35,8,2919.0,409.0,29.104,254,128,357.938,379.652,1,2,0.979,12.093,11.688,19.31,255,1267117976,1242564317,0,0.046514,0.006064,0.021471,44.9,2.7,0,83.0,3,3,3,0,1,2,1,1,0,2,3,0,Reconnaissance,1
715,0.70606,tcp,dns,CON,25,5,1807.0,968.0,43.826,31,128,1549.184,412.922,2,0,2.693,13.318,3.517,4.929,255,2148642256,1018867101,0,0.033724,0.070029,0.009954,74.0,39.8,1,180.0,1,1,2,4,1,3,0,0,0,2,2,0,Exploits,1
716,0.038975,tcp,dns,CON,11,10,592.0,157.0,47.469,128,254,452.243,75.343,0,1,5.946,48.996,1.642,0.265,0,594314046,1931750334,0,0.024098,0.003771,0.048112,151.5,0.4,0,115.0,3,2,4,1,0,2,0,0,0,0,2,0,Normal,0
717,0.111922,icmp,dhcp,REQ,34,6,2447.0,36.0,35.497,128,254,160.689,1439.255,1,0,30.747,0.152,2.529,7.688,255,3030381988,2576851196,0,0.030167,0.005702,0.066091,6.4,183.1,0,27.0,2,0,2,2,0,0,0,1,1,1,5,0,Generic,1
718,0.551052,arp,http,INT,5,4,254.0,303.0,19.718,62,254,1520.185,123.719,0,2,0.749,28.42,5.252,3.207,0,1957393046,2268451119,255,3.1e-05,0.021102,0.028895,136.6,200.8,0,825.0,3,2,1,5,3,1,0,1,0,1,2,0,Normal,0
719,1.52393,tcp,smtp,FIN,19,5,1105.0,33.0,12.443,128,62,135.017,35.915,3,2,4.951,23.286,3.189,16.492,255,2425493760,1490299924,0,0.012499,0.00626,0.012618,133.3,81.3,1,94.0,1,1,0,1,4,0,0,0,1,0,2,1,Generic,1
720,0.651965,tcp,http,ECO,38,14,1063.0,127.0,9.525,128,254,171.621,2665.335,2,0,7.641,2.186,1.331,5.05,0,126670378,785566867,255,0.015753,0.059249,0.003697,127.8,156.2,0,103.0,1,2,1,1,1,2,0,0,0,0,5,0,Analysis,1
721,0.075493,tcp,dhcp,CON,14,5,59.0,41.0,41.729,31,62,1542.799,2317.366,1,1,1.692,8.06,0.628,1.32,255,3315700463,2617683850,0,0.000366,0.009061,0.039652,227.3,100.5,0,558.0,1,0,3,2,1,3,0,1,1,1,8,0,Normal,0
722,0.248329,tcp,ssh,FIN,12,6,450.0,43.0,132.697,254,31,432.946,714.056,0,0,2.136,3.314,4.86,5.346,0,52734267,1869671717,0,0.064539,0.01134,0.019574,77.3,19.5,1,122.0,5,2,3,2,4,2,0,0,0,0,6,0,Normal,0
723,0.780321,icmp,dns,REQ,6,8,1207.0,134.0,66.389,62,254,569.36,454.394,1,0,2.233,2.0,1.74,5.181,255,2331467204,624293511,255,0.026436,0.02153,0.014057,188.1,106.1,1,225.0,5,2,1,1,1,1,0,0,0,5,2,0,Normal,0
724,0.416802,tcp,-,ECO,35,5,1249.0,137.0,2.461,62,128,95.703,601.467,0,0,5.902,9.734,29.431,8.793,255,2990576809,3964984587,255,0.048838,0.01328,0.007652,60.6,2.7,0,106.0,2,0,1,1,4,4,0,0,0,1,4,0,Analysis,1
725,0.226605,tcp,http,FIN,9,8,1283.0,696.0,68.498,31,128,2805.412,144.075,1,1,12.592,29.578,7.289,2.986,0,1707689738,2624532327,255,0.021009,0.011883,0.052004,120.0,165.0,3,57.0,1,5,2,2,4,2,0,2,1,3,3,0,Normal,0
726,2.993415,tcp,http,INT,9,8,1239.0,236.0,82.586,128,254,7.062,51.976,2,0,8.569,0.27,4.322,3.163,0,2607404992,3622804001,0,0.030694,0.002638,0.001841,44.3,43.9,0,73.0,2,1,0,3,2,5,0,0,0,3,0,0,Normal,0
727,0.623749,tcp,dns,ECO,9,8,69.0,193.0,4.822,254,62,200.267,235.367,1,1,11.287,17.019,2.044,18.002,0,4073297545,1869914862,255,0.000415,0.007514,0.059046,177.2,368.8,1,34.0,4,1,2,1,3,2,0,1,0,3,2,0,Normal,0
728,0.321325,tcp,dhcp,ECO,15,9,125.0,13.0,40.873,62,254,437.419,430.323,1,1,2.924,3.935,3.247,5.007,0,1519930309,883044293,0,0.215274,0.006485,0.003617,5.6,131.4,1,281.0,0,3,4,2,2,5,0,0,0,4,3,0,Normal,0
729,0.565293,tcp,-,CON,18,9,48.0,420.0,58.712,128,128,426.662,761.817,0,0,5.475,1.269,5.417,0.288,0,423446082,1176985996,0,0.03335,0.011389,0.025172,16.6,12.2,1,90.0,2,2,2,2,3,1,0,0,0,3,1,0,Normal,0
730,0.131351,udp,smtp,REQ,9,9,977.0,520.0,138.924,62,31,95.86,802.444,1,1,5.228,15.317,1.544,5.761,255,1995807550,1182706058,255,0.011286,0.016611,2.5e-05,163.9,62.0,0,207.0,0,3,1,1,2,1,0,1,0,3,0,1,Normal,0
731,0.915169,tcp,ftp,ECO,13,10,1327.0,428.0,5.543,128,254,571.871,76.133,2,0,11.846,1.605,6.323,11.765,0,2555361924,146801731,255,0.028566,0.007613,0.005184,68.5,41.6,1,130.0,4,3,0,1,3,4,0,1,1,2,4,0,Normal,0
732,0.364714,icmp,-,RST,8,6,175.0,514.0,82.983,254,254,98.157,712.714,4,4,5.686,12.921,3.701,3.543,255,2372299783,382775229,255,0.023453,0.043598,0.000554,16.8,26.4,1,149.0,0,1,0,0,4,1,0,0,0,3,2,0,Normal,0
733,0.585289,tcp,smtp,REQ,9,3,2029.0,77.0,2.02,62,62,1208.971,558.139,2,1,3.143,16.765,5.122,4.654,255,2660774003,1840245451,255,0.087903,0.013234,0.000986,28.4,550.0,2,376.0,1,1,1,5,1,3,0,0,0,0,2,0,Normal,0
734,2.612114,udp,ssh,RST,7,2,108.0,294.0,53.997,31,62,123.329,557.68,2,0,9.567,1.915,7.011,21.823,0,908333764,339074712,255,0.074515,0.009742,0.011532,72.7,20.2,3,120.0,2,0,1,3,1,1,0,0,0,1,3,0,Normal,0
735,0.345649,tcp,dhcp,INT,13,14,242.0,312.0,0.993,31,62,409.452,101.874,1,1,1.876,0.345,3.236,0.419,255,2958322874,2210226454,0,0.039522,0.036218,0.006111,155.0,0.3,1,150.0,4,2,4,2,1,4,0,0,1,4,5,0,Normal,0
736,0.32127,tcp,smtp,FIN,33,9,2808.0,77.0,0.875,62,62,1198.894,186.252,0,0,5.815,0.061,3.348,12.077,255,3623270034,1038765344,255,0.029591,0.006968,0.013276,565.5,50.6,0,7.0,3,1,3,1,4,0,0,0,0,0,4,0,Exploits,1
737,0.381545,icmp,ftp,REQ,6,13,269.0,235.0,76.422,128,254,459.954,527.624,0,3,22.419,8.246,7.288,11.433,0,1561017271,3782978613,0,0.025319,0.012826,0.012552,307.2,62.1,0,199.0,3,4,4,0,1,1,0,0,0,3,3,1,Normal,0
738,0.211564,udp,pop3,REQ,7,8,50.0,343.0,45.604,31,62,2659.343,581.471,0,0,22.454,6.953,3.629,0.695,255,2611077360,779372832,255,0.126899,0.010819,0.002032,33.7,10.0,1,117.0,3,1,2,2,2,0,0,0,0,3,2,0,Normal,0
739,0.427431,tcp,http,ECO,5,8,1375.0,1205.0,75.982,62,62,330.289,64.278,1,0,10.428,2.868,8.866,1.947,0,3259740738,1455197906,0,0.041763,0.00449,0.020793,92.8,99.5,1,25.0,2,3,1,4,1,3,0,0,0,2,3,0,Normal,0
740,0.036513,tcp,ssh,ECO,11,5,155.0,161.0,25.734,128,31,1161.534,569.358,1,1,6.852,3.514,2.736,1.077,0,2290186555,3206796264,0,0.025973,0.014939,0.038513,147.6,47.8,0,22.0,3,2,0,1,3,0,0,0,1,3,7,0,Normal,0
741,0.969275,udp,dhcp,INT,12,12,351.0,243.0,26.751,62,128,168.124,2117.692,1,1,2.298,21.42,0.431,8.782,0,4165698973,1119227065,255,0.013546,0.004094,0.015698,33.5,33.8,2,57.0,1,1,2,1,0,3,0,0,1,0,3,1,Normal,0
742,2.235314,icmp,-,ECO,7,6,709.0,510.0,197.999,31,254,783.649,490.202,0,0,0.074,12.01,1.775,2.122,0,1913149999,3651562820,0,0.09194,0.001063,0.025753,49.0,10.9,0,140.0,6,2,1,1,3,4,0,0,0,1,6,0,Normal,0
743,0.339362,udp,dhcp,FIN,22,13,2010.0,187.0,62.492,31,254,1936.536,625.863,2,2,11.646,1.833,3.379,8.388,0,1260060549,912775651,255,0.057343,0.059121,0.023432,359.3,100.2,1,365.0,4,2,4,2,4,0,0,0,0,2,1,0,DoS,1
744,0.005688,tcp,http,ECO,9,8,1251.0,86.0,62.959,254,62,237.748,2729.672,2,1,4.285,0.993,8.614,10.465,255,238316683,3137857936,255,0.003964,0.01363,0.020646,231.5,94.4,0,137.0,5,2,1,2,2,1,0,0,0,3,1,0,Normal,0
745,0.171079,tcp,dns,FIN,12,6,224.0,144.0,63.416,254,254,259.549,1195.789,0,0,1.458,2.708,4.894,13.552,255,1123908458,1942047274,255,0.022485,0.001436,0.005535,150.3,32.0,0,300.0,1,2,1,1,1,2,0,1,1,1,7,0,Normal,0
746,0.005611,tcp,ftp,REQ,10,6,959.0,149.0,192.333,62,62,2764.349,220.03,5,0,5.15,10.761,8.564,5.188,0,3699932037,1903264761,255,0.032597,0.002893,0.00101,65.3,120.4,0,514.0,3,2,2,1,2,1,0,1,0,0,4,0,Normal,0
747,0.083355,tcp,http,RST,10,8,99.0,213.0,107.569,62,128,4791.968,618.177,1,1,3.054,12.223,0.467,5.326,255,2696978644,1927757997,255,0.063223,0.028194,0.019536,69.9,71.2,0,9.0,1,1,1,5,1,1,0,0,2,1,2,0,Normal,0
748,1.180493,tcp,ssh,REQ,8,7,900.0,217.0,105.65,31,62,682.596,101.368,1,1,6.193,2.692,4.005,12.232,255,1583757246,2566963212,255,0.00227,0.034917,0.008465,93.9,39.6,0,203.0,3,0,2,3,0,2,0,1,0,2,2,0,Normal,0
749,0.251665,udp,dns,ECO,23,4,1036.0,13.0,85.498,31,128,1600.865,91.053,0,3,32.376,8.177,0.517,2.162,255,4086078932,2890023527,255,0.034074,0.008036,0.018224,198.7,231.5,0,65.0,3,0,4,1,0,2,0,0,0,4,6,0,Exploits,1
750,0.33503,tcp,smtp,REQ,29,6,2575.0,295.0,39.888,31,31,653.724,17.483,1,1,11.233,14.616,14.491,0.202,0,3135148319,4180147863,0,0.001593,0.0052,0.050657,29.5,463.7,1,105.0,2,2,5,1,3,0,0,1,0,2,2,0,Fuzzers,1
751,0.406551,udp,dns,FIN,19,10,445.0,545.0,63.748,31,128,1221.393,4891.171,1,1,10.581,37.123,4.246,0.472,0,1499527205,213059643,255,0.071182,0.031929,0.017463,124.5,46.9,1,90.0,0,0,1,2,2,3,0,0,0,4,3,0,Normal,0
752,0.118226,udp,ssh,REQ,10,8,13.0,133.0,90.48,254,254,230.025,394.309,3,1,6.988,0.016,4.238,0.444,255,3324130671,1892560124,0,0.051988,0.00053,0.018088,69.5,152.8,1,176.0,0,3,4,2,3,1,0,0,0,2,3,0,Normal,0
753,0.952606,udp,dhcp,CON,11,7,551.0,394.0,39.864,62,31,3501.009,526.651,1,1,1.081,3.036,2.654,1.3,0,4183802061,2654509196,0,0.027964,0.020502,0.013916,49.6,166.2,0,108.0,2,4,1,2,2,3,0,0,0,0,4,0,Normal,0
754,0.49541,tcp,smtp,REQ,18,6,62.0,774.0,15.399,62,254,1088.41,151.564,1,4,4.406,6.97,5.002,4.401,0,960398430,1043034957,255,0.050051,0.008093,0.031265,66.6,181.3,1,374.0,1,0,2,2,3,4,0,0,0,1,4,0,Normal,0
755,0.519416,tcp,http,INT,26,9,1101.0,210.0,42.978,31,31,428.331,35.694,1,0,0.774,23.38,4.505,2.873,0,3019801949,2014275090,0,0.098326,0.026167,0.000703,85.6,21.2,1,248.0,2,1,1,4,2,1,0,0,0,1,1,0,Generic,1
756,0.373283,tcp,ftp,FIN,12,8,654.0,157.0,4.819,31,254,808.366,769.795,0,1,7.614,2.383,2.445,22.756,0,2714118888,115526984,0,0.001417,0.010254,0.003393,118.9,5.1,1,474.0,1,1,1,1,5,1,0,0,1,2,3,0,Normal,0
757,0.612072,tcp,dns,REQ,3,7,1325.0,127.0,11.384,62,128,1528.409,861.46,0,0,7.187,0.824,12.645,4.943,0,3939251699,2891941114,255,0.092866,0.008829,0.012322,10.6,215.6,1,118.0,3,3,2,1,2,3,0,0,0,3,4,1,Normal,0
758,0.2684,tcp,-,FIN,26,8,791.0,151.0,130.06,62,31,1433.776,107.133,0,2,3.908,1.241,12.651,1.782,0,508967903,1567157795,0,0.071629,0.039089,0.018619,105.7,22.8,0,343.0,2,2,3,1,1,1,0,0,1,2,1,0,Reconnaissance,1
759,0.749734,tcp,http,CON,12,2,96.0,2.0,9.828,128,31,2071.124,263.845,0,0,12.757,1.795,5.25,0.685,255,3869306604,3795600235,0,0.07951,0.025278,0.057067,21.5,187.7,0,13.0,2,2,2,2,1,1,0,0,1,1,4,0,Normal,0
760,0.413221,tcp,http,REQ,8,10,683.0,103.0,36.642,128,254,352.96,1275.03,1,1,24.944,4.613,4.619,14.001,255,991381095,316119348,255,0.128245,0.01906,0.003876,71.4,54.1,1,22.0,3,1,3,2,1,0,0,0,0,3,5,0,Normal,0
761,0.024157,tcp,dhcp,ECO,28,12,2046.0,110.0,3.424,31,62,581.007,88.326,0,1,4.615,2.224,7.839,0.462,0,2219245292,2706437276,255,0.039235,0.004603,0.004829,22.7,98.8,1,240.0,3,0,1,2,3,1,0,0,0,1,2,0,Exploits,1
762,0.046715,icmp,dns,CON,9,13,277.0,381.0,22.953,128,254,74.45,657.802,0,0,12.128,1.223,0.576,2.247,255,2554548624,1189803110,255,0.004676,0.029546,0.050385,314.4,59.8,2,4.0,3,1,0,1,0,0,0,0,0,1,0,0,Normal,0
763,0.23712,udp,dhcp,CON,9,4,441.0,855.0,8.176,254,128,204.957,16.416,1,4,3.157,2.384,5.756,0.145,255,970832206,1622971192,0,0.029272,0.023776,0.00024,6.7,377.2,0,15.0,3,3,2,2,2,4,0,0,0,2,2,0,Normal,0
764,0.016556,tcp,smtp,CON,10,3,81.0,947.0,2.223,128,128,1074.231,1117.946,0,3,1.248,2.955,2.384,7.084,0,3150149683,4026580138,255,0.016883,0.036581,0.009145,147.2,3.9,1,122.0,3,1,1,2,4,1,0,1,0,3,8,0,Normal,0
765,0.040222,icmp,smtp,REQ,34,13,383.0,417.0,49.606,31,31,591.168,1039.298,1,2,5.2,5.747,5.339,2.061,255,1597949561,242791113,255,0.000756,0.031161,0.003269,188.7,38.0,0,154.0,5,1,3,1,2,1,0,0,0,0,6,0,Reconnaissance,1
766,0.231405,tcp,dhcp,CON,9,7,604.0,155.0,29.595,128,128,112.95,609.904,1,0,9.981,2.148,1.881,3.586,0,931019490,3027982174,0,0.095793,0.01903,0.001498,84.3,66.6,0,722.0,3,1,2,1,1,3,0,0,0,3,2,0,Normal,0
767,0.17295,tcp,ssh,REQ,10,6,590.0,150.0,47.016,62,128,2687.623,1584.186,0,0,5.619,14.381,20.052,0.501,255,2452133388,4198796017,0,0.130698,0.025437,0.004277,61.8,109.2,0,340.0,4,3,2,4,1,6,0,0,0,2,3,0,Normal,0
768,0.513415,udp,http,RST,16,6,83.0,161.0,3.414,128,254,189.833,171.61,1,0,5.571,11.07,1.301,0.762,255,851214246,1636604842,255,0.07961,0.023597,0.011796,160.6,72.0,1,460.0,3,1,0,2,1,4,0,1,0,2,5,0,Normal,0
769,0.146529,tcp,ftp,FIN,7,7,1158.0,735.0,86.513,254,128,821.463,1742.927,1,0,7.653,8.84,0.537,4.137,0,3462747518,2220039677,0,0.031986,0.077153,0.014441,10.7,65.6,0,724.0,5,4,2,3,3,4,0,1,0,1,2,0,Normal,0
770,0.155216,tcp,ssh,ECO,20,8,825.0,1257.0,8.171,62,254,60.61,273.518,1,2,3.185,10.864,0.595,1.32,0,3704985105,810169395,0,0.080331,0.003503,0.008828,126.9,12.7,0,172.0,1,3,1,4,1,1,1,0,0,4,5,0,Generic,1
771,0.228602,tcp,-,REQ,2,5,314.0,773.0,135.163,62,254,994.823,251.943,0,1,3.577,11.858,4.324,8.221,0,137259710,291050425,0,0.028207,0.013063,0.028734,98.5,138.2,0,7.0,5,3,2,1,2,5,0,0,1,1,3,0,Normal,0
772,0.018906,tcp,http,REQ,33,8,2005.0,61.0,184.725,62,31,531.655,395.909,0,1,7.209,36.102,5.153,11.164,0,2964120623,1562508893,0,0.001868,0.009032,0.058746,103.9,30.8,0,56.0,4,2,3,0,2,1,0,0,0,3,1,0,Generic,1
773,0.510413,udp,-,REQ,38,12,3032.0,188.0,75.614,62,31,610.734,334.107,2,1,1.706,24.099,1.082,1.086,0,1946041279,3459123119,255,0.002398,0.004193,0.031159,13.6,12.2,0,19.0,2,1,3,0,2,4,0,1,0,4,4,0,Generic,1
774,0.66028,tcp,ssh,ECO,29,9,1074.0,293.0,22.935,254,128,483.881,4346.169,0,1,18.611,2.2,0.339,2.547,0,1746836736,4225175882,0,0.032576,0.006615,0.001157,57.1,80.7,1,119.0,3,4,2,1,2,5,0,0,2,4,4,0,Fuzzers,1
775,1.763255,tcp,dns,REQ,4,9,425.0,209.0,178.73,62,31,2326.376,207.795,1,0,17.957,2.087,2.639,0.776,255,215184089,159258077,255,0.184455,0.000987,0.026587,133.1,45.6,0,542.0,3,4,2,3,1,0,0,0,0,4,5,0,Normal,0
776,0.754114,tcp,-,ECO,30,9,499.0,119.0,17.431,254,31,1539.922,816.617,1,2,13.677,4.136,2.249,12.55,255,2703973115,4176282178,0,0.105447,0.006539,0.004383,406.0,52.3,0,114.0,8,0,3,1,2,2,0,0,0,1,3,0,DoS,1
777,0.18752,tcp,ssh,CON,41,8,1759.0,343.0,8.366,62,254,1454.004,4235.471,0,0,1.956,2.847,7.895,2.17,0,4131334775,2544433843,255,0.120186,0.013873,0.043972,38.5,70.3,2,750.0,4,1,1,2,2,2,0,0,0,3,3,0,Generic,1
778,0.738573,tcp,ssh,CON,9,6,844.0,595.0,85.698,254,62,3606.343,893.266,0,0,13.722,20.11,0.356,5.946,0,4017803521,1831559112,255,0.013693,0.010866,0.011941,71.7,2.4,1,121.0,9,2,2,2,2,2,0,0,0,6,0,0,Normal,0
779,2.517886,icmp,ssh,REQ,28,3,1874.0,1069.0,8.2,128,254,520.897,328.119,0,1,9.961,15.519,8.214,1.979,0,1111830558,1008419271,0,0.064937,0.025523,0.000239,21.0,106.1,1,329.0,3,4,3,2,2,1,0,0,0,3,1,1,Exploits,1
780,0.121676,udp,http,FIN,21,9,1659.0,227.0,69.508,254,128,116.124,90.188,0,3,2.283,3.623,0.113,0.787,255,4107475121,3347027566,255,0.001206,0.016846,0.01754,41.9,72.5,0,536.0,8,2,3,4,3,4,0,1,1,3,6,0,DoS,1
781,1.581372,tcp,pop3,FIN,4,13,127.0,611.0,20.812,254,62,497.996,2120.128,1,1,18.42,9.141,2.882,2.033,0,407609471,1038780064,255,0.017366,0.001848,0.001974,114.8,48.2,0,8.0,0,2,3,4,2,6,0,0,0,2,2,0,Normal,0
782,0.216618,udp,http,CON,36,5,1601.0,0.0,49.415,254,128,797.688,330.968,0,1,5.406,2.56,10.295,1.114,255,738615163,596386918,255,0.063035,0.025088,0.010129,45.5,16.8,2,59.0,2,3,2,4,3,1,0,2,1,3,0,1,Reconnaissance,1
783,0.02972,tcp,smtp,CON,11,11,370.0,305.0,0.774,254,254,1744.006,93.592,1,0,2.144,31.127,11.689,2.416,255,332328837,3800112185,255,0.069375,0.01649,0.003744,219.7,2.8,0,140.0,3,1,1,4,4,2,0,0,0,2,5,0,Normal,0
784,0.034337,tcp,smtp,FIN,29,5,5335.0,624.0,28.279,62,128,710.34,2.836,3,0,23.074,26.329,1.022,5.422,0,1468909483,2471882910,255,0.010447,0.034084,0.003283,15.3,16.4,1,386.0,3,1,1,3,1,1,0,0,0,2,3,0,Generic,1
785,0.104005,tcp,http,RST,25,12,2220.0,191.0,47.752,31,31,5659.493,1173.332,0,2,4.747,4.053,1.35,1.638,0,1892311035,1845528518,255,0.035967,0.00366,0.017472,113.2,41.2,1,87.0,6,2,2,2,3,2,0,0,0,0,4,0,Backdoor,1
786,0.554411,tcp,dns,REQ,10,8,277.0,360.0,11.482,31,254,2502.64,132.978,2,2,3.136,6.307,8.928,5.666,255,2066075518,934518361,0,0.00828,0.002973,0.002958,441.4,10.4,1,66.0,4,5,3,1,1,0,0,1,0,2,3,1,Normal,0
787,0.623044,udp,-,CON,34,5,983.0,500.0,24.021,31,128,1477.501,27.525,2,1,3.462,12.388,2.01,2.295,255,1680387866,4119042925,0,0.006313,0.045243,0.007673,50.6,263.9,0,29.0,5,0,1,2,0,2,0,1,0,1,2,0,Fuzzers,1
788,0.583458,arp,dns,CON,16,6,318.0,67.0,60.134,128,31,1159.88,191.193,0,1,6.38,7.394,0.845,2.57,0,3740349348,174625317,0,0.121991,0.006322,0.019649,86.0,28.1,0,121.0,4,1,0,0,3,1,0,0,0,2,4,0,Normal,0
789,0.250687,tcp,ssh,ECO,35,9,261.0,725.0,1.819,254,31,642.307,134.101,2,0,14.389,4.538,3.163,4.96,0,3588815944,3531764445,255,0.022115,0.021018,0.013881,30.0,83.6,0,303.0,5,2,4,0,2,3,0,0,0,1,4,0,Fuzzers,1
790,0.408749,tcp,ftp,ECO,29,8,1275.0,587.0,40.134,254,254,270.411,217.655,0,0,1.054,0.572,7.856,8.908,255,945884508,2660898008,0,0.130097,0.012855,0.004518,262.5,164.6,0,893.0,4,0,1,4,1,0,0,0,2,2,3,0,Generic,1
791,0.610311,udp,smtp,FIN,14,8,51.0,566.0,56.897,128,62,792.887,414.699,0,0,0.697,13.003,7.654,1.08,0,1521947582,81075199,255,0.03904,0.009069,0.006748,54.5,24.3,0,160.0,2,0,2,1,1,3,0,1,0,2,5,0,Normal,0
792,0.380935,tcp,dhcp,REQ,10,5,286.0,551.0,2.426,31,62,883.817,1327.596,2,2,4.226,0.533,0.141,10.947,0,1935099611,1784885396,255,0.006866,0.001233,0.001253,33.2,49.8,1,283.0,2,1,0,2,1,3,0,0,0,2,2,0,Normal,0
793,0.299406,tcp,http,CON,8,9,400.0,19.0,31.992,128,254,57.937,309.063,2,1,18.347,1.672,0.359,2.077,255,1619281664,1797078666,255,0.01445,0.00126,0.017478,20.1,185.4,1,12.0,5,1,5,6,3,2,0,1,1,2,2,0,Normal,0
794,0.13743,arp,ftp,INT,11,7,254.0,151.0,14.955,31,128,948.637,134.154,0,0,7.394,4.495,0.382,8.41,0,287387992,3427398569,255,0.042166,0.001013,0.009186,219.6,69.4,0,241.0,5,1,2,3,1,1,0,0,0,4,2,0,Normal,0
795,0.240993,udp,-,REQ,9,6,17.0,152.0,127.503,62,31,670.042,2389.241,0,1,0.481,17.508,9.027,10.105,255,3955301368,4127448704,0,0.00938,0.01724,0.033494,67.4,49.1,0,8.0,2,2,1,2,1,0,0,1,2,3,3,0,Normal,0
796,0.728762,arp,smtp,ECO,9,9,621.0,250.0,68.523,31,128,80.65,12.664,0,0,2.703,0.697,3.998,4.621,0,1425089802,1782411984,0,0.002422,0.003242,0.019353,34.4,28.6,0,18.0,2,1,1,5,1,1,1,0,1,2,2,0,Normal,0
797,0.392724,tcp,http,REQ,6,8,668.0,768.0,85.517,254,128,203.924,1125.209,0,2,14.431,28.75,5.985,1.382,0,130770603,2000776552,0,0.050201,0.023571,0.025063,64.4,13.6,1,389.0,1,3,2,3,1,0,0,1,1,2,6,0,Normal,0
798,0.110321,tcp,pop3,ECO,6,7,9.0,391.0,13.253,254,31,1716.491,113.518,2,1,3.905,15.497,0.776,6.044,255,3302627242,9565350,0,0.000595,0.007281,0.004805,36.6,16.0,0,227.0,3,3,1,3,0,2,0,0,1,3,2,0,Normal,0
799,0.132566,tcp,ftp,RST,27,5,438.0,57.0,46.772,62,62,82.067,441.126,0,1,3.537,3.686,5.525,1.76,255,2042664348,2642658779,255,0.022072,0.012963,0.023763,8.9,284.7,0,84.0,3,0,0,4,5,2,0,0,0,0,3,0,Exploits,1
800,0.781031,icmp,ssh,RST,26,8,1312.0,293.0,35.673,128,128,1634.29,4020.087,0,0,10.294,13.923,0.917,1.721,255,3789043448,1304089438,255,0.018056,0.022034,0.022018,89.3,70.6,0,85.0,5,3,2,2,3,1,0,1,0,4,2,0,Exploits,1
801,1.181924,tcp,http,RST,23,4,1045.0,331.0,56.95,62,31,71.014,1274.858,0,0,19.433,14.823,1.822,4.056,0,84946568,380848875,0,0.023763,0.017937,0.034351,306.5,4.6,0,189.0,6,6,0,1,2,2,0,0,0,4,3,0,Exploits,1
802,0.179091,tcp,ftp,RST,5,5,112.0,151.0,64.364,62,254,1463.865,1359.644,0,2,4.674,6.468,1.038,22.969,255,985074742,3583647488,255,0.000706,0.075127,0.005035,280.0,8.5,0,101.0,3,0,4,1,2,2,1,0,0,1,3,0,Normal,0
803,0.250922,tcp,http,CON,27,6,1064.0,1079.0,119.808,62,62,1098.303,2125.079,0,1,10.167,25.201,0.361,9.285,0,1024735024,2557625273,0,0.008359,0.006668,0.004126,226.1,4.6,1,206.0,5,2,2,3,2,2,0,1,0,3,2,0,DoS,1
804,0.002353,udp,smtp,ECO,34,7,2824.0,196.0,87.135,128,128,1652.807,668.555,2,1,3.921,14.271,6.146,0.805,255,1912724721,2627628712,0,0.013506,0.025281,0.003448,133.7,16.0,0,83.0,4,3,1,2,3,4,0,1,0,0,2,0,Generic,1
805,0.057091,udp,-,ECO,9,9,537.0,297.0,168.714,254,31,3725.688,16.251,1,1,0.559,22.735,5.278,0.361,0,1276156270,706764722,255,0.025576,0.002977,0.00886,3.4,12.8,1,841.0,3,4,1,3,6,5,0,1,0,5,4,0,Normal,0
806,0.600407,udp,-,REQ,10,5,916.0,197.0,19.919,62,128,2273.394,1176.192,0,1,14.854,7.626,1.797,1.069,255,2197814459,1495714986,255,0.047777,0.025817,0.010345,6.2,112.1,0,75.0,3,1,0,1,2,1,0,0,0,3,2,0,Normal,0
807,2.003843,tcp,smtp,RST,43,11,469.0,4.0,5.782,128,128,2031.942,1529.287,2,2,14.207,3.345,4.632,3.287,255,3096801408,2250357808,255,0.028262,0.007276,0.024814,67.0,0.8,0,11.0,4,0,3,3,0,1,0,0,0,1,2,0,Exploits,1
808,0.462051,udp,smtp,ECO,8,7,851.0,338.0,21.707,128,31,1563.295,209.028,3,2,9.442,19.363,11.54,7.91,0,85758816,1138421254,255,0.012459,0.027309,0.003656,65.0,92.9,0,148.0,3,5,0,4,0,1,0,0,0,5,2,0,Normal,0
809,0.401473,tcp,ftp,FIN,13,10,63.0,550.0,12.173,254,62,5594.881,33.564,3,0,29.406,0.854,8.326,4.189,0,2568914588,2977214609,255,0.03318,0.017811,0.012151,221.8,160.1,1,175.0,2,4,3,0,0,1,0,0,0,2,2,0,Normal,0
810,0.749345,tcp,dns,FIN,38,5,571.0,926.0,16.393,31,254,342.707,354.675,3,0,13.986,2.663,10.186,6.753,255,2733321930,2719826485,255,0.002642,0.012818,0.015757,480.7,332.8,1,187.0,3,2,2,0,4,0,0,0,1,4,4,0,Shellcode,1
811,0.170592,tcp,dns,ECO,7,8,1125.0,140.0,176.446,128,254,674.284,42.588,0,0,0.616,4.461,0.233,4.309,255,974228883,1135036079,0,0.045272,0.033121,0.031393,36.1,107.0,0,293.0,5,0,1,2,0,1,0,1,0,2,2,0,Normal,0
812,0.395765,tcp,pop3,REQ,12,10,51.0,143.0,5.563,128,254,882.924,6.913,1,1,3.774,1.296,4.298,0.592,255,1025828871,986742230,0,0.027733,0.001696,0.015733,3.4,99.9,0,165.0,2,1,3,2,2,0,0,0,0,6,1,0,Normal,0
813,0.24607,tcp,dns,RST,20,9,3719.0,730.0,91.077,62,62,364.858,2649.857,3,0,0.05,11.796,8.581,6.265,0,1464680671,1701558728,255,0.019893,0.023799,0.010809,646.9,425.7,0,47.0,5,2,1,2,2,3,1,0,1,0,5,0,Shellcode,1
814,0.240381,arp,pop3,REQ,28,10,1862.0,76.0,98.488,62,254,491.542,1690.39,0,0,6.007,1.343,3.075,0.252,0,2474546938,3205023976,0,0.025812,0.018524,0.006035,6.9,132.8,3,322.0,1,3,3,2,4,1,0,0,0,2,3,0,Generic,1
815,0.102501,tcp,http,REQ,8,12,1387.0,113.0,93.854,128,31,1035.925,1087.327,2,2,3.199,0.822,8.927,2.358,255,2647662194,3706258050,0,0.050093,0.018674,0.001391,169.9,98.4,1,269.0,1,0,1,4,2,0,0,0,0,1,3,0,Normal,0
816,0.292777,tcp,http,FIN,30,6,2848.0,758.0,81.972,62,31,2053.035,534.695,1,3,2.769,3.287,8.098,0.067,0,3062554932,158724038,0,0.003228,0.045562,0.013559,49.3,30.0,0,30.0,4,3,0,3,1,1,0,0,0,2,1,0,DoS,1
817,0.359895,udp,dns,CON,27,6,1388.0,705.0,7.829,128,254,1100.554,367.851,1,0,4.905,14.231,8.571,18.312,0,1280204792,972159549,0,0.085761,0.009492,0.010828,120.4,43.8,1,289.0,1,2,1,2,0,4,0,0,0,1,5,0,DoS,1
818,0.960159,udp,-,FIN,14,6,311.0,151.0,6.844,62,62,121.815,180.804,0,2,15.483,3.593,0.542,5.887,0,2304657341,3868561142,255,0.050815,0.016538,0.005947,88.7,116.0,0,83.0,2,2,2,3,3,3,0,0,1,4,2,0,Normal,0
819,1.522264,tcp,ssh,INT,29,15,2583.0,105.0,30.671,31,254,3.056,628.364,0,1,4.336,2.436,10.964,1.57,0,2790321344,2445908886,255,0.044401,0.007596,0.024993,16.6,127.5,0,387.0,6,2,0,2,1,3,0,1,0,1,3,0,Generic,1
820,0.046626,udp,dns,FIN,8,10,83.0,136.0,42.069,254,254,455.251,145.282,1,0,39.98,30.934,3.881,16.036,255,682418795,16603854,255,0.038833,0.003519,0.005818,114.3,20.8,0,966.0,1,3,1,3,0,0,0,0,1,1,0,0,Normal,0
821,0.060083,tcp,ftp,RST,9,4,362.0,53.0,126.531,31,31,814.566,423.395,1,0,2.783,1.475,4.792,0.901,255,4111699779,3419186605,255,0.050825,0.007606,0.116342,299.6,102.7,3,122.0,7,2,0,2,2,3,0,0,0,1,3,0,Normal,0
822,0.885961,tcp,smtp,CON,40,6,2072.0,193.0,11.897,254,31,876.915,56.179,0,0,1.092,5.734,3.212,11.511,255,181024819,2013344315,255,0.039861,0.016273,0.003746,65.7,155.1,0,127.0,3,1,2,2,4,7,0,0,1,4,4,0,Generic,1
823,0.41344,udp,-,RST,5,16,366.0,130.0,1.349,62,254,2086.03,2143.607,2,1,7.22,1.764,5.459,1.289,255,1938327600,1651725070,255,0.124177,0.020947,0.048323,72.7,34.1,1,155.0,2,2,1,0,2,2,0,0,0,4,4,0,Normal,0
824,0.705631,tcp,dns,FIN,32,8,2425.0,408.0,49.406,62,62,96.369,677.553,1,0,6.79,1.531,6.376,1.159,255,1552289399,3072258149,255,0.013836,0.010643,0.001877,120.9,28.5,0,63.0,0,2,4,3,0,0,0,0,0,0,8,0,Generic,1
825,0.050411,tcp,dhcp,FIN,34,9,3123.0,167.0,57.047,62,128,84.105,1577.366,1,1,1.559,4.318,28.847,12.131,255,2795964110,1581874440,255,0.065621,0.024034,0.000747,260.4,20.8,0,65.0,3,4,3,4,0,1,0,0,0,2,6,0,Fuzzers,1
826,0.08461,tcp,ssh,INT,13,5,737.0,31.0,10.376,62,62,827.301,827.26,3,1,0.77,11.071,1.371,13.298,0,906892855,2968366873,255,0.06707,0.029514,0.024734,168.2,71.4,1,27.0,4,1,2,3,1,4,0,1,0,0,4,0,Normal,0
827,0.409566,tcp,smtp,RST,34,10,1340.0,566.0,20.688,128,128,1999.444,1340.066,0,1,10.762,1.366,0.183,17.877,255,2303652838,2984416506,0,0.109533,0.007141,0.009617,3.8,115.8,0,61.0,1,2,2,4,3,1,0,0,0,2,4,0,Generic,1
828,0.284589,tcp,smtp,RST,7,12,601.0,900.0,21.355,254,31,2964.98,1190.834,4,0,19.633,23.471,2.153,10.103,255,884188570,1486764928,0,0.000465,0.0116,0.003733,27.5,415.0,0,140.0,3,2,1,2,1,1,0,0,0,0,5,0,Normal,0
829,0.303912,icmp,dns,REQ,29,5,1091.0,866.0,70.293,31,62,1230.81,938.759,0,2,0.736,2.208,11.16,2.069,255,2077004986,2634322059,0,0.09365,0.001837,0.000745,4.9,192.5,0,7.0,5,1,1,0,3,2,0,0,1,1,2,0,DoS,1
830,1.131983,tcp,dhcp,REQ,11,9,1230.0,675.0,11.445,254,254,225.925,301.81,0,0,36.605,1.206,5.599,2.566,255,3708666344,2356977940,255,0.189094,0.010858,0.018805,65.0,26.9,2,203.0,5,3,1,1,0,1,0,2,0,2,5,1,Normal,0
831,0.684126,icmp,dhcp,RST,24,7,2982.0,404.0,11.095,62,128,318.26,920.901,1,2,12.123,27.103,2.462,0.58,0,411248336,2374134100,0,0.018498,0.014572,0.121354,7.1,52.0,1,53.0,3,1,3,2,0,1,0,0,0,2,2,0,Generic,1
832,0.24226,tcp,dns,RST,31,8,1770.0,150.0,86.642,31,128,590.233,149.612,2,1,8.226,1.816,1.69,2.344,255,2551636234,2122406810,0,0.005547,0.01922,0.024771,25.1,18.3,2,166.0,2,2,0,3,0,1,0,1,0,1,4,0,Generic,1
833,1.129072,udp,dhcp,RST,11,5,116.0,76.0,6.471,254,254,728.267,409.989,2,2,1.485,2.875,3.032,3.763,0,692554655,651213479,255,0.016206,0.008503,0.007847,54.8,44.2,1,473.0,4,1,1,2,3,7,0,0,0,4,2,0,Normal,0
834,0.295762,tcp,-,FIN,17,7,1194.0,69.0,6.325,128,31,1595.544,351.183,1,0,5.618,2.578,0.506,3.117,255,1904949166,3705905313,255,0.016426,0.008843,0.010475,70.4,128.4,1,8.0,8,2,1,2,1,1,0,0,0,5,2,1,Generic,1
835,0.687331,tcp,ftp,INT,28,7,799.0,210.0,83.437,31,254,2003.637,1717.981,1,2,1.046,11.724,1.041,8.182,255,4133373426,1164631247,255,0.008152,0.019714,0.050522,121.0,1.6,2,87.0,6,4,2,1,0,1,0,1,1,3,0,0,Exploits,1
836,0.665986,tcp,ftp,ECO,30,6,1317.0,519.0,31.852,254,128,1739.55,1408.424,0,1,0.039,2.336,0.956,3.296,0,2609843629,186365067,0,0.027616,0.006658,0.008326,296.5,17.1,0,5.0,5,1,1,1,0,2,0,0,0,2,3,0,Generic,1
837,0.22206,tcp,ssh,INT,23,5,2985.0,636.0,3.713,128,254,971.487,345.593,0,0,3.184,1.738,6.017,6.34,0,4035315334,696045949,0,0.089452,0.004391,0.001708,3.0,33.0,0,124.0,0,1,2,2,1,2,0,0,1,2,3,0,Exploits,1
838,0.538627,icmp,smtp,FIN,38,9,2354.0,130.0,69.936,254,62,3625.338,1766.471,0,1,2.733,4.314,6.5,5.51,255,1625736246,3261448417,255,0.058155,0.056311,0.038205,77.7,31.5,0,40.0,2,0,1,6,0,2,0,0,0,4,2,0,Backdoor,1
839,1.241735,udp,dns,REQ,18,6,311.0,469.0,35.964,128,62,1078.295,872.931,1,1,23.034,17.004,1.618,0.532,0,336765575,2713677654,255,0.079297,7e-05,0.039231,55.9,257.8,0,31.0,4,1,1,6,1,1,0,0,0,1,2,0,Normal,0
840,1.117956,udp,ftp,CON,12,11,808.0,259.0,20.095,31,31,398.979,301.803,1,0,16.338,24.186,4.339,2.709,0,1725216644,1642386684,0,0.327912,0.027595,0.000436,39.7,180.6,1,330.0,6,2,3,1,2,3,0,0,0,3,3,0,Normal,0
841,0.456893,tcp,smtp,REQ,6,10,756.0,186.0,23.941,31,128,369.339,854.196,1,1,2.131,0.18,18.562,4.366,0,2919668203,2654136620,255,0.067409,0.004808,0.012268,19.8,401.4,0,150.0,0,1,2,3,4,4,0,0,0,1,4,0,Normal,0
842,0.134004,tcp,ftp,REQ,24,7,1488.0,442.0,129.185,31,128,1670.595,505.264,1,1,9.908,26.311,0.512,1.683,0,743392978,2982230382,255,0.031084,0.030684,0.021519,98.1,60.0,1,79.0,5,0,4,1,3,2,0,1,0,4,6,1,Fuzzers,1
843,0.15749,udp,dns,RST,11,9,303.0,1734.0,9.355,62,62,2222.765,189.119,2,0,11.056,2.66,2.158,8.507,0,2988769063,4155827262,0,0.108389,0.023664,0.006289,114.2,122.9,0,24.0,5,0,0,1,2,3,0,0,0,1,7,0,Normal,0
844,0.77316,udp,ftp,ECO,17,8,293.0,346.0,26.325,128,254,967.416,293.653,0,2,3.386,18.386,9.544,1.403,0,2672271830,3842275440,255,0.028728,0.000584,0.022695,173.3,210.0,0,233.0,4,3,1,2,5,1,0,0,0,2,2,0,Normal,0
845,0.374961,tcp,dhcp,RST,5,8,641.0,346.0,10.608,254,128,953.633,566.266,1,2,14.062,28.176,1.067,11.208,255,2939100221,1012149782,0,0.007759,0.018263,0.01223,77.4,115.4,0,92.0,2,0,1,2,2,0,0,0,0,3,2,0,Normal,0
846,0.381003,udp,ssh,ECO,33,5,2187.0,1051.0,8.92,254,62,1914.49,1018.235,1,2,14.965,1.14,5.629,7.622,255,1401989463,4153922522,255,0.086421,0.027759,0.005654,150.4,186.0,1,33.0,3,1,5,3,2,1,0,0,0,1,4,0,DoS,1
847,0.027828,tcp,http,FIN,10,8,94.0,1503.0,55.109,128,128,418.227,944.983,0,0,0.735,3.464,2.044,1.434,255,3313547631,3537113237,255,0.023655,0.013691,0.047694,233.3,21.9,0,27.0,1,2,2,4,5,2,0,0,1,0,3,0,Normal,0
848,0.148131,arp,dhcp,RST,34,11,2382.0,141.0,23.502,128,254,845.455,2253.294,1,2,4.278,6.669,4.557,0.325,255,540605350,1102103800,0,0.014636,0.023581,0.002986,90.8,50.6,0,13.0,4,3,2,3,5,1,0,1,0,3,5,0,Generic,1
849,0.558198,tcp,ssh,INT,12,6,537.0,120.0,11.229,31,31,663.857,621.103,1,1,20.478,0.235,6.026,10.361,255,3175619944,2976797606,0,0.01768,0.031394,0.000764,50.2,1.2,2,21.0,4,4,3,1,2,2,0,1,2,0,1,0,Normal,0
850,0.144022,tcp,ftp,RST,25,9,3364.0,164.0,11.734,62,128,723.484,568.306,0,1,0.253,5.88,2.376,19.441,255,824229867,58999194,0,0.012343,0.03518,0.030304,96.4,1.5,0,219.0,4,3,3,1,2,5,0,0,0,1,2,0,Analysis,1
851,0.082471,icmp,smtp,FIN,7,7,68.0,238.0,19.628,31,254,601.73,263.295,0,2,12.493,7.359,2.517,0.263,0,849312387,3033315408,0,0.029798,0.012372,0.005328,110.2,31.0,1,187.0,2,3,2,0,1,2,0,1,1,0,1,0,Normal,0
852,0.198526,tcp,http,REQ,9,13,43.0,821.0,56.904,62,128,73.877,9.23,1,0,0.727,5.021,15.807,10.276,0,2404945236,115272270,255,0.00478,0.008298,0.014543,70.4,9.9,0,394.0,2,2,3,1,1,4,0,1,0,1,4,0,Normal,0
853,0.585106,tcp,-,FIN,32,10,284.0,426.0,132.896,62,254,2858.068,16.082,0,0,0.648,9.669,8.619,3.859,255,2628994750,3198153256,0,0.010207,0.012195,0.004611,93.4,142.8,1,329.0,4,3,2,4,1,0,0,0,1,2,3,1,DoS,1
854,0.598532,tcp,dns,REQ,25,10,859.0,3.0,41.193,62,128,56.001,76.2,1,2,1.618,19.189,9.316,5.163,0,2166478357,2545512430,255,0.036604,0.033663,0.012974,376.2,19.0,0,558.0,3,2,0,2,1,1,0,0,0,2,4,0,Reconnaissance,1
855,0.397656,tcp,pop3,CON,8,7,1423.0,140.0,93.285,254,254,453.57,880.05,2,1,6.262,6.783,1.165,6.182,0,3678197485,1863450646,0,0.043308,0.004994,0.03778,102.3,119.9,0,228.0,3,3,3,3,0,3,1,1,1,0,3,0,Normal,0
856,0.319283,icmp,ftp,FIN,13,6,201.0,2354.0,16.257,128,128,302.98,264.96,0,2,4.593,7.173,8.626,2.531,255,403250525,1893281754,255,0.023004,0.028772,0.052246,38.6,123.3,0,140.0,6,2,1,1,3,0,1,2,0,1,4,0,Normal,0
857,1.02807,udp,dns,FIN,26,9,4027.0,141.0,7.47,31,62,1150.032,126.966,3,0,11.511,10.314,13.745,1.009,255,2629587194,48498931,0,0.038274,0.005877,0.019081,168.3,138.7,0,351.0,5,1,3,1,1,0,0,1,0,4,4,1,Exploits,1
858,0.931379,tcp,dhcp,CON,33,11,5389.0,609.0,50.279,254,62,709.538,158.693,1,0,32.842,7.996,1.819,4.773,0,1996480635,3353056483,0,0.048029,0.039325,0.021551,33.4,73.0,1,27.0,1,4,4,3,4,3,0,0,0,5,7,0,DoS,1
859,0.268445,arp,dhcp,ECO,12,9,1751.0,65.0,106.375,254,31,2858.14,3550.876,2,1,7.349,18.727,2.119,2.291,255,2991847466,1588852010,255,0.042949,0.018702,0.048036,294.5,130.7,0,35.0,6,1,2,0,0,2,0,1,1,2,3,0,Normal,0
860,1.08041,udp,dns,ECO,10,10,552.0,37.0,24.265,31,31,50.268,148.1,0,0,27.39,4.132,9.498,0.016,0,1761923679,3719290957,0,0.028171,0.062711,0.014977,172.5,193.5,0,222.0,0,1,4,2,1,2,0,1,0,3,1,0,Normal,0
861,1.194957,icmp,-,FIN,33,10,7170.0,29.0,3.506,254,128,358.196,898.62,3,2,10.163,1.789,3.929,3.293,255,2737168746,3888420488,255,0.044387,0.003771,0.030729,49.3,35.9,0,276.0,4,3,2,4,3,1,0,0,0,3,1,0,Exploits,1
862,0.539874,tcp,ssh,ECO,29,8,589.0,25.0,32.349,128,62,541.782,11.35,3,1,0.281,1.837,4.104,18.307,255,3805276414,753890717,255,0.00321,0.011594,0.01215,13.2,17.1,0,574.0,4,1,3,3,2,2,0,0,1,3,7,0,Exploits,1
863,0.263571,tcp,ssh,REQ,28,6,765.0,285.0,18.469,31,62,251.202,1633.704,0,0,0.15,4.232,1.254,6.361,0,1670937151,3851142014,0,0.026718,0.00788,0.024616,32.0,3.3,0,91.0,4,2,4,3,2,1,0,0,0,3,6,0,Exploits,1
864,0.381744,tcp,dhcp,CON,33,5,5195.0,477.0,10.614,128,62,2027.795,376.582,1,1,0.857,14.065,13.47,3.514,0,3254220926,422643164,255,0.021016,0.049723,0.001847,41.5,38.9,0,331.0,5,2,1,2,1,2,0,0,0,2,4,0,Generic,1
865,0.1525,tcp,dhcp,ECO,5,12,475.0,249.0,68.07,31,31,2435.404,744.658,1,1,1.717,1.035,2.124,4.312,255,3383542080,1512090317,255,0.07218,0.19371,0.016086,36.0,35.1,0,223.0,4,3,1,2,3,3,0,0,0,1,4,0,Normal,0
866,0.900871,udp,ssh,CON,35,16,523.0,14.0,167.494,128,254,444.703,1658.848,2,1,9.058,0.558,1.456,11.182,255,1406455890,3441236422,0,0.070661,0.039816,0.104178,245.0,80.9,0,66.0,8,2,1,1,4,3,0,0,1,0,4,0,Reconnaissance,1
867,0.318286,tcp,-,CON,26,6,500.0,95.0,6.18,128,31,204.363,1302.544,1,0,5.577,28.897,13.448,1.927,255,1884641371,2161544179,255,0.069159,0.000287,0.010951,257.4,22.3,1,349.0,4,2,2,1,0,3,0,0,0,3,2,0,DoS,1
868,0.739454,tcp,http,CON,35,16,1865.0,390.0,45.738,254,31,461.301,37.529,0,1,0.82,5.019,1.018,36.872,255,182506070,3523824985,255,0.044479,0.003213,0.010657,25.4,127.1,0,379.0,5,1,2,1,2,1,0,0,0,2,8,0,Fuzzers,1
869,0.734482,udp,ssh,FIN,11,8,54.0,85.0,19.465,62,62,20.485,752.879,0,0,21.49,3.519,1.138,9.351,255,3548505904,2204260993,255,0.034039,0.057331,0.006186,4.6,118.5,2,545.0,7,0,2,2,2,4,0,0,0,1,3,0,Normal,0
870,0.030203,tcp,smtp,INT,12,5,202.0,264.0,78.782,128,128,303.085,803.107,0,2,11.188,39.524,0.408,1.545,0,2634353406,1472535886,0,0.037567,0.047086,0.007715,68.9,186.7,0,23.0,5,2,4,3,2,3,0,0,1,0,6,0,Normal,0
871,0.996614,tcp,dns,FIN,39,8,716.0,1525.0,22.202,254,254,1637.039,2525.934,1,0,8.656,11.219,1.987,0.528,0,2402353362,4243526222,0,0.01273,0.014889,0.000585,89.9,33.4,3,51.0,4,2,1,4,1,0,1,0,0,3,4,0,Exploits,1
872,0.097127,udp,dns,CON,8,8,681.0,143.0,42.399,128,62,139.032,23.203,2,0,6.144,0.739,3.566,2.825,0,3278868527,1030214174,0,0.005794,0.064644,0.019623,207.3,84.2,1,231.0,2,2,3,3,0,2,1,1,0,1,4,0,Normal,0
873,0.160825,icmp,ssh,INT,27,11,3170.0,757.0,5.514,31,62,180.974,9.057,1,3,47.249,41.263,4.934,0.854,255,1101253397,741854876,0,0.083283,0.021284,0.00831,25.3,88.1,0,526.0,5,5,0,1,2,2,0,0,0,1,5,0,Backdoor,1
874,0.406626,tcp,dns,REQ,13,4,2.0,1029.0,48.878,128,128,1008.084,168.271,0,1,2.847,1.135,7.657,3.723,255,3750925823,109977631,255,0.05753,0.005312,0.002883,118.7,5.2,1,531.0,5,1,1,3,4,5,0,0,1,1,1,0,Normal,0
875,0.427405,arp,http,ECO,29,7,2031.0,24.0,32.262,62,31,658.311,1325.646,2,1,3.505,9.775,3.919,17.312,255,1037770795,2363765744,255,0.007178,0.007843,0.04799,17.7,64.9,2,6.0,2,2,2,2,2,1,0,0,1,2,4,0,Exploits,1
876,0.239628,udp,dhcp,FIN,37,12,490.0,22.0,3.817,254,62,2091.97,903.047,1,0,11.444,8.885,7.973,2.837,255,3111472865,2281304296,0,0.078897,0.022393,0.001643,192.3,183.6,0,41.0,1,3,2,6,2,0,0,0,0,2,3,0,DoS,1
877,0.237416,udp,ftp,REQ,9,10,318.0,654.0,31.084,62,62,218.499,2541.453,0,0,15.892,8.717,1.347,1.778,255,59525444,3766343566,255,0.036346,0.001128,0.014206,14.2,24.2,2,58.0,3,3,3,3,0,0,0,0,0,3,3,0,Normal,0
878,0.690839,tcp,ftp,FIN,14,8,506.0,553.0,78.934,31,31,130.249,265.371,1,0,3.065,7.307,2.385,0.081,255,4135143550,2712240417,0,0.00712,0.027472,8.3e-05,13.6,156.7,0,4.0,3,0,0,3,1,1,0,0,0,2,2,0,Normal,0
879,0.37166,udp,-,ECO,25,5,512.0,123.0,54.283,31,31,2760.127,351.06,2,0,4.748,1.169,0.778,7.534,0,1824984446,3750317141,0,0.002886,0.002031,0.05315,41.9,167.3,0,418.0,5,2,2,3,2,0,0,0,0,8,2,0,Generic,1
880,0.605198,udp,dns,CON,37,13,2571.0,345.0,4.813,62,254,1797.634,120.383,0,2,4.012,3.144,10.588,21.353,255,3392046792,2548827110,0,0.03658,0.020795,0.016852,176.1,46.4,1,21.0,7,1,0,0,0,5,0,0,0,3,1,0,Generic,1
881,1.045832,tcp,dhcp,ECO,12,7,197.0,43.0,462.857,62,128,896.388,1327.23,0,1,9.752,23.847,5.698,1.21,255,227457410,739159616,255,0.122732,0.003086,0.01888,40.8,151.5,0,400.0,3,0,2,0,6,7,1,0,0,3,4,0,Normal,0
882,0.303691,ospf,http,RST,29,9,1219.0,1739.0,10.58,31,31,1702.349,1378.407,1,1,3.538,0.107,0.46,5.578,0,1770627702,1940146673,0,0.008303,0.003011,0.006517,194.7,371.4,0,47.0,1,1,1,3,2,5,0,0,0,6,4,0,Generic,1
883,0.325444,icmp,http,CON,35,4,2119.0,670.0,42.438,62,62,1770.092,69.837,3,1,0.525,3.686,20.129,1.906,0,1708608055,3762038559,255,0.04508,0.021284,0.007333,140.0,331.1,1,47.0,2,4,2,0,1,3,0,1,0,1,1,0,Reconnaissance,1
884,0.241211,tcp,http,CON,13,8,17.0,1821.0,16.186,254,62,1220.342,599.467,0,0,3.637,7.485,1.269,1.66,0,1795428850,400619159,255,0.018137,0.007412,0.003978,17.4,116.2,1,200.0,0,0,2,2,1,1,0,0,0,5,2,0,Normal,0
885,0.174063,udp,-,CON,14,7,1156.0,17.0,34.279,31,31,4586.881,3893.286,0,2,7.441,3.385,7.88,2.325,0,4050135794,2404386174,255,0.019848,0.030205,0.004838,46.5,58.2,1,137.0,3,1,4,2,3,3,0,0,0,2,2,0,Normal,0
886,0.928968,tcp,smtp,INT,11,14,250.0,300.0,7.635,254,128,77.299,160.017,0,1,11.034,4.391,8.826,1.68,0,1688448406,2289712467,255,0.000128,0.000339,0.024646,130.9,54.5,0,22.0,2,3,0,3,3,3,0,0,0,1,1,1,Normal,0
887,0.068911,udp,ftp,INT,8,5,291.0,327.0,117.408,31,128,286.763,42.644,1,1,4.998,0.277,3.879,11.395,255,703906312,996467955,255,0.025766,0.007151,0.002325,32.1,48.0,1,173.0,2,0,4,0,1,1,0,1,0,1,3,0,Normal,0
888,0.630002,udp,pop3,REQ,8,10,1096.0,111.0,1.069,62,254,641.829,560.234,0,0,11.771,4.937,22.457,3.937,255,3260344607,1555944362,255,0.178213,0.004363,0.003831,46.9,55.2,0,207.0,1,3,3,1,1,2,0,1,2,1,0,0,Normal,0
889,0.266672,tcp,dns,INT,5,8,214.0,591.0,36.82,128,31,2647.727,204.569,2,1,5.521,1.397,1.96,0.317,255,4229967983,2288157106,0,0.059443,0.027194,0.000366,2.3,86.9,1,165.0,1,4,3,4,2,1,0,0,0,2,3,0,Normal,0
890,0.298129,tcp,ssh,RST,27,8,1568.0,85.0,194.171,31,254,195.579,83.345,1,1,18.515,19.869,6.188,8.851,0,2238453023,3044601702,255,0.161363,0.009858,0.022095,174.7,90.7,2,17.0,1,1,0,1,1,2,0,1,0,3,6,0,Generic,1
891,1.354236,tcp,-,INT,9,7,145.0,112.0,26.671,31,62,65.772,230.526,1,3,6.078,2.378,11.468,0.022,255,1263076583,1027571687,0,0.040205,0.048672,0.008268,46.2,66.5,1,47.0,3,3,3,2,3,3,0,0,1,2,3,0,Normal,0
892,0.221914,icmp,ftp,CON,30,8,1958.0,299.0,55.316,31,128,541.139,411.411,1,0,6.164,8.439,0.911,7.114,255,1180113542,4234656002,0,0.099324,0.012024,0.001336,18.9,68.5,0,259.0,4,4,5,3,3,0,0,0,0,1,5,0,Analysis,1
893,0.256375,tcp,dns,CON,12,7,1407.0,145.0,138.167,31,254,1011.898,108.298,2,2,2.857,50.727,0.68,0.475,255,1814604662,4025651686,255,0.000979,0.002572,0.001742,47.2,90.8,0,342.0,1,2,2,4,1,1,0,0,0,1,2,0,Normal,0
894,0.135261,icmp,-,RST,13,5,137.0,162.0,67.766,62,62,109.28,141.57,2,1,4.951,6.591,1.866,0.889,0,3528572283,2586836220,255,0.007357,0.048627,0.008745,82.8,417.0,0,169.0,3,3,0,4,5,2,0,1,0,1,1,0,Normal,0
895,0.284235,tcp,dns,FIN,32,9,2041.0,862.0,47.305,31,254,1537.972,294.573,1,1,2.329,3.251,1.247,3.695,255,1405882383,15472420,255,0.052712,0.087234,0.000393,31.2,16.7,0,168.0,3,3,4,1,3,2,0,0,0,2,2,0,Exploits,1
896,0.1138,tcp,dns,CON,35,9,1908.0,856.0,17.175,31,62,713.043,1881.395,2,0,17.695,6.81,0.146,10.985,0,1162724957,2161683853,0,0.016407,0.00505,7e-06,208.8,86.7,0,66.0,4,3,2,4,2,1,0,1,0,3,3,0,DoS,1
897,0.422836,icmp,dns,CON,11,7,329.0,56.0,21.078,128,31,847.722,242.016,1,2,28.257,10.172,3.852,8.058,255,1510025131,1543203213,255,0.010097,0.004429,0.013334,135.2,79.9,0,887.0,3,0,0,3,3,1,0,0,0,5,4,0,Normal,0
898,0.211763,tcp,smtp,REQ,9,8,189.0,547.0,56.263,31,254,47.526,1316.495,0,3,7.49,9.644,4.88,1.843,255,1145802929,1309108227,0,0.042949,0.023785,0.036853,20.1,163.4,0,36.0,4,4,0,4,3,1,0,1,0,3,1,0,Normal,0
899,0.297053,tcp,pop3,FIN,16,13,1190.0,303.0,19.18,31,128,2037.628,3292.487,1,1,25.467,1.299,6.643,1.705,255,736692578,2256463640,0,0.1576,0.032535,0.000569,34.5,98.4,1,186.0,8,0,3,3,2,0,0,0,0,0,1,0,Normal,0
900,1.238927,tcp,pop3,INT,10,8,953.0,159.0,152.841,62,62,129.25,65.981,1,0,17.075,5.845,3.095,0.483,0,828077022,662041151,255,0.013667,0.002974,0.011546,326.7,1.9,0,602.0,0,2,1,1,1,4,0,0,1,1,2,0,Normal,0
901,2.192216,tcp,-,RST,6,6,48.0,1023.0,7.291,62,254,955.652,367.376,1,0,0.345,30.157,1.898,2.959,255,1846937732,1489316560,0,0.063916,0.002788,0.012352,64.8,24.1,1,32.0,1,4,3,1,1,2,0,0,0,3,2,0,Normal,0
902,0.098257,tcp,ssh,ECO,11,11,23.0,2353.0,3.942,254,128,587.305,67.922,2,2,12.682,9.068,2.515,4.911,255,4072829639,763150917,255,0.079949,0.021444,0.014123,79.6,44.9,0,223.0,3,2,2,1,1,0,0,0,0,4,4,0,Normal,0
903,1.02756,tcp,dhcp,INT,5,8,374.0,439.0,13.868,128,254,251.835,701.687,4,2,25.761,31.721,1.389,1.181,255,3939548345,2435642548,255,0.020665,0.01032,0.004474,164.9,31.0,0,72.0,2,1,3,2,2,1,0,1,0,2,1,0,Normal,0
904,0.018354,udp,pop3,ECO,8,6,181.0,597.0,62.012,31,31,2828.895,19.521,0,1,5.486,7.088,2.96,2.608,255,2663071669,529773642,0,4e-06,0.00658,0.015273,107.0,39.6,1,208.0,2,4,4,1,5,1,0,0,0,1,4,0,Normal,0
905,0.398839,tcp,ftp,REQ,34,5,842.0,59.0,11.737,254,62,1890.006,21.965,1,0,21.985,5.32,18.162,7.909,255,3067604686,1177734766,255,0.001535,0.007512,0.006115,95.1,12.7,0,46.0,2,1,1,2,2,2,0,1,0,2,3,0,Analysis,1
906,1.542109,tcp,pop3,RST,24,11,854.0,20.0,138.98,254,254,852.908,1390.06,0,2,0.425,7.769,1.045,1.023,0,290119155,2750160411,0,0.02221,0.002176,0.043681,25.5,405.2,1,12.0,4,4,2,1,2,1,0,1,0,5,3,0,Generic,1
907,0.427468,tcp,pop3,CON,12,6,185.0,159.0,92.403,31,62,1900.272,848.697,1,0,15.809,9.95,0.148,26.12,0,497256154,130242161,255,0.192278,0.02941,0.046428,271.9,50.8,1,29.0,3,3,0,2,2,1,0,0,0,1,2,0,Normal,0
908,1.290715,tcp,ftp,ECO,12,6,481.0,1018.0,8.148,31,62,4312.08,907.892,1,0,0.042,13.481,11.772,0.033,0,3418549632,3813362806,0,0.061225,0.000427,0.023967,1.5,338.1,2,3.0,6,3,4,1,2,1,0,0,1,0,2,0,Normal,0
909,0.647095,ospf,pop3,CON,13,6,313.0,87.0,2.538,254,62,1080.855,216.56,3,0,28.614,51.07,0.184,5.298,255,367921702,3972631215,255,0.00509,0.049703,0.00378,3.8,34.3,1,117.0,3,1,2,4,2,4,0,1,2,1,3,0,Normal,0
910,0.317134,tcp,ssh,FIN,6,7,912.0,252.0,70.179,254,62,2875.411,70.129,0,1,13.967,16.91,12.788,2.636,255,2351906355,1044098144,255,0.068689,0.014127,0.011077,84.4,12.7,0,211.0,3,4,1,2,3,4,0,0,0,2,2,0,Normal,0
911,0.446668,tcp,pop3,FIN,34,13,760.0,1080.0,9.613,31,254,629.685,1933.588,1,0,20.922,1.118,2.129,1.13,255,1112993953,522114629,255,0.003026,0.004651,0.00167,59.6,18.4,0,50.0,4,2,3,0,0,1,0,0,0,3,3,0,Exploits,1
912,0.432447,tcp,ssh,REQ,37,8,1431.0,37.0,10.33,62,254,3694.905,785.109,3,0,5.638,0.628,0.417,4.799,255,1146331381,1362573169,0,0.014284,0.002732,0.039479,2.6,11.8,1,9.0,2,1,4,2,1,2,0,0,0,2,3,0,DoS,1
913,0.670009,icmp,pop3,REQ,22,10,2160.0,213.0,145.021,62,128,4.63,157.712,0,1,5.268,12.284,2.148,3.848,255,3158273152,1670154311,0,0.034979,0.009156,0.027598,12.3,302.5,0,189.0,0,3,0,2,1,3,0,0,0,1,0,0,Reconnaissance,1
914,0.275984,udp,dhcp,CON,33,7,529.0,504.0,13.248,254,62,739.301,275.636,0,0,8.614,18.385,8.589,3.107,255,1735678224,3463050573,0,0.016824,0.045142,0.016153,60.5,254.2,0,299.0,3,3,1,7,3,2,1,0,0,2,6,0,Backdoor,1
915,0.302727,udp,pop3,ECO,31,7,2210.0,659.0,134.999,31,128,1224.004,204.442,0,0,7.625,10.512,1.872,4.984,0,1396093020,3814359148,255,0.097366,0.014466,0.029475,26.7,75.5,1,41.0,4,4,2,1,3,2,0,0,1,1,4,0,Backdoor,1
916,2.031073,icmp,dns,CON,37,10,6501.0,546.0,47.295,31,254,1153.648,274.259,1,0,3.54,2.397,8.54,0.055,0,3951049278,3745779398,0,0.025872,0.01725,0.007375,135.7,25.8,0,131.0,1,3,3,1,1,1,0,0,1,2,2,0,Analysis,1
917,0.155196,udp,smtp,REQ,8,9,300.0,776.0,7.908,128,31,1185.003,6.679,4,0,1.11,11.903,5.489,2.352,255,2752122001,2512784257,0,0.160266,0.006502,0.003555,29.2,27.2,1,504.0,2,1,3,5,3,4,0,0,0,0,5,1,Normal,0
918,0.180389,ospf,ssh,REQ,11,5,1381.0,1764.0,75.367,254,31,3784.232,1870.477,1,1,10.773,1.35,1.624,10.125,0,1984366398,2206534603,255,0.019786,0.087026,0.015947,4.9,2.2,0,106.0,0,3,1,1,5,0,0,0,2,1,1,0,Normal,0
919,0.275744,tcp,pop3,REQ,11,12,20.0,606.0,4.76,128,31,1822.044,552.614,0,0,2.101,6.309,0.682,2.733,0,673861524,2479559065,255,0.013402,0.002706,0.023232,169.6,5.1,1,385.0,1,2,3,1,3,2,0,0,0,2,1,1,Normal,0
920,0.309186,udp,dns,RST,46,9,2244.0,197.0,57.988,62,254,420.056,174.802,2,1,8.11,21.087,2.484,6.816,255,3303475998,2069502504,0,0.011951,0.019372,0.018774,78.8,44.9,3,2.0,1,3,4,2,1,1,0,0,1,4,3,0,Generic,1
921,0.124162,icmp,ftp,ECO,13,3,885.0,374.0,168.87,128,254,478.153,157.889,3,1,4.315,7.11,1.487,15.525,255,3105351284,774239842,255,0.003263,0.006993,0.015248,8.0,2.0,2,250.0,2,0,2,4,0,0,0,1,0,3,1,0,Normal,0
922,0.148472,icmp,ssh,RST,31,11,332.0,62.0,64.466,31,62,109.938,718.445,0,0,5.612,8.262,16.692,2.386,0,2733547145,547598961,0,0.07218,0.012058,0.078475,108.0,55.9,1,88.0,4,1,2,1,2,0,0,0,0,0,5,0,Fuzzers,1
923,0.029503,tcp,dhcp,ECO,38,9,2327.0,557.0,112.238,31,31,548.474,15.234,0,2,2.476,1.547,3.284,3.773,255,3832342776,789755781,0,0.158255,0.015353,0.025381,221.0,30.9,0,630.0,3,0,6,1,1,1,0,0,0,2,4,0,Generic,1
924,0.134854,udp,dhcp,ECO,11,6,1343.0,503.0,12.608,128,254,889.321,753.874,0,0,8.059,4.358,0.077,4.227,0,2346195102,3517262207,0,0.156427,0.013229,0.018478,72.8,47.9,0,248.0,3,2,0,0,2,5,0,1,0,0,5,1,Normal,0
925,0.544542,tcp,http,INT,15,6,123.0,171.0,4.449,31,254,120.718,337.11,0,3,4.598,6.202,3.168,3.627,0,2124425142,4012851696,0,0.00168,0.008607,0.014295,3.2,162.6,0,142.0,1,1,3,2,2,1,0,1,2,0,2,0,Normal,0
926,0.29174,udp,dhcp,REQ,7,5,170.0,128.0,53.033,31,128,537.84,2783.655,1,0,13.469,1.615,4.105,1.549,0,2317070529,1150446885,0,0.331247,0.019223,0.019721,0.5,55.8,0,764.0,0,2,0,0,2,1,1,1,0,1,5,0,Normal,0
927,0.08505,tcp,pop3,CON,9,10,301.0,199.0,46.909,62,254,645.605,680.308,0,1,1.579,1.723,2.931,1.903,0,2795103647,3036093270,255,0.031945,0.024984,0.003805,51.9,126.0,0,319.0,1,2,1,3,7,2,0,0,0,1,6,0,Normal,0
928,0.009827,tcp,http,ECO,30,8,2889.0,280.0,105.56,254,128,61.175,1003.187,2,0,22.715,4.294,8.953,3.52,255,2835743154,2431993260,255,0.012272,0.06152,0.008604,61.5,29.5,0,39.0,2,2,1,2,1,0,0,0,0,1,5,0,DoS,1
929,0.185841,udp,-,ECO,23,9,3548.0,467.0,26.202,254,128,494.184,1166.027,1,1,2.618,1.481,4.79,7.285,255,1378790811,2341912656,0,0.029519,0.004297,0.022566,0.9,11.5,0,377.0,7,0,3,2,0,0,0,0,0,3,1,0,Generic,1
930,0.066119,tcp,http,ECO,28,6,3447.0,345.0,8.334,31,254,700.056,1286.041,2,2,2.368,40.181,17.353,5.017,0,3926225580,3222208485,255,0.086959,0.003943,0.044559,53.4,94.5,1,39.0,2,1,3,3,2,4,0,0,0,4,2,0,Exploits,1
931,0.00871,tcp,dhcp,RST,9,9,127.0,32.0,22.082,254,254,1685.24,2768.186,4,1,7.184,10.251,25.311,1.764,255,2378726687,44703758,0,0.030765,0.051099,0.024055,76.6,128.8,0,291.0,2,2,3,1,1,1,0,0,1,1,1,0,Normal,0
932,0.670496,tcp,pop3,ECO,4,12,13.0,155.0,5.85,62,31,3191.705,1502.277,1,2,34.203,16.405,13.604,1.387,255,770347959,3403791513,255,0.090303,0.008894,0.03006,17.5,143.4,1,358.0,1,3,1,3,2,2,0,0,0,5,2,0,Normal,0
933,0.610805,udp,smtp,RST,7,11,300.0,154.0,6.498,31,62,653.608,181.681,2,1,55.764,1.945,9.985,1.234,0,1493464168,3528247183,0,0.016667,0.022351,0.004253,74.7,73.6,3,16.0,6,1,2,2,2,3,0,0,0,1,4,0,Normal,0
934,0.129182,udp,ssh,CON,28,3,2596.0,682.0,100.936,62,128,983.438,134.691,1,3,5.147,1.712,0.667,0.721,0,921580866,2073570160,255,0.001961,0.022938,0.008103,177.1,13.5,0,137.0,3,2,2,1,3,1,0,0,0,0,6,0,Exploits,1
935,0.094366,udp,dns,CON,33,9,1721.0,174.0,53.149,128,62,200.562,137.961,0,1,5.129,40.292,0.094,12.96,255,2228291796,2696455864,0,0.00115,0.046014,0.015101,27.2,25.8,0,388.0,6,0,2,2,2,1,0,1,0,3,3,1,Exploits,1
936,0.52703,tcp,dhcp,REQ,6,9,198.0,86.0,18.018,31,128,1141.881,1601.601,1,2,6.298,5.214,5.4,0.915,0,997734358,921115539,0,0.025656,0.03125,0.012354,5.3,340.1,1,99.0,4,4,3,0,3,1,0,0,1,1,4,0,Normal,0
937,0.267161,udp,http,INT,33,8,5363.0,106.0,8.23,254,31,921.808,1779.055,0,1,7.186,10.099,8.097,0.04,255,2233635155,332843557,0,0.170819,0.0506,0.000442,100.8,45.7,0,153.0,4,2,1,5,1,4,0,0,0,0,4,0,Analysis,1
938,0.273748,udp,ftp,RST,11,8,1366.0,551.0,17.653,254,254,1016.936,1555.366,0,0,5.164,5.477,3.292,0.535,255,2465901781,1067412681,0,0.170111,0.012871,0.006616,143.1,74.4,0,186.0,3,3,1,3,2,3,0,0,0,2,3,1,Normal,0
939,0.265725,tcp,http,RST,28,9,631.0,261.0,24.111,31,62,2511.736,84.702,0,0,0.177,7.964,3.475,15.736,0,2675262863,1841395625,255,0.05342,0.04688,0.015519,94.2,56.6,0,216.0,1,1,2,2,2,3,0,0,0,2,5,0,DoS,1
940,0.5901,tcp,pop3,ECO,10,9,47.0,909.0,126.891,62,31,306.857,355.53,2,1,4.425,13.802,4.026,6.529,0,3690842142,852025657,255,0.035517,0.00153,0.000689,30.7,63.0,1,26.0,2,2,2,2,2,4,0,1,0,1,4,0,Normal,0
941,1.681545,tcp,smtp,RST,10,12,1710.0,572.0,61.52,254,62,532.497,1588.897,4,0,5.406,37.353,2.733,1.729,255,2075849656,501065416,255,0.042345,0.00608,0.004992,197.9,25.2,0,357.0,3,0,2,1,3,4,0,0,1,0,1,0,Normal,0
942,0.365171,tcp,ssh,FIN,20,7,96.0,796.0,16.57,62,31,198.89,1812.882,1,1,6.121,25.437,8.386,8.368,255,2833969961,2222516080,0,0.098253,0.001883,0.006045,48.6,3.1,0,283.0,3,2,1,0,2,1,0,1,0,3,0,0,Fuzzers,1
943,1.700451,tcp,dhcp,INT,9,5,753.0,404.0,25.757,254,31,5642.849,484.575,2,0,14.901,0.052,4.278,0.723,0,333739527,2262781670,0,0.075909,0.004003,0.044692,23.4,6.3,2,136.0,2,2,2,2,1,2,0,0,0,3,5,0,Normal,0
944,0.095544,tcp,http,CON,9,4,1189.0,2334.0,52.162,254,62,25.802,1431.927,0,0,5.828,0.725,2.028,18.81,0,1714528559,2125316777,255,0.005441,0.027937,0.00484,196.2,50.7,0,133.0,2,2,3,1,2,9,0,0,0,0,3,0,Normal,0
945,0.453763,tcp,dhcp,REQ,7,7,35.0,190.0,44.228,128,128,59.079,736.506,1,1,10.004,0.153,0.014,3.722,0,3588217206,2328543365,255,0.083042,0.006105,0.003077,2.9,178.8,1,118.0,2,2,5,2,3,2,0,0,1,1,5,0,Normal,0
946,0.04292,tcp,http,INT,7,7,293.0,489.0,51.718,31,128,180.792,214.135,0,1,8.243,9.084,3.949,3.511,0,141299197,3280410294,255,0.041128,0.021004,0.020578,31.0,5.0,0,3.0,5,4,4,2,4,0,0,0,0,3,3,0,Normal,0
947,0.441043,tcp,pop3,ECO,33,7,1311.0,238.0,48.77,128,128,106.178,54.548,2,1,7.791,2.063,6.307,7.964,0,2200659603,1646337160,0,0.032015,0.004265,0.032057,193.9,46.2,1,611.0,6,0,4,2,2,0,0,0,1,1,1,0,Exploits,1
948,0.689297,udp,ssh,CON,34,5,699.0,920.0,173.508,128,254,236.574,1058.683,1,1,7.736,5.465,18.976,4.126,255,2279510660,1619635194,255,0.042856,0.018351,0.008575,22.9,22.3,0,48.0,3,2,5,2,0,2,0,0,0,1,2,0,DoS,1
949,0.102731,tcp,pop3,INT,33,10,1677.0,1016.0,77.039,254,254,748.082,108.762,0,2,13.475,11.676,2.468,0.271,255,4152343852,3664269237,0,0.006837,0.001282,0.01029,180.1,130.1,0,591.0,1,1,1,7,1,3,0,1,1,3,3,0,DoS,1
950,0.143418,tcp,http,RST,12,11,10.0,387.0,80.415,62,128,311.97,65.971,0,0,5.057,6.125,5.863,5.477,0,2211288804,2540313359,255,0.035997,0.004546,0.02527,46.0,33.2,0,157.0,3,0,2,2,3,2,1,0,0,1,1,0,Normal,0
951,0.621226,udp,dhcp,INT,11,7,643.0,337.0,21.522,128,128,435.631,800.298,1,2,10.217,6.748,4.067,4.287,0,1593901769,2885633870,0,0.080127,0.000667,0.003532,19.5,389.8,0,68.0,4,2,0,2,0,1,0,1,0,0,4,0,Normal,0
952,0.180055,tcp,pop3,FIN,6,14,483.0,95.0,8.551,62,254,820.401,1137.648,0,2,6.253,10.892,8.554,1.964,0,1854488998,1418343093,0,0.006902,0.078896,0.005908,234.8,60.7,4,59.0,3,4,2,1,3,6,0,0,0,0,4,0,Normal,0
953,0.010881,tcp,-,CON,14,5,268.0,402.0,57.605,62,128,979.713,1002.952,0,0,38.046,11.402,3.593,14.974,255,823410335,2677486659,255,0.077356,0.017954,0.049476,51.3,117.5,0,78.0,2,2,2,2,5,3,0,0,0,0,4,0,Normal,0
954,0.616613,tcp,smtp,INT,14,9,223.0,490.0,121.832,62,254,733.876,789.711,1,0,1.25,21.499,4.359,0.281,255,2807122165,1677306717,0,0.071018,0.025532,0.006123,288.6,229.6,0,294.0,5,2,4,3,4,1,0,0,1,0,4,0,Normal,0
955,0.587771,tcp,pop3,REQ,30,3,818.0,187.0,19.137,62,128,1398.076,597.51,0,3,16.357,3.046,2.311,1.232,255,2561724912,3794019885,255,0.030181,0.028672,0.000355,119.9,59.9,1,31.0,3,3,3,3,2,2,0,0,0,3,3,0,Analysis,1
956,0.140034,tcp,dns,RST,31,9,2277.0,1103.0,1.563,31,31,194.071,194.558,0,2,0.278,15.167,5.127,7.802,0,490283313,2495667535,0,0.075136,0.002717,0.001843,122.7,33.2,0,32.0,3,2,1,0,1,4,0,0,1,2,2,0,DoS,1
957,1.333982,tcp,dns,REQ,31,6,4106.0,767.0,182.705,254,128,258.657,3782.71,1,0,4.204,0.896,0.527,3.743,0,2824253326,2303270680,0,0.062866,0.053791,7.9e-05,27.6,112.8,0,285.0,5,3,2,4,1,1,0,0,0,0,3,0,Exploits,1
958,0.159939,tcp,ftp,INT,10,12,676.0,6.0,55.164,128,128,799.705,212.065,0,1,29.859,22.182,7.304,15.064,255,3048451390,3082038280,0,0.004737,0.006343,0.009503,113.9,93.9,1,62.0,8,2,3,3,4,2,0,0,0,3,6,0,Normal,0
959,0.060773,tcp,smtp,REQ,9,6,48.0,1.0,47.34,254,254,1272.175,1768.049,1,0,2.717,1.245,3.392,4.66,0,3828008769,1314764001,255,0.031131,0.012129,0.042053,12.7,1.7,0,204.0,2,2,2,2,2,5,0,0,0,0,2,0,Normal,0
960,0.248946,arp,dhcp,FIN,8,8,818.0,705.0,5.102,254,31,22.092,866.475,0,0,6.363,9.223,1.272,0.169,255,1214364174,2710211409,0,0.001225,0.06138,0.001425,234.9,18.7,0,14.0,0,3,4,2,2,2,0,0,1,2,3,1,Normal,0
961,0.018514,tcp,smtp,CON,11,7,334.0,44.0,22.762,31,62,1298.605,150.516,2,1,1.126,0.588,18.593,6.529,255,370046371,202476168,0,0.012999,0.056151,0.084743,111.7,302.2,1,38.0,2,5,3,4,3,2,0,0,0,2,2,0,Normal,0
962,0.295496,tcp,ssh,REQ,16,6,1272.0,366.0,24.023,254,128,1330.384,2418.839,0,0,12.542,4.513,0.259,0.757,0,2602963998,2681631569,255,0.143983,0.003661,0.009864,33.9,6.5,0,139.0,3,5,3,2,3,3,0,1,0,2,4,0,Normal,0
963,0.472778,tcp,pop3,ECO,8,9,2404.0,470.0,88.291,62,128,20.675,1302.346,2,0,8.851,0.349,1.622,1.699,0,66177050,2446358116,0,0.005319,0.024731,0.045025,345.9,175.3,0,224.0,2,2,0,3,3,3,0,0,0,2,3,0,Normal,0
964,1.601945,udp,pop3,REQ,18,8,44.0,73.0,53.714,31,31,1060.575,855.236,0,0,9.312,0.651,0.729,3.405,255,3538954586,3819462969,0,0.057858,0.083354,0.019532,16.8,148.1,2,142.0,3,0,0,1,1,3,0,0,0,3,4,1,Normal,0
965,1.260219,udp,dns,FIN,24,9,1335.0,263.0,28.512,62,62,2028.281,104.169,2,1,0.052,17.796,1.042,2.865,0,2979684521,3481697524,255,0.10282,0.00555,0.009649,10.9,65.2,1,32.0,3,0,1,2,2,4,0,0,0,3,2,0,Analysis,1
966,0.421114,udp,pop3,ECO,13,11,345.0,588.0,4.687,62,31,134.305,1826.247,2,0,3.074,32.245,2.116,0.277,0,795140339,214323852,255,0.017211,0.020005,0.010328,119.7,52.8,0,286.0,1,3,7,4,5,3,0,1,0,0,5,1,Normal,0
967,0.029143,tcp,ftp,CON,34,14,856.0,66.0,0.461,128,31,436.53,615.752,2,2,3.526,4.7,1.088,3.611,0,2092037163,1821657392,255,0.033079,0.039199,0.029294,44.5,22.5,1,131.0,6,0,3,3,1,0,0,0,1,2,4,0,Analysis,1
968,0.378252,tcp,smtp,RST,15,6,919.0,57.0,41.389,31,254,139.878,197.077,2,0,19.127,0.222,3.426,1.588,0,1756227683,71421177,0,0.125574,0.054647,0.025143,113.0,310.4,1,41.0,3,1,1,0,2,1,0,0,0,2,2,0,Normal,0
969,0.589923,udp,ftp,ECO,26,8,360.0,624.0,9.225,62,31,201.946,67.188,1,3,23.599,16.644,0.987,15.431,0,897839561,2949294271,0,0.002163,0.035462,0.057331,149.8,284.2,1,402.0,4,1,1,2,4,1,0,0,0,1,2,0,Generic,1
970,0.934313,tcp,dhcp,ECO,10,3,474.0,58.0,17.396,31,254,24.191,2334.59,2,0,8.936,11.895,0.56,0.875,255,2745789000,2971207469,0,0.009488,0.021222,0.013603,18.9,8.2,1,114.0,5,1,4,2,4,2,0,0,1,0,5,0,Normal,0
971,1.225779,ospf,ssh,FIN,8,9,33.0,92.0,58.425,31,254,461.352,9.152,2,0,26.56,14.104,3.667,0.354,0,3898625410,1275687956,255,0.041447,0.060871,0.051101,80.6,51.8,1,55.0,1,0,3,4,4,0,0,1,0,0,1,0,Normal,0
972,0.267678,tcp,smtp,CON,12,9,850.0,291.0,5.824,128,31,1202.722,1347.449,5,1,4.084,10.142,6.274,4.222,0,2748076667,942766497,255,0.022021,0.041185,0.00444,11.0,56.9,0,547.0,1,2,5,1,1,0,0,0,0,2,2,0,Normal,0
973,0.038123,tcp,dns,REQ,10,8,224.0,49.0,36.175,62,128,154.618,650.725,0,2,0.124,9.873,4.625,2.433,255,1961974068,13060541,0,0.003813,0.005552,0.060194,102.0,7.0,0,23.0,2,1,4,1,2,5,0,0,0,2,3,0,Normal,0
974,0.900311,tcp,smtp,RST,33,6,3236.0,1293.0,4.524,128,254,2015.061,933.565,1,0,9.982,10.662,4.5,8.613,0,3614034597,3436285466,0,0.091576,0.007802,0.009968,14.3,65.5,0,102.0,0,0,3,2,0,1,0,0,0,3,6,0,Reconnaissance,1
975,0.091594,tcp,pop3,ECO,9,7,401.0,710.0,21.044,62,31,840.211,241.034,0,1,5.439,15.136,2.858,19.699,0,3478159622,2739833799,255,0.021928,0.034289,0.030893,2.3,46.0,0,10.0,2,2,4,4,2,1,0,0,0,1,1,0,Normal,0
976,0.519596,udp,ftp,REQ,34,13,4397.0,252.0,39.811,62,128,498.347,1926.126,1,1,22.362,9.004,0.701,7.635,255,2254832341,2946883634,255,0.054067,0.004536,0.035787,6.2,75.7,0,288.0,1,0,3,0,3,2,0,0,0,1,0,0,Generic,1
977,0.143197,tcp,pop3,FIN,17,7,453.0,373.0,25.557,62,128,801.45,28.402,1,0,11.349,8.858,1.292,1.899,0,763029923,216847982,255,0.098272,0.02758,0.020178,58.2,6.0,0,51.0,2,0,0,3,2,2,0,0,0,1,3,0,Normal,0
978,0.133663,tcp,ftp,RST,5,4,73.0,29.0,23.691,254,62,327.793,1802.181,4,1,1.753,0.581,0.828,6.234,0,3013253443,2107277350,255,0.000192,0.004471,0.001803,176.7,62.6,0,75.0,2,1,1,1,1,1,0,1,1,1,8,1,Normal,0
979,1.199306,udp,http,RST,10,6,225.0,117.0,1.913,128,128,291.589,101.452,1,1,15.466,2.052,6.564,1.351,255,2575999910,4283923123,255,0.029983,0.012168,0.015942,99.0,20.1,1,162.0,0,0,0,1,1,2,0,1,0,2,1,0,Normal,0
980,0.412612,icmp,ssh,INT,10,8,701.0,26.0,104.072,31,62,408.112,732.737,0,1,20.838,27.253,0.224,16.459,255,137233568,1784889079,0,0.070587,0.031151,0.012646,41.4,64.3,0,27.0,2,1,3,2,1,0,0,0,0,0,5,0,Normal,0
981,0.924821,udp,ssh,REQ,38,5,2048.0,174.0,88.5,31,254,1294.71,521.005,0,1,13.957,1.751,2.026,0.404,0,2732096462,1275336540,0,0.076391,0.004128,0.018485,109.1,63.3,1,127.0,3,0,2,2,5,4,0,0,0,2,2,0,Shellcode,1
982,0.210105,arp,ftp,CON,32,6,3224.0,282.0,26.378,31,254,151.292,736.775,1,0,2.71,15.72,0.23,14.668,0,718780165,941490035,0,0.054417,0.01356,0.003724,138.7,200.8,1,213.0,3,2,1,0,0,3,0,0,1,3,0,1,Fuzzers,1
983,0.326694,icmp,ssh,RST,35,7,1191.0,187.0,67.089,128,31,309.546,1014.289,0,0,1.686,12.744,2.517,25.269,0,2126429981,3000521997,0,0.020391,0.000442,0.006863,123.2,134.2,0,420.0,1,4,2,0,2,3,0,0,0,5,3,0,Exploits,1
984,0.389949,tcp,ssh,FIN,5,3,1245.0,471.0,8.43,254,62,139.571,400.728,0,0,2.915,1.574,0.187,14.249,255,4242794442,1640855362,255,0.095909,0.020145,0.025218,174.0,24.4,0,103.0,2,2,1,4,1,0,0,0,0,1,4,0,Normal,0
985,0.882165,icmp,pop3,ECO,12,8,192.0,23.0,81.039,62,254,2103.19,99.39,3,2,26.245,18.61,0.861,7.143,255,2379591902,1780136488,0,0.042246,0.000711,0.031187,48.6,151.9,0,93.0,0,1,3,0,4,5,0,1,0,2,8,1,Normal,0
986,0.30572,arp,dhcp,ECO,29,11,1686.0,53.0,8.982,62,254,344.418,747.499,1,1,6.106,5.384,3.555,1.147,0,2099349925,893037783,0,0.049502,0.024711,0.019542,5.1,93.4,2,55.0,5,0,2,2,1,0,0,1,0,0,2,0,Reconnaissance,1
987,0.393846,tcp,pop3,RST,15,10,25.0,91.0,113.317,128,31,1441.93,841.702,1,0,36.063,8.701,0.25,4.281,0,3491548997,2336637393,255,0.007103,0.025662,0.000466,22.8,36.5,0,121.0,6,3,1,3,1,2,0,0,0,1,3,0,Normal,0
988,0.381181,udp,dns,RST,16,7,1993.0,31.0,31.457,128,128,3123.691,1258.928,1,1,2.671,1.226,5.424,1.056,0,135058904,1555482634,0,0.024737,0.043053,0.003859,5.5,229.1,0,34.0,1,2,2,1,4,2,0,1,1,3,3,0,Normal,0
989,0.449275,tcp,http,ECO,7,12,947.0,217.0,1.494,31,62,3050.219,332.432,1,0,0.199,3.546,7.87,4.177,255,772323412,954108499,255,0.035108,0.045585,0.00884,71.5,22.9,2,418.0,2,3,4,0,2,2,0,0,0,3,2,0,Normal,0
990,0.052266,udp,-,FIN,32,9,2199.0,317.0,70.696,31,254,1615.323,34.647,0,1,9.262,3.33,3.089,0.439,255,174004268,1173607059,255,0.048416,0.034525,0.020685,9.0,1.6,0,137.0,2,1,4,2,2,2,0,0,0,1,2,0,Fuzzers,1
991,0.213657,tcp,smtp,REQ,29,11,2499.0,260.0,54.138,254,31,391.461,321.554,2,0,2.882,0.212,0.016,0.347,0,4273031523,2863536679,255,0.061725,0.008902,0.015633,53.5,57.1,0,3.0,8,2,5,1,2,1,0,0,0,1,4,0,Generic,1
992,0.020691,udp,ssh,REQ,28,9,6873.0,10.0,137.82,128,62,1423.202,39.701,1,1,8.714,16.729,0.013,7.093,0,3262713520,4171831270,0,0.11401,0.016132,0.000193,235.2,470.0,0,22.0,2,1,2,3,2,3,1,0,0,1,2,0,Exploits,1
993,0.017,tcp,ssh,ECO,36,10,2323.0,228.0,75.745,62,31,1803.986,2684.633,0,0,7.365,7.943,6.64,4.729,0,4064369100,2541932711,255,0.031591,0.027742,0.026461,162.1,50.2,3,23.0,3,1,4,1,1,3,0,0,0,3,3,0,Fuzzers,1
994,1.62899,tcp,-,RST,5,7,197.0,78.0,20.978,254,128,45.104,1167.984,1,3,12.383,3.263,3.075,7.18,255,1346211040,2702441492,0,0.024248,0.000921,0.058198,22.4,221.9,1,208.0,5,0,2,2,3,2,0,1,0,0,2,0,Normal,0
995,0.042374,tcp,ssh,REQ,31,10,885.0,519.0,18.037,254,31,1154.845,382.474,0,1,0.111,13.87,8.046,3.781,0,558642799,2417466528,255,0.060569,0.036182,0.008581,195.7,0.1,1,377.0,0,4,6,1,5,0,0,0,0,1,2,0,Reconnaissance,1
996,0.507813,udp,pop3,REQ,15,9,653.0,146.0,72.947,31,128,217.284,420.645,1,1,1.394,1.969,1.62,0.239,255,1170199678,2915204855,0,0.12547,0.009354,0.019139,264.6,9.1,0,195.0,0,1,1,1,2,2,0,0,0,1,2,0,Normal,0
997,0.21505,tcp,ssh,FIN,27,10,973.0,243.0,15.745,254,128,525.394,597.675,1,0,30.964,32.287,11.201,20.266,255,1906681747,323019661,255,0.079195,0.082495,0.002071,43.0,17.0,0,295.0,4,1,3,2,3,2,0,1,1,0,4,0,Generic,1
998,0.119663,udp,smtp,CON,10,15,318.0,0.0,202.956,254,128,345.921,511.774,0,1,7.226,5.351,7.097,6.78,255,3662141051,330889175,255,0.067182,0.035197,0.030683,27.3,125.1,0,96.0,4,1,0,1,1,1,0,0,1,6,7,0,Normal,0
999,0.753713,tcp,-,INT,31,9,1071.0,10.0,154.546,254,62,1085.546,663.161,0,0,5.463,17.044,2.792,0.898,0,3278779130,1899998402,255,0.027428,0.004772,0.025677,29.6,77.6,0,11.0,2,1,1,3,1,1,0,1,1,2,3,0,Shellcode,1
1000,0.089271,tcp,dns,ECO,10,10,520.0,248.0,16.549,31,254,1013.35,212.709,0,1,11.829,12.584,8.577,6.962,0,3259046668,2639643088,255,0.016355,0.043059,0.001039,62.7,15.3,1,122.0,4,1,4,1,4,2,0,2,0,1,3,0,Normal,0
1001,0.947703,tcp,ssh,ECO,12,5,165.0,1423.0,132.426,31,31,1272.616,376.088,0,1,0.985,8.755,6.007,3.859,0,2601913932,2876258299,255,0.019396,0.005922,0.003801,51.9,82.2,0,171.0,4,0,1,3,3,2,0,0,1,0,5,0,Normal,0
1002,0.217936,icmp,smtp,REQ,9,8,214.0,236.0,57.181,62,254,567.163,788.54,0,0,9.718,7.698,1.056,4.155,255,1735168150,2639897178,0,0.003835,0.00916,0.008113,115.6,88.8,0,354.0,4,2,1,1,2,2,0,0,0,1,1,0,Normal,0
1003,0.028142,tcp,smtp,FIN,10,13,260.0,436.0,109.502,128,254,522.188,415.486,0,0,5.123,2.092,0.303,0.842,0,3367891285,3700544423,0,0.01585,0.091889,0.035133,197.9,93.9,1,630.0,0,3,2,3,0,3,0,1,0,3,5,0,Normal,0
1004,0.180463,udp,smtp,RST,7,12,344.0,261.0,181.687,128,254,2998.152,291.445,0,0,1.729,7.582,11.436,6.356,0,84945372,1534610848,255,0.016376,0.018986,0.005131,208.2,4.0,1,461.0,1,0,3,2,1,4,0,1,0,2,4,0,Normal,0
1005,0.486742,tcp,smtp,INT,28,9,536.0,368.0,44.046,254,254,12.135,2260.494,0,2,0.78,11.065,2.82,3.451,255,249601423,4070064329,0,0.033675,0.066687,0.002664,18.6,159.6,1,112.0,3,2,0,1,3,2,0,1,0,1,3,0,Generic,1
1006,0.201762,udp,ftp,REQ,6,9,339.0,437.0,32.926,254,128,300.934,86.461,0,1,1.969,11.008,0.543,4.496,255,4112543828,2885271070,255,0.156453,0.001556,0.002442,62.1,203.9,0,244.0,2,2,3,4,1,3,0,0,0,2,6,0,Normal,0
1007,0.090075,tcp,smtp,INT,26,7,810.0,309.0,31.481,128,31,13.613,296.036,0,1,4.109,0.293,10.446,1.46,255,1335766250,61279244,0,0.002341,0.006517,0.001091,56.1,135.1,3,248.0,3,1,1,4,3,2,0,0,0,0,0,0,Reconnaissance,1
1008,0.189753,tcp,ftp,RST,8,5,1471.0,383.0,23.598,31,128,1124.813,1965.586,2,0,5.742,5.813,27.476,4.733,0,3894274971,166597883,255,0.057289,0.003049,0.017607,94.9,27.4,0,182.0,4,4,1,1,3,1,0,1,0,1,4,0,Normal,0
1009,0.083224,tcp,dns,CON,25,17,1177.0,636.0,69.86,128,31,2036.916,1886.023,1,0,4.95,13.958,8.753,1.853,0,3058317462,361435120,0,0.010673,0.022116,0.083505,90.6,43.1,0,479.0,4,2,5,3,1,1,0,0,0,1,4,0,Exploits,1
1010,0.948524,tcp,dns,FIN,6,6,8.0,65.0,275.898,31,31,103.11,614.999,0,3,13.156,1.214,11.71,2.695,255,3682435121,3561442007,255,0.014929,0.023238,0.014994,93.5,14.8,0,44.0,3,2,3,2,1,2,0,0,0,1,3,0,Normal,0
1011,0.332164,tcp,ssh,CON,34,6,1493.0,126.0,6.563,128,254,159.326,253.116,2,1,24.689,12.89,11.274,7.949,255,1055616506,268331190,255,0.09649,0.024595,0.01429,47.7,232.3,1,549.0,4,2,0,4,4,3,0,0,0,3,8,0,Generic,1
1012,0.411023,tcp,dhcp,ECO,29,9,1469.0,147.0,14.13,62,31,326.372,72.817,1,0,0.653,4.252,2.006,2.425,255,3050883071,1398363377,255,0.033164,0.013932,0.004659,64.6,33.1,0,93.0,0,2,3,2,2,4,0,0,0,0,1,0,Generic,1
1013,1.411572,tcp,ssh,FIN,6,4,702.0,148.0,211.588,62,62,213.32,861.552,0,0,4.775,5.47,5.171,4.948,0,955398495,3077324119,255,0.028599,0.00545,0.015647,71.8,140.5,0,20.0,2,5,1,5,2,0,0,0,0,0,3,0,Normal,0
1014,0.116393,arp,http,CON,26,8,2590.0,371.0,9.429,128,62,2254.599,246.096,5,1,4.263,3.85,4.64,0.685,0,2468182677,1554229935,0,0.001383,0.032956,0.016736,0.7,73.3,1,135.0,3,1,1,1,4,3,0,0,0,4,1,0,Analysis,1
1015,0.086857,tcp,ssh,INT,13,11,592.0,69.0,13.238,31,128,1199.574,233.893,1,1,14.973,5.087,7.618,0.216,0,1468226443,2650769631,0,0.057556,0.033388,0.003925,191.5,7.5,0,196.0,3,1,1,2,2,2,0,0,0,2,4,0,Normal,0
1016,0.117197,icmp,ftp,ECO,14,3,878.0,844.0,78.907,62,128,280.821,603.507,2,0,5.684,4.767,0.263,3.014,255,3572962088,2823254970,0,0.012227,0.001235,0.014649,95.9,30.8,0,183.0,2,1,2,1,2,4,0,0,0,3,3,1,Normal,0
1017,1.27554,tcp,-,INT,42,9,194.0,23.0,41.611,62,31,1658.353,43.584,0,1,10.489,3.896,4.601,6.812,255,4294281163,3564730878,0,0.04586,0.007741,0.026493,307.1,399.8,0,962.0,0,1,1,3,1,0,0,0,0,5,1,0,Generic,1
1018,0.750968,tcp,http,ECO,34,10,910.0,628.0,1.73,254,254,116.346,397.083,1,1,4.11,3.734,2.576,1.125,0,1777240392,1469266286,255,0.017371,0.003092,0.009515,100.6,17.6,1,43.0,3,0,0,1,1,1,0,0,0,2,3,0,Fuzzers,1
1019,1.603955,tcp,dhcp,ECO,11,12,512.0,1147.0,26.38,128,128,622.452,1423.877,0,2,11.302,12.342,17.167,0.206,0,2839139199,1319068581,255,0.062371,0.026532,0.010602,11.6,36.5,0,675.0,4,2,2,3,3,1,0,0,0,2,6,0,Normal,0
1020,0.052148,tcp,dns,REQ,8,9,46.0,21.0,66.382,31,128,202.477,258.469,0,1,6.463,5.803,24.013,2.933,255,2826766250,2072758593,255,0.018494,0.005382,0.001563,22.3,133.5,0,20.0,2,1,5,3,1,1,0,0,0,1,7,0,Normal,0
1021,0.138726,tcp,http,INT,34,16,3569.0,479.0,25.857,31,254,1856.314,841.062,0,2,0.426,0.265,3.762,3.347,0,19946305,1153160268,255,0.082245,0.025336,0.007356,32.8,169.1,0,347.0,4,2,1,6,3,3,0,0,0,2,8,0,DoS,1
1022,0.086033,icmp,http,REQ,29,7,1599.0,448.0,19.846,31,62,928.158,437.469,2,2,4.424,4.396,3.984,7.769,255,1175000567,4179520981,255,0.201417,0.007972,0.004418,73.6,433.3,0,21.0,4,1,1,1,4,5,0,0,1,0,3,0,Exploits,1
1023,0.616796,udp,ssh,RST,32,9,1572.0,158.0,113.428,128,62,1853.508,642.337,1,0,1.327,8.134,14.629,5.936,0,356945611,1110916323,255,0.067323,0.007465,0.005995,154.8,105.0,1,93.0,1,1,1,1,2,2,1,0,0,2,2,0,Shellcode,1
1024,0.108736,tcp,pop3,FIN,12,6,311.0,102.0,17.002,31,62,1212.647,486.006,0,1,21.906,1.179,0.434,2.299,255,4213931219,1499316714,255,0.072115,0.003976,0.015393,77.7,58.9,1,200.0,6,0,1,0,3,2,0,0,0,3,3,0,Normal,0
1025,1.155145,tcp,ftp,RST,33,6,1117.0,116.0,60.373,254,128,1321.1,1131.654,0,2,8.813,27.982,1.73,6.812,0,2728803082,3307113989,255,0.073621,0.025063,0.059396,101.2,45.3,0,225.0,2,0,3,0,2,0,0,0,0,1,3,1,Generic,1
1026,0.199325,tcp,-,INT,7,6,813.0,181.0,55.852,31,31,3345.344,57.994,1,0,7.916,5.224,1.594,2.393,0,353117863,1827125378,255,0.004179,0.01083,0.008291,317.6,63.0,1,71.0,4,1,1,0,1,1,0,0,1,2,2,0,Normal,0
1027,1.014883,udp,ftp,ECO,25,9,3355.0,119.0,5.756,254,254,2137.032,971.736,0,2,18.888,2.277,8.974,1.974,255,753837782,3858600012,255,0.016512,0.026875,0.010761,80.7,11.9,0,332.0,4,3,1,0,1,1,0,0,1,0,3,0,Analysis,1
1028,0.202316,tcp,ssh,REQ,12,8,148.0,199.0,50.21,31,62,13.446,898.633,2,2,8.014,5.88,6.428,0.376,0,3334397551,593846671,0,0.014325,0.000105,0.046658,9.3,152.2,0,15.0,7,2,2,1,1,5,0,0,0,2,5,0,Normal,0
1029,0.057392,tcp,-,ECO,28,6,1022.0,263.0,122.398,31,31,1997.984,611.506,0,0,1.039,11.994,10.567,0.853,255,585238662,1766525922,0,0.032893,0.007763,0.005591,293.7,0.4,0,273.0,2,0,3,1,4,4,0,1,0,0,2,0,Exploits,1
1030,0.555148,tcp,ftp,FIN,8,10,30.0,264.0,186.756,62,128,1417.897,210.039,0,0,13.127,11.52,0.934,3.485,255,1155482894,4085566417,255,0.024758,0.005839,0.076438,183.0,263.0,0,426.0,3,3,2,3,1,2,0,0,1,3,3,1,Normal,0
1031,0.182546,tcp,-,FIN,37,9,250.0,316.0,55.328,128,254,1768.572,146.23,1,1,20.055,9.515,0.892,8.23,255,3471686741,850726227,255,0.048871,0.007041,0.006987,46.0,27.0,2,11.0,3,1,1,2,2,4,0,0,0,3,0,0,Generic,1
1032,0.063865,udp,dns,FIN,34,18,638.0,165.0,2.956,254,254,25.823,1347.113,2,1,1.999,20.061,1.356,13.709,255,3236265997,2987871383,0,0.103115,0.013732,0.001983,80.4,37.7,0,39.0,3,0,2,2,2,2,0,0,0,4,2,0,Exploits,1
1033,0.165925,tcp,http,ECO,11,5,980.0,1157.0,8.781,254,62,647.839,869.95,1,0,9.817,10.158,4.122,6.276,255,497319538,172322726,255,0.014118,0.039054,0.038595,52.1,106.4,0,13.0,1,2,1,1,1,1,0,0,1,1,1,0,Normal,0
1034,0.202055,tcp,http,ECO,28,7,3084.0,612.0,49.299,254,254,9.165,407.313,1,2,8.678,15.074,1.517,2.642,255,1395308782,1899845698,0,0.223896,0.007929,0.011211,345.1,40.0,0,171.0,0,3,3,1,3,0,0,1,0,2,2,0,Reconnaissance,1
1035,2.619796,icmp,-,ECO,12,9,61.0,158.0,55.376,31,62,1201.352,437.656,3,2,1.556,3.911,5.557,15.471,0,2683244883,384532379,0,0.010044,0.001202,0.066064,0.7,199.5,0,65.0,2,0,3,0,2,0,0,0,0,1,6,0,Normal,0
1036,0.496842,ospf,ssh,CON,32,7,772.0,161.0,45.685,254,31,927.217,366.44,0,0,3.712,39.041,8.779,0.854,0,1198736803,2379834775,0,0.081649,0.031203,0.000516,22.3,24.2,1,53.0,2,4,3,3,3,3,0,0,0,0,2,0,Generic,1
1037,0.071012,tcp,dns,CON,6,8,492.0,875.0,101.108,254,31,822.615,1081.802,1,2,23.46,1.204,14.583,28.607,0,4044119631,2376582063,0,0.001668,0.01757,0.021133,84.8,40.8,0,632.0,2,5,0,1,3,1,0,0,0,2,2,0,Normal,0
1038,0.160617,tcp,dhcp,INT,5,14,298.0,220.0,140.667,128,128,536.776,1415.273,1,0,18.225,24.422,8.142,7.38,0,3616128081,3119422009,0,0.046121,0.002425,0.013267,111.9,218.0,0,557.0,2,2,5,1,3,0,0,0,1,1,4,0,Normal,0
1039,0.356018,udp,dns,RST,9,9,118.0,334.0,17.269,254,62,243.286,205.339,1,0,6.08,5.651,1.779,7.767,255,1739048148,3547075613,255,0.096351,0.001044,0.001605,109.6,106.9,1,292.0,6,2,1,2,3,0,0,0,0,1,0,0,Normal,0
1040,0.140313,tcp,http,CON,12,12,508.0,157.0,5.097,128,62,118.623,2778.375,0,0,0.39,0.281,17.65,2.088,255,1487158213,1576736944,0,0.027824,0.121792,0.002314,43.4,34.4,1,674.0,5,2,3,3,7,2,0,0,0,1,3,0,Normal,0
1041,0.193382,tcp,http,REQ,3,5,167.0,108.0,6.375,128,128,414.112,177.255,3,1,7.29,15.595,4.643,2.369,255,4224883026,658379620,255,0.045975,0.001495,0.031282,207.9,162.0,0,839.0,1,4,4,5,1,2,0,0,0,2,0,0,Normal,0
1042,0.095193,tcp,dhcp,REQ,37,8,3576.0,41.0,59.246,62,31,1011.787,580.468,1,0,5.578,7.091,5.138,1.57,0,1482772839,3950718769,0,0.053969,0.040661,0.031518,5.0,7.5,0,46.0,1,3,0,0,1,3,0,0,0,3,6,0,Generic,1
1043,0.043402,tcp,smtp,INT,38,2,6235.0,53.0,29.314,31,62,88.865,109.659,1,0,24.417,1.62,9.753,4.704,255,1695804037,568770730,0,0.136643,0.053714,0.039715,34.6,100.2,0,478.0,1,1,4,2,1,2,0,1,0,3,5,0,Generic,1
1044,1.03704,ospf,ftp,INT,24,9,1495.0,30.0,123.779,31,62,472.311,392.224,1,0,3.61,11.237,11.695,3.248,0,858707035,418244473,255,0.197335,0.001204,0.013829,33.4,109.6,0,213.0,4,3,1,0,0,3,0,0,0,1,2,0,Generic,1
1045,0.180925,udp,ssh,REQ,8,9,22.0,204.0,28.524,31,62,2271.832,69.042,1,1,12.731,9.477,0.701,1.311,0,1745013815,3722194904,0,0.172799,0.004571,0.017343,167.1,67.7,1,891.0,1,0,3,2,1,2,0,0,0,5,5,0,Normal,0
1046,0.372332,ospf,smtp,RST,11,7,93.0,319.0,33.157,254,128,740.276,1729.359,1,0,14.096,3.254,0.23,8.808,255,1223726156,3441196473,0,0.031094,0.011453,0.019475,45.0,16.7,0,100.0,6,5,7,3,1,0,0,1,1,1,4,0,Normal,0
1047,0.147918,udp,-,CON,4,6,1257.0,167.0,19.166,254,62,57.265,1254.211,0,1,5.214,0.084,3.924,4.691,255,3968299645,4271104802,0,0.037148,0.05448,0.075986,1.0,17.8,1,148.0,2,5,2,0,1,2,0,0,2,2,4,0,Normal,0
1048,1.202026,udp,ssh,REQ,35,7,575.0,204.0,71.976,31,31,3288.033,233.921,0,2,10.309,2.387,1.2,2.297,255,2262082490,1212683530,255,0.002691,0.01196,0.00351,439.0,111.0,0,22.0,2,2,4,1,3,3,0,0,0,2,1,0,Exploits,1
1049,0.320471,udp,-,FIN,30,9,3697.0,282.0,40.165,62,31,2149.695,1241.477,1,1,0.854,15.903,4.54,0.874,0,2387115431,1901166727,0,0.019682,0.014518,0.022169,5.3,130.2,0,132.0,2,0,2,4,1,4,0,0,0,5,6,0,DoS,1
1050,0.052283,udp,http,FIN,12,7,2135.0,311.0,8.102,62,128,1398.588,329.347,2,0,16.673,0.536,7.236,4.55,255,2742595198,38100792,255,0.030762,0.008815,0.007987,32.1,245.4,2,59.0,4,3,2,1,1,4,0,0,0,1,1,0,Normal,0
1051,0.344182,tcp,ssh,REQ,28,8,1097.0,432.0,19.278,31,62,2710.46,667.465,1,2,11.801,9.286,9.604,6.277,255,135353535,3886967698,255,0.060221,0.068646,0.007019,150.5,51.1,0,186.0,3,0,3,6,3,1,0,0,0,3,3,0,Generic,1
1052,0.427319,tcp,dns,INT,9,8,33.0,167.0,14.448,62,31,878.741,1637.991,1,0,1.77,1.799,5.661,12.626,0,3451899236,3383566869,255,0.013225,0.021704,0.004728,9.0,222.9,0,115.0,0,1,1,0,3,1,1,0,0,1,7,1,Normal,0
1053,0.042592,tcp,http,CON,3,5,287.0,691.0,12.089,62,31,1657.364,69.139,1,0,28.173,4.02,20.023,10.25,255,2063788450,89345482,255,0.011833,0.020802,0.013229,141.2,174.6,1,212.0,5,0,0,3,2,2,0,0,0,3,4,0,Normal,0
1054,0.777564,tcp,-,FIN,6,14,615.0,109.0,4.701,254,31,3389.298,763.48,0,0,20.478,2.384,2.502,6.969,255,996205645,383296625,255,0.126975,0.072818,0.02722,137.8,96.5,1,109.0,0,1,1,1,3,2,0,0,1,6,3,0,Normal,0
1055,0.326237,tcp,smtp,ECO,4,4,497.0,142.0,83.438,128,128,660.316,668.656,0,1,9.719,9.868,9.747,1.198,0,3896692482,2252210268,255,0.025221,0.029351,0.038915,38.1,102.3,2,106.0,6,3,0,2,2,1,0,0,2,2,2,0,Normal,0
1056,0.078636,tcp,ssh,RST,34,15,4330.0,422.0,131.801,62,31,1403.269,112.405,2,0,20.649,16.229,14.665,3.722,255,1312918914,1720836674,255,0.091854,0.002706,0.036364,93.3,7.8,1,241.0,1,4,4,2,4,1,0,0,0,4,5,0,Generic,1
1057,1.258491,tcp,http,ECO,31,9,1525.0,1553.0,53.64,128,62,836.502,1222.517,0,2,1.949,28.258,8.639,6.341,0,1592333184,3360283381,0,0.000366,0.021681,0.074417,81.3,23.9,1,172.0,3,2,4,3,4,4,0,0,1,2,2,1,Reconnaissance,1
1058,0.654419,tcp,dns,FIN,16,9,533.0,1549.0,172.032,254,31,2274.783,557.042,0,0,16.973,4.294,1.942,3.134,255,2580493289,3907173743,0,0.030788,0.001715,0.016463,101.4,25.5,1,428.0,2,1,1,0,1,1,0,0,1,3,3,0,Normal,0
1059,0.461708,tcp,ftp,FIN,15,7,496.0,21.0,52.265,62,62,714.16,5050.972,0,2,45.709,2.163,2.989,2.033,0,1874513877,1494641355,255,0.008036,0.052893,0.012949,70.3,58.0,0,13.0,3,1,3,2,3,1,0,0,0,3,1,1,Normal,0
1060,0.02006,tcp,dhcp,CON,21,5,1895.0,990.0,31.448,254,254,201.786,202.814,0,1,2.188,0.481,4.512,3.265,255,3135013889,3299311333,255,0.012576,0.005761,0.032681,31.1,107.5,1,17.0,3,2,4,6,5,2,0,2,0,1,6,1,Exploits,1
1061,1.5172,tcp,pop3,FIN,35,7,458.0,323.0,21.682,254,128,1473.032,873.475,1,2,7.531,29.73,1.384,4.745,255,2630259783,2735353942,255,0.02812,0.003871,0.040555,363.6,4.1,2,101.0,2,2,2,1,3,2,0,1,0,0,2,0,Analysis,1
1062,0.240759,arp,ftp,INT,29,6,1489.0,697.0,14.518,62,62,1630.927,1121.92,0,1,5.435,21.476,1.214,2.875,255,3174528723,2067501401,0,0.060941,0.01736,0.024331,135.6,28.5,0,238.0,3,1,4,0,3,3,0,0,1,2,3,0,Generic,1
1063,0.201925,tcp,smtp,REQ,14,8,1361.0,1441.0,0.995,62,31,1202.199,1139.696,1,1,8.312,11.026,1.48,12.52,255,3610072538,1388012837,255,0.027664,0.009494,0.05096,224.3,31.7,1,241.0,3,2,0,1,3,4,0,0,1,2,4,0,Normal,0
1064,0.026726,tcp,dhcp,CON,37,9,3475.0,888.0,44.422,254,254,1757.326,176.868,3,0,1.247,3.912,0.004,0.292,255,1399367503,1535809894,0,0.045556,0.012446,0.036721,119.7,11.2,0,55.0,3,2,1,3,3,3,0,0,0,2,8,0,Generic,1
1065,0.153758,tcp,ftp,INT,9,9,388.0,376.0,3.163,254,254,78.376,1241.687,0,0,9.707,32.837,3.025,2.358,255,87997082,3100739807,255,0.029047,0.004399,0.015848,146.7,19.2,1,376.0,2,0,3,1,4,2,0,0,0,2,3,0,Normal,0
1066,0.910031,udp,http,REQ,27,6,3186.0,33.0,41.533,254,128,448.915,76.86,0,1,0.266,2.742,1.874,10.784,0,3704280439,1035324515,0,0.033615,0.011645,0.01406,84.3,97.1,0,118.0,5,2,2,1,6,1,0,0,0,2,2,0,Backdoor,1
1067,0.896452,udp,ftp,CON,9,12,380.0,795.0,14.052,128,254,505.895,8.305,1,3,2.814,0.79,7.649,3.666,0,2874483245,2385898248,0,0.038349,0.043612,0.032009,33.2,112.0,0,722.0,3,1,4,1,2,3,1,0,0,2,3,0,Normal,0
1068,0.044818,tcp,smtp,INT,34,6,2367.0,734.0,104.773,62,128,2837.033,1382.754,1,1,6.499,1.931,3.054,2.344,255,2946127511,191025301,255,0.00196,0.012163,0.028775,89.7,174.6,3,259.0,3,0,1,4,1,1,0,0,0,1,3,0,Generic,1
1069,0.247908,tcp,dhcp,REQ,10,3,755.0,647.0,44.477,62,31,559.391,1607.631,0,0,6.356,7.784,12.192,0.694,0,272048342,4172723583,0,0.002456,0.003344,0.017277,195.3,146.9,0,368.0,7,0,2,1,4,3,0,0,1,2,2,1,Normal,0
1070,0.610517,udp,ftp,ECO,15,4,144.0,499.0,143.963,62,62,822.888,2027.814,2,0,3.64,0.748,3.432,0.165,0,569198402,1669278502,255,0.005881,0.047712,0.04185,221.0,0.3,0,26.0,3,2,0,4,2,6,0,0,0,2,7,0,Normal,0
1071,0.327318,icmp,-,CON,40,5,1822.0,1635.0,3.286,254,62,656.178,822.064,1,1,12.939,0.295,0.292,1.499,255,2737661774,282714127,0,0.066874,0.000112,0.033243,1.1,98.5,2,373.0,2,1,3,2,4,1,0,0,0,2,1,1,DoS,1
1072,0.125041,tcp,http,FIN,31,13,845.0,40.0,5.491,254,254,2472.973,423.343,2,0,1.014,15.668,2.028,3.815,255,3038742403,2095862970,255,0.003823,0.023911,0.004054,135.1,180.5,0,465.0,1,0,0,0,0,1,0,0,0,1,1,0,Generic,1
1073,0.474631,tcp,dns,ECO,12,8,674.0,3.0,146.67,254,62,90.888,1295.174,0,1,6.308,25.712,0.732,2.372,0,2530804783,2902152418,0,0.057317,0.00869,0.007572,522.5,8.2,0,69.0,4,1,4,2,5,0,0,0,0,2,5,0,Normal,0
1074,0.324242,tcp,-,REQ,25,11,5448.0,167.0,160.944,128,62,1145.293,56.468,1,0,22.562,4.806,5.274,4.137,0,3168151849,965724928,0,0.114516,0.000383,0.047082,4.2,27.3,0,115.0,4,2,0,1,1,2,0,0,0,2,3,0,Reconnaissance,1
1075,0.351845,tcp,-,INT,35,6,1198.0,132.0,13.395,31,254,79.613,1440.298,1,0,1.209,19.16,0.699,8.029,0,3133195379,2453717777,0,0.02764,0.000618,0.014401,39.1,153.1,0,630.0,2,4,3,0,0,2,0,0,1,1,3,0,DoS,1
1076,0.085872,udp,ssh,RST,13,7,61.0,166.0,217.524,128,128,883.209,117.386,1,2,5.555,3.181,4.297,5.563,255,3078428159,1325181238,255,0.08227,0.014842,0.047587,105.6,22.9,1,46.0,2,1,2,1,2,3,0,0,0,3,4,0,Normal,0
1077,0.256619,ospf,pop3,ECO,10,5,19.0,421.0,23.543,128,128,155.829,905.93,1,0,22.203,0.34,2.219,12.75,0,800201216,1843900546,255,0.047037,0.003031,0.041886,34.3,147.2,0,250.0,4,3,4,1,2,0,0,0,0,2,5,1,Normal,0
1078,0.681916,ospf,http,FIN,9,9,198.0,186.0,8.142,254,254,134.74,487.974,0,0,6.34,0.546,2.009,2.127,0,1750337929,2600353222,0,0.286105,0.003072,0.007248,61.6,64.4,0,372.0,2,0,4,5,1,4,1,0,0,2,2,0,Normal,0
1079,0.326362,udp,smtp,ECO,25,14,2255.0,939.0,9.898,254,31,522.993,2372.802,3,0,7.82,4.446,4.452,2.215,255,2953298426,1505223681,255,0.004241,0.010621,0.022223,0.0,95.9,2,513.0,4,2,1,2,1,0,0,0,0,1,3,0,Generic,1
1080,0.462487,tcp,smtp,REQ,11,4,371.0,211.0,37.708,62,128,1192.509,2072.098,2,3,1.178,12.013,0.526,4.726,0,2522331633,1932425000,255,0.235223,0.001933,0.012844,107.9,362.5,0,220.0,4,1,2,2,3,1,0,0,0,1,2,0,Normal,0
1081,0.218428,arp,ssh,REQ,6,12,735.0,64.0,0.077,62,254,1046.864,339.938,1,1,35.84,0.936,0.891,9.428,0,515300084,517584353,255,0.033874,0.014983,0.004401,326.0,102.8,0,139.0,3,4,1,1,1,1,0,0,0,3,1,0,Normal,0
1082,0.780122,tcp,dhcp,ECO,34,8,1123.0,429.0,46.882,31,254,485.933,234.178,1,2,37.961,22.424,0.272,3.815,0,2442063709,4140898928,0,0.01264,0.040735,0.005021,52.3,44.4,1,204.0,1,2,1,2,0,0,0,0,0,1,3,0,Reconnaissance,1
1083,0.057196,tcp,dhcp,CON,43,5,309.0,1501.0,84.945,254,62,2089.067,654.984,0,0,24.936,13.996,8.834,11.451,0,1331508514,1842177026,0,0.062906,0.051307,0.033651,112.1,62.1,0,2.0,6,1,2,2,0,3,0,0,0,2,3,1,Reconnaissance,1
1084,0.586175,udp,ftp,RST,30,10,4434.0,55.0,129.484,254,31,223.154,384.511,1,1,4.011,16.805,0.376,11.182,0,58832329,412987621,0,0.044918,0.002954,0.009449,141.0,0.5,1,61.0,0,1,4,4,2,1,0,0,0,2,2,0,Fuzzers,1
1085,0.09583,tcp,dhcp,REQ,29,5,615.0,20.0,15.343,254,31,176.869,61.303,1,3,0.685,3.268,6.896,5.18,255,149077776,4078396173,255,0.176638,0.025404,0.014845,118.9,23.0,0,46.0,2,2,5,2,1,0,0,0,0,1,5,0,Backdoor,1
1086,0.141094,udp,-,ECO,37,8,2151.0,188.0,47.724,31,128,237.969,1398.233,0,0,1.869,6.353,1.967,4.619,255,2434325688,2282737608,0,0.065787,0.000211,0.009064,13.2,123.3,1,18.0,5,2,3,3,4,0,0,0,1,1,5,0,Exploits,1
1087,1.077446,ospf,dhcp,INT,34,7,3968.0,305.0,28.506,254,128,2994.924,2216.062,3,1,0.843,6.259,1.911,3.191,0,2846667852,91934910,0,0.067417,0.010747,0.007776,147.3,105.7,0,58.0,3,1,1,2,0,4,0,1,1,0,8,0,Exploits,1
1088,0.255928,udp,http,RST,25,4,2168.0,247.0,58.039,62,31,2230.469,1151.017,0,1,25.363,5.365,9.508,20.702,255,1703643524,2030544300,255,0.001591,0.021485,0.012194,20.4,102.7,2,49.0,6,2,4,3,1,2,0,0,0,1,4,1,Exploits,1
1089,0.285118,udp,-,INT,10,6,852.0,110.0,152.277,62,254,773.317,183.394,1,1,19.108,19.353,4.303,2.762,255,1008815825,639892474,0,0.026976,0.022048,0.006914,714.5,144.2,1,436.0,4,2,2,1,0,6,0,0,1,2,3,0,Normal,0
1090,0.509743,tcp,-,INT,11,17,219.0,241.0,25.362,254,254,72.973,945.672,3,0,19.193,10.957,0.308,4.892,255,3626605201,3392955514,0,0.050477,0.021433,0.060556,62.2,307.1,1,57.0,3,1,2,1,2,1,0,1,0,1,2,0,Normal,0
1091,0.580636,tcp,-,INT,16,4,163.0,84.0,71.958,254,128,574.414,1207.902,0,0,8.601,21.391,1.605,11.941,0,3662231379,2159385487,0,0.00921,0.008676,0.011348,52.8,25.3,1,17.0,3,2,1,3,4,0,0,0,0,1,4,0,Normal,0
1092,0.499628,udp,dns,ECO,35,6,1543.0,40.0,163.402,62,128,759.262,184.966,0,1,23.105,12.93,3.888,2.613,0,3035735862,3948270348,255,0.00503,0.001017,0.0136,165.5,130.7,1,213.0,6,4,1,1,2,1,0,0,0,1,0,1,Generic,1
1093,0.396076,tcp,ssh,ECO,15,20,108.0,626.0,216.215,128,254,686.35,2096.28,2,0,6.454,7.31,2.397,13.912,0,1832238289,1640334229,0,0.04256,0.03834,0.015372,10.3,5.1,0,99.0,4,3,2,2,3,1,0,0,0,2,3,0,Normal,0
1094,0.003803,icmp,ssh,CON,5,8,5.0,8.0,119.8,254,128,421.073,168.765,1,0,2.183,30.831,3.098,1.406,0,797492866,1444107839,255,0.024993,0.048217,0.03293,23.1,196.2,0,56.0,3,4,0,3,4,2,0,0,0,0,3,1,Normal,0
1095,0.08261,tcp,-,ECO,37,2,2334.0,1391.0,38.473,31,62,2072.322,655.761,3,0,10.539,17.282,1.769,0.025,255,1595873002,1707245219,255,0.05869,0.005995,0.054346,56.7,90.7,0,92.0,2,0,2,3,2,3,0,0,0,3,4,0,Generic,1
1096,0.157498,tcp,ftp,REQ,7,12,822.0,99.0,147.591,128,254,894.603,1778.499,2,0,3.462,4.276,13.877,1.763,255,651323479,3473792623,255,0.023478,0.010926,0.00228,214.1,176.0,0,349.0,3,2,1,2,5,1,0,0,0,3,0,0,Normal,0
1097,0.902977,tcp,http,FIN,11,7,143.0,667.0,55.223,128,31,2343.738,1158.665,2,0,1.265,6.591,2.099,1.852,255,905335851,97785678,0,0.011142,0.038406,0.004158,10.5,12.3,0,422.0,3,1,3,3,2,0,0,0,0,1,3,0,Normal,0
1098,1.269079,udp,http,RST,33,6,1010.0,1690.0,30.492,62,31,834.305,157.0,1,1,8.902,1.075,1.684,4.547,255,4117538490,3769505400,0,0.055385,0.023902,0.037682,51.0,137.5,0,96.0,4,2,3,0,5,1,0,0,0,2,3,0,Fuzzers,1
1099,0.324671,udp,ssh,FIN,34,8,3858.0,350.0,22.577,254,254,618.34,621.824,1,5,15.695,21.483,0.089,0.368,255,3731524530,1422116396,255,0.005366,0.015432,0.031011,250.2,43.6,1,44.0,1,2,1,4,1,2,0,0,0,2,7,0,DoS,1
1100,0.230051,arp,ssh,ECO,12,13,20.0,196.0,5.703,254,31,780.346,302.79,0,1,7.737,2.511,3.735,16.767,255,1136666299,2377567138,0,0.048689,0.016058,0.013903,43.5,26.5,0,17.0,3,0,0,2,2,2,0,0,0,0,1,0,Normal,0
1101,1.606202,tcp,http,INT,14,7,83.0,542.0,60.468,31,254,2506.539,1058.449,0,1,6.837,2.714,2.205,18.298,255,1589593583,2423543534,0,0.089076,0.004644,0.038268,395.3,191.1,1,11.0,4,2,2,1,5,3,0,0,0,2,6,0,Normal,0
1102,0.352256,tcp,ftp,ECO,5,6,180.0,62.0,27.605,31,31,646.581,4.008,0,1,17.212,16.95,1.605,2.704,255,2266534174,3326932629,0,0.048916,0.019386,0.018445,489.4,29.0,0,231.0,2,4,4,0,0,1,0,0,0,1,3,0,Normal,0
1103,0.616719,tcp,dhcp,INT,33,11,1090.0,101.0,32.191,128,128,179.306,1520.82,2,0,9.791,0.635,13.992,7.221,0,144743505,1231309811,0,0.007815,0.011075,0.016581,42.7,81.6,1,7.0,7,5,3,3,3,1,1,0,0,2,4,0,Fuzzers,1
1104,0.411137,tcp,smtp,FIN,31,10,229.0,310.0,21.524,62,62,340.446,1937.09,3,1,21.356,0.623,5.041,7.845,0,2297863667,423068305,0,0.066542,0.054492,0.017924,104.9,109.9,0,134.0,3,0,1,0,2,7,0,0,0,1,3,0,Fuzzers,1
1105,0.22698,tcp,http,RST,11,9,279.0,330.0,56.836,62,254,503.528,1867.491,1,2,2.365,6.3,2.557,0.073,255,3844503011,2370995679,255,0.025243,0.000436,0.014267,372.9,120.3,1,333.0,3,1,2,5,1,0,0,0,1,2,4,0,Normal,0
1106,0.281985,tcp,dhcp,RST,37,8,2650.0,993.0,108.925,62,128,30.192,1024.347,0,1,12.465,2.285,0.229,2.793,255,3896283794,3754325505,0,0.045131,0.03024,0.000839,50.4,116.6,0,158.0,4,3,2,1,3,2,0,1,0,1,3,0,Exploits,1
1107,0.516865,tcp,http,CON,8,6,128.0,16.0,194.422,62,254,847.105,222.811,1,2,2.75,6.531,1.808,13.341,255,3313607727,1091961491,0,0.047476,0.055368,0.072992,9.9,14.7,0,363.0,2,2,5,5,0,2,0,0,0,4,5,0,Normal,0
1108,1.174917,tcp,ftp,CON,11,5,314.0,100.0,43.443,254,62,1104.052,621.843,0,1,15.293,9.4,2.069,2.926,255,1173692649,4127305042,0,0.011148,6.5e-05,0.010402,64.9,12.7,0,526.0,3,3,1,2,0,2,0,0,0,2,2,0,Normal,0
1109,0.284931,udp,ssh,ECO,27,8,3162.0,639.0,11.219,128,254,10.428,240.733,0,1,7.049,13.819,1.504,1.822,0,1721192341,1265543483,0,0.039749,0.014484,0.006266,13.9,50.8,0,399.0,5,3,6,3,3,4,0,0,2,2,4,0,Worms,1
1110,0.260573,udp,smtp,RST,9,5,2250.0,5.0,20.576,31,62,842.524,1426.062,0,3,5.648,7.218,16.378,3.637,255,2215160045,3569638194,255,0.083361,0.035334,0.010019,35.7,134.6,0,445.0,7,1,2,2,3,3,0,1,0,4,2,1,Normal,0
1111,0.027564,tcp,-,CON,11,16,95.0,917.0,45.062,128,254,794.179,260.863,0,1,5.327,0.082,0.383,6.535,255,3298874052,103243794,255,0.095962,0.039836,0.02864,113.7,108.6,1,417.0,2,0,2,3,3,2,1,0,0,2,0,0,Normal,0
1112,0.06437,tcp,pop3,RST,11,5,201.0,171.0,60.991,128,31,22.731,2056.272,2,1,13.169,10.553,1.035,0.42,0,1224175651,503206056,255,0.132207,0.005726,0.084016,80.7,77.5,0,178.0,3,3,1,0,1,4,0,0,0,2,4,0,Normal,0
1113,0.004562,udp,http,CON,32,6,4350.0,39.0,144.074,128,254,482.587,40.787,3,0,5.602,33.945,1.302,3.949,0,2115181605,3710968525,0,0.013356,0.010176,0.009786,18.7,98.9,0,183.0,2,1,0,2,1,2,0,0,0,3,4,0,Generic,1
1114,0.06747,udp,ssh,CON,25,5,184.0,316.0,11.878,62,254,3760.89,116.852,1,1,2.676,8.138,0.263,0.836,0,3123737761,10866978,0,0.026603,0.03528,0.064385,37.2,260.8,0,41.0,2,2,1,0,2,2,0,0,0,1,4,0,Reconnaissance,1
1115,0.744372,udp,ftp,REQ,27,11,5045.0,317.0,29.567,62,128,1261.172,402.971,1,2,24.376,14.769,4.179,0.702,0,2166199539,1534234334,0,0.077233,0.011222,0.05145,29.3,18.8,0,50.0,4,8,2,1,1,2,0,0,1,0,2,1,Backdoor,1
1116,0.653566,tcp,pop3,RST,10,9,384.0,671.0,8.253,254,254,559.004,956.135,0,1,0.011,16.416,48.451,3.984,255,1248639245,1484201058,255,0.043355,0.002393,0.060845,5.4,80.4,0,244.0,2,3,1,4,4,0,0,0,0,4,3,0,Normal,0
1117,0.745186,tcp,dhcp,ECO,15,11,176.0,1.0,127.258,128,62,333.457,1184.04,2,1,2.92,2.721,8.386,3.875,255,335937404,2115870473,255,0.005199,0.008559,0.040118,22.7,110.8,0,438.0,1,1,2,1,3,1,0,0,0,2,2,0,Normal,0
1118,0.014688,icmp,pop3,INT,31,4,1211.0,37.0,85.607,62,128,998.843,589.124,2,0,9.81,5.844,1.633,5.95,0,3263784340,1193381949,255,0.116641,0.045922,0.104209,100.3,67.9,0,20.0,3,2,2,3,2,5,1,0,0,4,1,0,Fuzzers,1
1119,0.544961,tcp,dhcp,FIN,9,11,133.0,372.0,17.925,128,62,906.385,61.369,2,1,6.716,9.869,3.518,3.684,255,575763566,1918995567,255,0.110299,0.063089,0.000744,2.6,7.5,1,97.0,1,0,1,2,0,2,0,0,1,4,3,0,Normal,0
1120,0.156827,tcp,smtp,REQ,28,5,2925.0,749.0,2.71,62,62,818.173,307.248,0,2,20.645,7.03,1.909,0.224,255,344493882,2464132431,255,0.042249,0.002886,0.007769,173.1,107.3,1,60.0,1,2,4,0,2,2,0,0,0,2,7,0,DoS,1
1121,0.316906,ospf,-,RST,29,12,1290.0,83.0,21.615,254,31,40.779,410.347,0,1,8.655,0.053,6.199,1.294,0,643480248,1887719115,0,0.014316,0.002909,0.052306,34.1,147.3,0,183.0,2,0,3,0,2,5,0,0,0,0,5,0,Generic,1
1122,1.077527,tcp,smtp,ECO,12,5,636.0,104.0,14.996,128,31,419.741,1597.441,2,2,0.789,7.321,1.879,9.299,0,1409364695,13217991,0,0.039459,0.001156,0.018191,27.0,230.5,1,16.0,5,1,2,2,4,2,0,1,1,4,6,0,Normal,0
1123,0.406309,udp,dns,FIN,33,7,1397.0,1606.0,61.898,62,128,690.882,90.642,0,0,5.899,0.158,1.134,0.891,0,3446933394,2748146208,0,0.026535,0.004691,0.003777,107.4,51.6,0,105.0,9,2,5,3,3,4,0,0,0,2,5,0,Fuzzers,1
1124,0.062281,icmp,ssh,REQ,11,4,196.0,348.0,42.197,31,128,86.115,228.172,0,4,5.956,3.222,0.893,8.304,0,2017950586,2287139709,0,0.071092,0.02297,0.009183,32.0,309.8,1,63.0,0,2,2,0,3,2,0,0,0,3,3,0,Normal,0
1125,0.245088,tcp,http,REQ,8,8,741.0,402.0,60.373,62,31,609.958,1791.893,0,0,17.415,22.99,7.15,0.854,0,2739347683,2774250348,255,0.168622,0.008081,0.003084,63.7,232.3,0,6.0,3,1,3,0,4,5,1,0,0,3,5,0,Normal,0
1126,1.55267,udp,ssh,REQ,33,9,3532.0,199.0,2.724,128,128,1704.454,516.709,3,1,3.552,3.017,2.17,0.426,0,2222524416,3903557414,0,0.11839,0.033619,0.009411,109.6,4.1,0,146.0,5,1,1,1,3,4,0,0,0,1,3,0,Generic,1
1127,1.141619,tcp,dns,FIN,7,5,736.0,74.0,77.009,254,254,294.602,212.909,2,1,1.5,6.543,2.637,9.183,255,2001238452,830146087,0,0.010611,0.002716,0.002213,310.2,19.9,0,1.0,5,4,1,3,1,1,0,0,0,2,4,1,Normal,0
1128,0.775438,icmp,ssh,FIN,28,8,398.0,46.0,15.088,62,128,391.719,1583.693,0,0,5.567,14.048,12.041,3.661,0,1498752244,2218205007,0,0.086586,0.010622,0.013162,18.4,15.2,0,29.0,5,3,4,2,2,2,0,0,1,2,5,0,Generic,1
1129,0.067272,icmp,dns,REQ,28,9,2740.0,106.0,69.931,128,31,3698.266,2152.612,0,1,2.266,0.689,1.048,19.647,255,3942156487,2921652057,0,0.023552,0.057082,0.011565,148.9,343.0,0,45.0,2,0,1,2,3,0,0,0,1,0,1,0,Generic,1
1130,0.082829,icmp,dns,CON,22,11,2054.0,948.0,66.531,128,31,1319.561,263.61,2,1,2.225,4.886,14.28,8.098,255,2434281605,186947995,255,0.047122,0.00999,0.011073,557.9,11.5,1,57.0,1,3,2,0,2,2,0,0,0,3,5,1,Shellcode,1
1131,0.050465,tcp,http,REQ,33,8,238.0,1205.0,48.219,31,128,2305.558,186.337,0,2,3.769,1.517,2.748,0.629,0,2074825446,1196010825,0,0.02602,0.002972,0.037943,56.6,35.9,0,54.0,5,2,6,3,0,0,0,0,1,2,2,0,Worms,1
1132,0.070406,udp,pop3,FIN,14,6,176.0,22.0,10.184,128,254,9.357,653.797,2,1,8.169,9.61,8.2,13.216,0,1032713172,2099378347,255,0.013291,0.008068,0.0024,124.8,90.7,1,96.0,2,2,6,1,2,6,0,0,1,2,3,0,Normal,0
1133,0.005997,icmp,-,RST,6,6,464.0,519.0,31.924,31,31,242.455,648.681,1,0,0.269,0.646,14.252,0.222,0,1082023553,2259130206,255,0.05543,0.039793,0.028519,76.3,64.2,0,30.0,1,0,1,1,4,2,0,0,1,1,7,0,Normal,0
1134,0.919981,udp,http,CON,45,7,2632.0,175.0,57.848,128,254,621.307,401.584,0,2,2.616,4.278,0.054,10.757,0,1156261915,2873938139,0,0.044685,0.030635,0.041158,29.4,38.0,2,151.0,1,2,1,2,4,2,0,0,0,4,2,0,Exploits,1
1135,0.595895,udp,dns,INT,33,11,431.0,90.0,6.13,128,128,620.388,247.386,0,0,6.625,34.237,4.567,4.81,255,642048792,3839304978,0,0.002677,0.03327,0.005737,40.9,30.1,0,213.0,5,0,3,1,3,1,0,0,0,0,1,0,Backdoor,1
1136,0.775863,tcp,http,INT,12,11,674.0,332.0,184.976,254,254,202.209,138.121,3,1,9.655,3.84,5.866,0.894,0,1331416275,1329335906,0,0.040489,0.008614,0.023438,31.3,172.2,0,75.0,2,0,3,1,6,0,0,0,0,1,4,0,Normal,0
1137,0.333672,icmp,dhcp,INT,12,10,1857.0,165.0,112.153,62,254,1259.573,974.677,0,0,5.512,16.467,2.422,10.185,0,2826080768,607724660,0,0.025783,0.004596,0.007334,23.6,73.1,1,101.0,3,5,1,3,2,0,1,0,0,1,1,0,Normal,0
1138,0.001729,tcp,ftp,REQ,8,2,267.0,679.0,12.91,128,62,684.563,3372.07,1,0,6.861,5.288,4.05,8.897,255,2291152228,3949136838,255,0.003523,0.002776,0.015696,75.6,79.3,2,190.0,4,1,2,1,0,2,0,0,0,3,8,0,Normal,0
1139,0.309254,tcp,http,REQ,24,9,1085.0,451.0,41.631,62,31,7.406,328.423,0,2,13.742,15.961,4.112,3.298,255,2514477540,117623748,0,0.030963,0.002286,0.035461,12.1,77.4,0,265.0,1,1,3,0,2,0,0,0,0,0,3,0,Normal,0
1140,0.031898,icmp,ftp,RST,32,5,1055.0,195.0,19.851,31,62,2204.234,528.787,1,2,8.923,1.722,2.329,1.198,0,858025740,4084883822,0,0.108237,0.017865,0.005663,5.5,14.4,1,830.0,2,2,4,1,1,2,0,0,0,2,5,0,Generic,1
1141,0.96268,icmp,http,ECO,6,7,213.0,1307.0,12.601,128,31,13.193,282.121,1,3,6.957,7.736,7.395,10.219,255,639928753,2937346510,0,0.116712,0.01914,0.018685,106.4,22.5,0,23.0,4,0,1,2,1,1,0,0,1,4,0,1,Normal,0
1142,0.01582,ospf,ssh,CON,32,4,1157.0,433.0,21.527,31,128,1114.247,817.376,1,0,0.925,2.63,6.803,0.507,255,2290391781,3039888933,0,0.09198,0.019848,0.008853,11.4,31.7,0,300.0,2,3,3,1,1,1,0,0,1,5,2,0,Exploits,1
1143,0.188481,tcp,dns,ECO,29,11,2905.0,852.0,21.132,31,254,903.492,82.852,0,2,13.709,6.506,1.896,1.206,255,3927351722,3547542115,255,0.046028,0.00888,0.051175,31.0,39.5,0,17.0,5,0,1,2,0,1,0,0,0,1,2,1,Fuzzers,1
1144,0.904576,tcp,http,REQ,35,10,4541.0,475.0,112.076,254,128,808.607,809.936,0,3,9.438,2.356,5.854,6.991,0,1961506546,2366990157,0,0.125212,0.002114,0.007649,175.4,175.3,1,220.0,2,2,1,2,0,1,0,0,1,1,2,0,Fuzzers,1
1145,0.763579,tcp,pop3,CON,8,9,293.0,239.0,164.071,254,31,117.678,825.628,0,1,2.44,0.516,10.049,0.524,255,2557298170,115423037,255,0.116505,0.025364,0.0194,2.4,62.2,1,276.0,3,0,1,1,2,1,0,0,0,0,3,0,Normal,0
1146,0.859001,tcp,ssh,ECO,9,7,1406.0,156.0,34.928,254,31,21.037,2583.433,0,0,4.11,1.385,6.16,0.323,0,1988415771,1656850477,255,0.102714,0.078331,0.062844,102.2,92.8,0,301.0,3,1,1,3,0,2,0,0,0,5,5,0,Normal,0
1147,0.499493,icmp,dns,RST,28,8,944.0,69.0,58.518,254,31,6508.608,19.12,0,0,8.387,1.09,3.481,1.45,255,3746612715,2729533594,0,0.02385,0.025603,0.016673,27.1,140.9,1,848.0,3,1,0,0,1,1,0,0,0,2,4,0,Exploits,1
1148,0.110102,tcp,smtp,CON,26,5,1642.0,102.0,28.005,128,31,96.591,633.329,0,0,7.23,14.233,1.935,0.766,255,1782038763,2107005522,0,0.006099,0.015048,0.035624,46.0,37.2,1,182.0,3,5,1,3,3,3,0,0,1,0,2,0,Fuzzers,1
1149,0.761262,tcp,ssh,CON,5,12,1035.0,225.0,10.031,128,62,148.767,1281.703,2,1,1.739,4.442,3.586,5.091,0,1277276423,3346706800,255,0.00957,0.015215,0.002896,35.0,152.0,0,17.0,2,0,4,2,5,2,0,1,0,1,2,0,Normal,0
1150,0.985673,tcp,http,REQ,30,9,960.0,468.0,69.649,128,31,51.83,103.523,3,2,17.035,18.058,0.2,1.369,0,925464890,1605906074,255,0.028304,0.034947,0.032109,128.3,117.7,0,71.0,1,1,0,1,6,3,0,0,0,3,2,0,DoS,1
1151,0.999162,tcp,pop3,RST,8,9,325.0,514.0,69.533,128,254,412.542,516.438,0,0,11.806,18.818,4.455,0.442,0,1784568808,2631863061,255,0.046128,0.001275,0.006162,23.5,48.8,0,77.0,7,2,4,1,1,1,0,1,0,0,7,0,Normal,0
1152,0.808392,icmp,ftp,FIN,30,11,1495.0,647.0,65.831,128,254,1035.926,287.881,0,1,1.008,23.884,0.083,4.95,255,2803188119,2507632674,0,0.091452,0.044376,0.086476,3.7,92.2,1,23.0,3,2,1,3,0,2,0,0,0,3,3,0,DoS,1
1153,0.535083,udp,-,REQ,14,8,173.0,973.0,51.998,31,31,301.016,2552.41,1,1,22.406,2.561,0.889,5.157,0,1882530048,1692852411,255,0.029767,0.017313,0.02166,109.5,18.6,2,50.0,4,2,1,0,2,1,0,1,1,0,9,0,Normal,0
1154,1.138966,tcp,smtp,REQ,14,7,143.0,410.0,5.224,62,128,1439.916,402.94,3,2,1.69,7.88,0.385,0.066,255,3317203456,943258201,0,0.003472,0.031683,0.003572,7.3,91.6,0,75.0,4,2,2,1,4,0,0,0,0,5,1,0,Normal,0
1155,0.792739,tcp,dhcp,ECO,8,5,537.0,442.0,13.542,254,254,801.819,838.604,0,0,7.144,0.154,1.621,1.461,255,3989936587,2560289192,255,0.027547,0.005324,0.022067,252.9,38.4,1,5.0,2,0,3,1,1,5,0,0,0,1,4,0,Normal,0
1156,0.035059,tcp,ssh,RST,15,8,443.0,168.0,71.018,62,254,188.064,152.113,2,0,4.431,0.752,12.438,11.062,255,2885143188,505729959,255,0.006788,0.003567,0.026328,266.5,217.6,1,206.0,1,3,0,3,0,1,0,0,0,3,0,0,Normal,0
1157,0.174016,tcp,ftp,ECO,12,6,238.0,159.0,4.76,254,62,2602.991,888.438,0,2,12.548,2.714,1.235,14.789,255,2651865827,1687421967,255,0.005945,0.016155,0.023347,4.7,0.6,0,27.0,1,2,3,1,2,1,0,1,0,3,2,0,Normal,0
1158,0.211666,icmp,dns,FIN,13,7,194.0,377.0,64.666,31,31,520.817,495.382,1,1,8.556,6.225,8.583,2.598,255,1080892478,4196496399,255,0.050235,0.035458,0.079465,60.4,119.7,0,675.0,4,0,2,2,4,2,0,0,0,1,3,1,Normal,0
1159,0.995139,udp,smtp,RST,11,12,685.0,63.0,46.03,31,128,658.095,807.612,0,0,13.414,9.037,9.394,6.802,0,3214767588,3568417285,0,0.00462,0.014639,0.005115,29.7,37.7,1,648.0,5,3,3,1,1,2,0,0,1,8,4,0,Normal,0
1160,0.411101,tcp,http,INT,19,8,1594.0,713.0,24.438,62,254,209.711,2300.488,1,0,7.984,3.119,0.212,4.392,0,2861535993,1134646385,255,0.056358,0.01541,0.017012,263.6,15.1,0,35.0,2,4,3,2,7,1,0,0,0,4,2,0,Exploits,1
1161,0.026942,udp,pop3,REQ,14,6,114.0,696.0,43.008,254,128,1046.686,1019.022,1,2,6.139,11.175,4.435,2.593,255,1541328687,3710167615,255,0.040049,0.025561,0.011213,21.6,147.5,0,14.0,6,4,6,3,3,4,0,0,0,1,2,0,Normal,0
1162,0.055404,tcp,ftp,ECO,25,12,1373.0,70.0,88.766,254,128,722.819,751.804,1,0,6.595,7.82,7.133,4.538,255,39101861,2534956475,0,0.023404,0.009227,0.000461,154.6,61.2,0,380.0,0,2,0,3,2,2,0,0,0,3,0,0,Generic,1
1163,0.186542,tcp,http,ECO,38,7,589.0,756.0,85.521,31,31,106.856,988.703,1,2,12.826,10.422,9.331,2.693,255,2671671395,1299986024,255,0.021589,0.002996,0.018491,0.9,7.8,0,42.0,3,2,0,0,4,1,0,0,0,2,1,0,Fuzzers,1
1164,0.123525,tcp,-,CON,9,3,1023.0,320.0,6.354,254,31,1703.342,1733.87,2,1,7.318,0.23,1.738,4.56,255,544445611,3007308833,0,0.03739,0.02592,0.019944,45.8,233.0,0,136.0,2,3,3,2,2,1,0,1,0,4,6,0,Normal,0
1165,0.08827,tcp,ssh,CON,16,8,143.0,558.0,37.774,128,128,403.193,4999.603,0,1,6.967,3.896,9.749,12.523,255,218883404,3689443712,255,0.04032,0.05738,0.005858,127.0,12.7,0,5.0,4,2,2,1,4,8,0,0,2,4,2,0,Normal,0
1166,0.157772,tcp,-,RST,35,6,5625.0,61.0,95.762,62,254,43.83,567.456,3,0,20.826,0.942,4.336,28.1,255,1210118048,2498746317,255,0.033729,0.060232,0.03398,186.9,6.0,0,73.0,5,2,4,2,1,2,0,0,2,3,1,0,DoS,1
1167,0.539869,udp,pop3,ECO,31,5,3278.0,239.0,0.004,128,128,546.245,6.827,0,0,2.562,4.672,1.133,8.438,0,997356066,2871537864,255,0.020681,0.017217,0.047256,25.2,162.3,0,3.0,4,2,2,1,1,3,0,1,0,3,4,0,Fuzzers,1
1168,0.612964,icmp,dhcp,REQ,12,6,361.0,205.0,29.205,62,128,706.188,1061.975,0,1,5.194,16.366,11.703,2.082,255,2580634876,3061146892,255,0.063038,0.000812,0.021181,141.2,240.2,0,347.0,6,1,1,0,2,2,0,0,0,5,5,0,Normal,0
1169,1.296953,tcp,-,FIN,26,8,1476.0,301.0,29.577,128,128,191.523,454.199,0,1,10.939,12.834,0.725,1.661,0,3229753068,2717235928,255,0.023926,0.019302,0.001017,78.4,126.6,1,122.0,4,2,1,4,0,3,0,0,0,1,3,0,Fuzzers,1
1170,0.400286,udp,-,FIN,9,7,644.0,313.0,30.801,254,128,260.005,1013.404,1,2,7.394,16.599,0.254,1.156,255,2675994727,1105149808,0,0.031005,0.014968,0.019328,102.1,45.1,1,174.0,3,1,0,3,3,4,0,0,2,3,2,0,Normal,0
1171,0.198705,tcp,dhcp,RST,13,8,86.0,140.0,8.703,254,254,237.753,232.061,0,0,11.204,4.941,5.628,0.041,255,713099406,1388689627,255,0.202843,0.001571,0.01439,174.7,121.1,1,41.0,3,0,6,4,1,1,0,0,1,3,7,0,Normal,0
1172,0.26623,tcp,-,RST,36,6,3321.0,927.0,0.217,62,62,400.276,4494.925,0,0,18.497,6.643,10.622,5.895,255,804654991,3818992329,255,0.028749,0.001829,0.007851,168.5,17.5,0,121.0,5,2,2,3,5,1,0,0,1,1,2,0,Exploits,1
1173,0.021634,tcp,dns,ECO,7,7,1068.0,659.0,116.751,31,31,694.798,77.773,1,2,1.543,16.459,0.279,0.328,255,2897325028,3965700828,255,0.058639,0.015192,0.016326,18.9,28.9,0,12.0,2,2,3,2,3,1,0,0,0,3,4,0,Normal,0
1174,0.19459,tcp,pop3,REQ,24,6,902.0,414.0,0.177,31,31,1680.154,224.477,0,0,6.822,0.57,1.18,0.63,0,3265190334,1716552320,255,0.056435,0.02785,0.011969,232.5,285.8,0,22.0,1,1,6,3,4,0,0,0,2,2,3,0,Exploits,1
1175,0.108727,tcp,http,INT,8,14,719.0,1427.0,55.725,31,128,61.727,603.818,1,2,8.31,8.737,0.74,4.879,255,1904802099,1787888732,255,0.008608,0.032284,0.024284,353.5,6.6,2,29.0,4,5,1,2,1,0,0,0,0,2,4,0,Normal,0
1176,0.065181,icmp,ssh,FIN,24,8,2446.0,154.0,53.847,62,254,257.478,36.912,0,1,3.471,5.195,2.823,2.234,0,3185273006,2429002913,0,0.116085,0.017961,0.006215,154.0,70.0,0,89.0,5,3,3,3,2,2,1,0,0,2,2,0,Exploits,1
1177,0.236266,icmp,dns,RST,12,7,403.0,130.0,111.713,128,128,921.165,773.303,2,2,8.672,9.338,8.158,14.061,0,4012515064,387137531,255,0.017033,0.004215,0.007794,12.0,2.5,0,340.0,0,1,1,1,2,1,0,0,0,0,1,1,Normal,0
1178,0.070097,tcp,dns,ECO,12,6,217.0,1124.0,95.915,31,62,4013.565,481.545,1,1,6.666,7.675,5.134,11.986,255,2061789274,739946946,255,0.158831,0.017319,0.005985,83.0,19.7,0,228.0,2,2,1,3,0,3,0,1,0,4,2,0,Normal,0
1179,0.034827,udp,dhcp,FIN,17,13,475.0,2168.0,17.102,128,62,570.197,639.503,1,0,35.661,5.78,6.334,0.065,0,3676583061,1103098449,255,0.044038,0.030126,0.033075,77.1,77.1,1,25.0,1,3,5,3,1,2,0,0,1,1,6,0,Normal,0
1180,0.471779,tcp,ssh,INT,12,8,612.0,539.0,0.045,254,31,1766.913,1144.113,0,2,2.579,0.635,2.932,0.182,255,3418028774,1743256249,0,0.054154,0.00206,0.001198,107.1,119.9,1,399.0,3,1,2,2,0,1,0,0,2,2,3,0,Normal,0
1181,0.719825,udp,ftp,INT,26,4,2412.0,398.0,133.599,31,128,318.625,81.666,1,3,15.925,4.311,0.941,1.181,255,3610848585,3417472036,0,0.071624,0.007161,0.016047,90.6,196.1,0,794.0,3,2,1,1,1,0,0,0,0,0,2,0,Exploits,1
1182,0.289261,tcp,dhcp,RST,11,11,135.0,229.0,40.865,128,254,815.209,412.955,1,0,34.288,4.079,8.233,9.272,0,3241233319,2890451081,0,0.012173,0.005345,0.005738,47.3,90.8,1,229.0,4,1,1,4,3,3,0,1,0,3,6,0,Normal,0
1183,0.002256,tcp,smtp,RST,12,11,485.0,1024.0,36.427,254,31,1488.316,102.063,2,0,3.088,18.17,2.602,5.445,255,2074054770,4209528611,255,0.160315,0.008117,0.029673,95.7,5.9,1,5.0,4,1,4,0,0,0,0,0,0,2,3,0,Normal,0
1184,0.227578,udp,-,CON,9,5,408.0,104.0,142.348,254,62,271.524,165.727,1,3,8.754,0.325,0.919,4.801,255,2969141348,2571401966,255,0.110146,0.006204,0.071494,21.0,330.2,1,78.0,1,3,3,4,4,2,0,0,0,0,4,1,Normal,0
1185,0.025084,tcp,dns,ECO,11,8,755.0,618.0,5.081,254,31,325.205,585.241,1,1,0.408,27.669,13.873,11.731,255,1673429094,2927864860,255,0.024902,0.022235,0.006833,2.9,16.4,0,380.0,5,0,0,0,3,3,0,0,1,0,4,0,Normal,0
1186,0.540719,tcp,http,FIN,33,6,1102.0,130.0,230.348,62,62,829.37,445.525,3,3,1.385,4.797,13.073,5.749,255,3872051706,1908570227,0,0.063658,0.062901,0.022887,34.2,40.1,0,161.0,5,2,1,1,0,1,0,0,1,0,4,0,Fuzzers,1
1187,0.988031,tcp,ssh,RST,8,9,51.0,552.0,123.23,31,254,559.319,874.772,2,2,22.944,7.64,1.384,3.193,255,1070106678,3286311587,255,0.091306,0.010618,0.007333,247.5,67.9,0,237.0,5,2,4,3,6,4,0,0,1,5,1,0,Normal,0
1188,0.416337,tcp,pop3,RST,32,4,481.0,191.0,213.705,128,31,119.829,320.943,1,0,26.861,20.453,1.432,9.99,0,404857316,582713589,0,0.008368,0.007924,0.009079,71.8,84.3,0,158.0,3,3,2,2,0,1,0,0,0,1,1,0,Shellcode,1
1189,0.127712,tcp,-,FIN,10,7,2022.0,1110.0,142.179,62,31,1067.078,124.538,0,1,3.618,9.601,1.281,1.998,0,3452186633,196283345,0,0.004909,0.022967,0.006558,130.0,67.7,1,33.0,4,4,5,1,0,7,0,0,1,2,5,1,Normal,0
1190,1.285469,udp,pop3,RST,31,8,1819.0,64.0,110.593,31,62,214.837,424.29,2,0,20.75,2.571,5.155,6.365,255,682159211,860920538,255,0.043243,0.00291,0.052529,10.7,15.4,0,141.0,4,0,0,1,2,1,0,1,0,1,3,0,Generic,1
1191,0.531478,udp,dhcp,CON,17,9,528.0,102.0,61.523,128,254,233.367,978.249,2,1,7.76,9.653,0.871,1.149,255,1578159463,1754267682,0,0.153602,0.07146,0.060549,7.0,146.8,0,630.0,1,2,1,5,3,0,0,0,0,1,3,0,Normal,0
1192,0.038256,tcp,dhcp,CON,11,7,233.0,161.0,7.781,31,128,1080.883,108.053,0,0,5.496,18.512,3.95,9.789,0,1969761194,4042053949,0,0.011298,0.012966,0.007513,167.9,74.0,0,51.0,3,2,2,1,3,2,0,0,0,3,4,0,Normal,0
1193,0.105731,tcp,ssh,FIN,22,7,1294.0,402.0,31.313,128,62,180.37,262.062,1,1,19.867,7.781,3.992,3.121,0,1548212002,1318878620,255,0.024324,0.027986,0.0087,15.7,227.5,1,319.0,1,3,4,0,4,3,0,0,0,1,1,0,DoS,1
1194,0.633607,udp,ftp,RST,32,5,644.0,63.0,16.141,128,128,1385.88,233.042,0,0,2.722,21.75,6.725,3.11,0,1221668173,3408484899,0,0.020489,0.034119,0.011869,49.7,28.3,0,57.0,5,3,1,4,1,4,0,0,0,4,2,0,Backdoor,1
1195,0.109186,udp,http,RST,25,6,1956.0,251.0,30.052,62,62,1830.367,1282.599,0,1,1.739,0.352,3.332,6.512,255,521523055,3554939133,0,0.15093,0.028188,0.001338,48.2,72.3,1,67.0,2,5,6,0,3,0,0,0,0,1,1,0,DoS,1
1196,0.342523,udp,dhcp,REQ,10,4,103.0,85.0,20.364,128,31,1395.211,1096.2,2,2,5.049,6.257,4.419,0.027,255,3714772764,1835157003,255,0.121408,0.000336,0.003007,272.8,242.6,1,449.0,3,2,2,2,1,1,0,0,0,3,6,0,Normal,0
1197,0.230529,tcp,dns,RST,10,7,223.0,130.0,118.449,128,128,745.17,1908.831,1,1,5.519,2.957,2.657,8.603,0,1123918884,2038680579,255,0.008591,0.02027,0.071794,71.3,14.1,0,318.0,3,0,2,0,1,6,0,0,0,2,5,0,Normal,0
1198,0.16821,tcp,ftp,INT,35,12,2783.0,55.0,25.604,254,31,489.445,999.053,0,2,1.074,10.285,2.023,6.477,0,2520512878,3869726646,255,0.00671,0.056198,0.018692,382.1,134.2,0,21.0,1,1,1,2,2,2,0,0,1,0,3,0,Generic,1
1199,0.061436,tcp,ssh,REQ,12,8,230.0,621.0,26.546,128,31,757.195,307.47,1,0,16.049,11.169,14.455,1.972,0,2982449239,3519537602,0,0.040196,0.066545,0.019013,17.9,77.7,1,281.0,2,3,3,2,1,2,0,0,0,4,1,0,Normal,0
1200,0.581781,tcp,ssh,RST,24,5,902.0,714.0,22.55,128,62,613.908,2469.307,1,1,10.65,13.854,0.714,0.03,255,2919874632,814167050,0,0.281615,0.005623,0.028629,63.3,169.4,0,759.0,3,2,2,2,2,0,0,0,0,2,4,1,Exploits,1
1201,0.474784,tcp,pop3,INT,25,8,670.0,279.0,60.248,128,254,998.398,288.557,1,0,13.039,14.659,1.134,3.662,0,1304439466,1579048032,0,0.003974,0.011802,0.016431,17.9,232.3,4,101.0,2,2,2,0,0,2,0,0,0,2,4,0,Generic,1
1202,1.012312,tcp,dhcp,REQ,28,1,2168.0,132.0,0.909,128,62,35.01,509.632,0,4,12.838,5.966,1.62,4.1,0,3991653598,337168831,0,0.0869,0.001416,0.010792,430.8,171.9,0,107.0,4,3,2,1,4,1,0,0,1,3,3,0,Generic,1
1203,0.134991,udp,dhcp,FIN,26,11,1736.0,232.0,108.209,128,62,2279.329,1233.163,1,1,17.019,16.604,0.433,4.443,0,3748405373,1911024450,255,0.020962,0.00116,0.013377,80.0,2.8,0,59.0,1,2,2,1,3,1,0,1,0,3,1,0,Fuzzers,1
1204,0.022818,tcp,http,REQ,32,6,4877.0,510.0,12.68,254,31,49.164,653.303,0,2,1.306,10.582,3.764,0.244,255,3047352821,4290154039,255,0.005431,0.077415,0.003331,222.8,7.1,1,393.0,5,1,1,2,3,4,0,0,0,2,7,0,Exploits,1
1205,1.141375,udp,http,ECO,7,6,1636.0,125.0,21.935,254,62,795.657,529.699,3,0,2.914,14.528,1.056,0.015,255,3818417130,1224446165,255,0.200322,0.00828,0.002431,69.6,330.2,0,799.0,1,3,3,3,4,0,0,0,2,4,3,0,Normal,0
1206,0.45709,tcp,http,RST,11,5,124.0,508.0,79.602,62,62,240.904,920.988,2,2,4.098,1.927,8.794,1.462,255,4287409504,2274472170,0,0.023279,0.05987,0.002807,639.2,111.0,0,34.0,4,1,2,2,3,2,0,0,0,1,2,0,Normal,0
1207,0.001984,tcp,ssh,CON,27,4,4933.0,288.0,19.898,254,254,190.003,1376.94,0,1,15.125,63.001,15.59,5.643,0,1583031170,562615637,0,0.013061,0.013632,0.000807,39.2,14.7,1,326.0,1,3,1,2,3,1,0,0,0,4,1,0,Generic,1
1208,2.204215,udp,smtp,REQ,13,6,906.0,675.0,60.811,31,128,3816.529,828.556,0,0,13.964,1.798,3.247,1.973,0,3321807011,4075577088,255,0.013067,0.047113,0.028514,49.7,69.2,0,1206.0,4,2,1,3,4,2,0,0,0,2,5,0,Normal,0
1209,1.043962,udp,pop3,REQ,9,8,778.0,156.0,54.708,128,254,360.132,593.896,0,0,0.385,0.221,0.71,16.391,255,1388350747,4061062198,0,0.04381,0.017855,0.012419,34.2,104.5,1,46.0,2,1,2,1,2,0,0,0,1,1,6,0,Normal,0
1210,0.211686,tcp,pop3,ECO,10,10,91.0,612.0,41.879,128,31,2814.057,1545.038,1,1,14.908,1.221,15.774,0.317,0,2858076639,2324524629,255,0.030526,0.002568,0.021674,36.3,5.6,1,245.0,4,1,1,5,0,1,0,0,0,2,0,0,Normal,0
1211,0.451774,udp,pop3,RST,29,3,1993.0,3194.0,5.285,254,31,222.665,672.028,0,1,8.796,9.927,3.5,4.369,255,3950228284,3401033161,0,0.161668,0.007666,0.015839,60.1,38.2,1,337.0,4,0,0,2,1,2,0,0,1,0,4,0,Exploits,1
1212,0.157336,tcp,-,RST,22,10,1494.0,263.0,37.985,31,62,131.241,2099.23,0,1,16.6,14.743,4.236,21.149,0,1338979542,2076120236,0,0.020421,0.028668,0.023009,129.1,85.8,1,6.0,6,1,4,5,2,5,0,0,1,0,6,0,Fuzzers,1
1213,0.134525,tcp,ssh,RST,28,7,4530.0,279.0,12.222,31,254,227.883,71.576,2,1,15.725,5.526,4.704,0.825,255,3229638843,1814361549,0,0.105847,0.018916,0.009448,33.6,140.7,0,708.0,5,1,1,1,2,1,0,1,0,3,3,0,Generic,1
1214,0.267225,udp,pop3,INT,18,5,899.0,845.0,22.609,31,62,562.554,281.641,0,1,13.232,12.953,1.3,3.661,0,3224967356,3111459171,0,0.00143,0.030246,0.004435,42.7,50.0,0,277.0,1,2,7,0,3,2,0,0,0,7,0,0,Normal,0
1215,0.169821,udp,dhcp,INT,15,8,184.0,193.0,50.73,128,62,218.694,1090.626,0,2,20.227,15.226,2.625,13.942,0,1648713698,3313822317,0,0.042875,0.023731,0.000287,141.5,23.3,1,92.0,2,1,3,0,0,1,0,1,1,2,1,0,Normal,0
1216,0.187882,tcp,ftp,INT,12,4,109.0,16.0,26.707,254,128,655.635,69.061,1,0,16.631,29.803,0.883,8.512,255,1856382715,2054432054,255,0.05142,0.032865,0.026901,171.5,42.8,0,21.0,2,3,3,2,2,0,0,0,0,1,1,0,Normal,0
1217,0.037431,ospf,pop3,INT,12,8,1055.0,213.0,25.88,254,128,97.322,20.057,2,1,15.998,4.564,7.258,2.524,255,2930855624,274541162,255,0.012602,0.00214,0.004544,218.6,40.5,1,15.0,3,1,3,4,4,0,0,0,0,1,2,0,Normal,0
1218,2.427996,udp,dns,ECO,40,8,617.0,269.0,27.569,31,62,1762.792,3.102,0,1,11.921,8.096,8.625,3.638,0,4063412587,1981518543,0,0.034385,0.070167,0.017461,1.4,108.3,0,97.0,0,4,2,4,0,2,0,0,0,3,0,0,Generic,1
1219,0.491458,udp,http,ECO,30,9,2588.0,512.0,25.985,31,31,813.326,472.683,0,1,7.476,1.332,1.086,4.663,0,2135873462,3489242261,255,0.050014,0.007454,0.026275,31.4,304.6,0,117.0,1,0,0,2,4,3,0,0,0,2,4,1,Generic,1
1220,0.056517,tcp,ftp,ECO,9,7,1630.0,419.0,90.699,62,254,417.494,332.59,0,0,10.352,17.914,1.75,0.409,255,3728344598,2344673060,0,0.023152,0.000132,0.002008,44.6,20.9,0,4.0,3,0,1,1,1,1,0,1,0,3,2,0,Normal,0
1221,0.07042,tcp,ftp,REQ,11,8,403.0,243.0,67.95,254,62,995.19,241.606,1,1,16.942,7.509,1.417,13.554,0,459422163,2709775473,255,0.015722,0.002502,0.027884,84.2,9.7,0,130.0,2,1,3,1,1,3,0,1,1,2,1,0,Normal,0
1222,0.657817,tcp,dhcp,CON,13,13,822.0,191.0,27.144,254,254,2016.748,413.351,1,0,0.532,0.29,4.315,7.318,0,342231120,935217091,0,0.057426,0.000829,0.024657,194.9,88.9,0,192.0,1,0,1,4,2,4,0,0,0,3,1,0,Normal,0
1223,4.185622,udp,http,FIN,28,11,7653.0,54.0,79.089,31,62,2147.264,146.447,2,0,15.339,19.77,0.713,3.978,0,3443575147,115697999,255,0.006738,0.033857,0.029413,7.0,243.6,1,36.0,0,4,4,3,1,2,0,1,0,3,6,0,DoS,1
1224,0.334414,tcp,http,CON,32,9,461.0,79.0,20.327,128,128,260.979,448.959,2,2,11.653,2.612,12.814,3.388,0,4205933980,1821712309,255,0.016999,0.02141,0.04615,205.5,56.5,0,157.0,2,3,2,0,3,1,0,0,0,3,1,0,Generic,1
1225,0.111006,udp,smtp,REQ,7,7,366.0,321.0,55.344,128,254,627.456,632.166,0,0,2.336,10.993,1.016,2.013,255,2346936994,1048260410,0,0.078468,0.031865,0.027287,8.5,79.0,0,377.0,5,2,4,0,1,4,0,0,0,2,1,0,Normal,0
1226,2.262325,tcp,smtp,INT,29,8,464.0,661.0,30.738,254,62,824.694,8.798,2,2,2.093,10.058,7.867,1.853,0,1778856545,3084909668,255,0.097288,0.035533,0.013206,5.6,21.6,1,306.0,7,3,1,2,3,2,0,0,0,2,2,0,DoS,1
1227,0.505114,udp,smtp,REQ,11,9,490.0,183.0,66.395,31,62,1229.071,471.495,0,2,24.945,17.945,6.099,0.116,255,2687054195,2979194664,0,0.071573,0.004573,0.039402,68.2,189.7,0,293.0,1,0,1,0,0,0,0,0,0,0,0,0,Normal,0
1228,0.146291,udp,http,ECO,14,6,1309.0,476.0,63.412,31,31,1044.525,2737.855,1,3,16.217,34.328,18.371,21.345,0,1351847051,2041847576,255,0.054668,0.071135,0.010689,85.9,7.5,0,193.0,0,1,1,3,2,2,0,0,1,3,2,0,Normal,0
1229,0.379492,udp,dns,INT,32,10,5416.0,162.0,22.481,128,31,2857.331,363.094,3,1,24.847,12.922,15.671,11.185,0,381163625,2597209546,0,0.190885,0.0223,0.0109,32.5,158.1,0,26.0,1,3,6,4,0,2,0,0,0,0,2,0,Reconnaissance,1
1230,0.354919,udp,dhcp,ECO,11,6,39.0,7.0,54.029,128,128,60.729,928.907,1,2,17.677,3.301,9.805,4.811,255,1488890837,2799348614,0,0.084306,0.063309,0.047356,69.0,49.9,0,427.0,3,2,1,3,1,1,1,0,1,3,3,0,Normal,0
1231,0.619267,icmp,-,REQ,9,10,75.0,639.0,140.738,254,31,1.596,182.971,1,1,3.979,14.06,0.2,2.048,255,3737745850,456711799,255,0.037359,0.012396,0.012874,175.6,126.9,0,100.0,5,5,1,2,1,2,0,0,0,1,0,0,Normal,0
1232,0.473186,tcp,pop3,RST,34,6,3344.0,1063.0,36.456,31,62,571.471,1833.985,0,1,2.925,4.656,5.338,7.891,255,874614861,4187465398,0,0.11074,0.019971,0.029444,61.8,44.8,0,14.0,5,0,1,1,3,3,0,1,0,2,3,0,Generic,1
1233,1.365706,udp,http,FIN,8,10,60.0,443.0,23.056,128,128,1016.582,61.01,0,2,0.972,18.917,12.06,5.067,0,1460168479,1901046067,255,0.033078,0.021314,0.00189,111.2,67.8,1,17.0,5,0,1,5,7,2,0,0,0,4,2,0,Normal,0
1234,0.817877,arp,http,CON,23,8,650.0,247.0,135.049,254,31,2798.999,510.623,1,0,17.168,46.015,0.789,0.796,255,1683362723,2874142665,255,0.061656,0.02147,0.022463,31.9,17.8,0,55.0,1,2,2,3,2,1,0,0,0,2,6,0,Generic,1
1235,0.221795,tcp,dhcp,ECO,10,3,323.0,465.0,108.386,62,62,628.299,712.965,0,1,4.558,28.207,1.042,16.901,0,447492139,3693887759,0,0.03724,0.028754,0.045844,27.9,307.2,2,28.0,3,3,5,0,1,5,0,0,0,2,8,0,Normal,0
1236,1.274497,tcp,ftp,ECO,9,10,1540.0,637.0,86.243,128,31,1263.426,855.473,0,2,6.965,3.215,5.382,1.04,0,3922047999,2139974004,0,0.012341,0.001275,0.004048,7.1,16.2,0,128.0,3,1,2,3,3,3,0,0,0,3,6,0,Normal,0
1237,0.161437,ospf,smtp,REQ,9,11,486.0,328.0,7.358,62,62,168.441,438.381,1,3,19.757,40.282,1.057,12.467,255,3321472187,3801666733,255,0.017306,0.003921,0.011664,7.8,17.4,0,15.0,4,2,1,5,0,1,0,0,1,0,3,1,Normal,0
1238,0.260147,tcp,dns,FIN,14,7,74.0,543.0,20.421,254,254,1160.907,1175.862,0,0,12.639,6.472,1.535,6.448,0,1709353262,3920730466,255,0.05062,0.003822,0.027025,48.1,85.9,1,238.0,5,2,1,2,3,2,0,0,0,2,2,0,Normal,0
1239,0.02489,tcp,smtp,FIN,13,4,243.0,483.0,1.133,128,254,962.972,565.239,1,3,14.69,2.438,10.765,5.021,255,2123434314,1290468272,255,0.033344,0.012679,0.007362,101.7,42.4,2,48.0,3,0,0,0,2,2,0,0,0,3,3,0,Normal,0
1240,0.665457,tcp,dns,INT,10,4,272.0,28.0,4.262,128,62,2293.473,822.789,0,0,7.459,6.785,3.999,0.521,0,4272089076,3466746531,255,0.026521,0.02061,0.033292,116.7,247.0,1,228.0,1,3,3,2,1,5,0,1,0,0,2,0,Normal,0
1241,0.436123,tcp,dns,ECO,34,13,1765.0,208.0,29.143,254,31,751.12,800.166,1,3,12.933,13.645,0.563,2.489,0,1933343867,1466055358,255,0.015485,0.002075,0.000333,11.8,56.7,0,46.0,4,0,1,2,2,3,0,0,0,1,1,0,DoS,1
1242,0.676501,tcp,pop3,INT,13,14,655.0,696.0,18.554,62,254,524.655,262.72,6,0,5.781,6.185,1.222,5.252,255,3238786179,1745146385,255,0.021518,0.037437,0.0162,20.7,20.5,1,30.0,4,1,1,3,2,0,0,0,0,2,3,0,Normal,0
1243,1.668033,tcp,smtp,ECO,9,10,785.0,218.0,173.508,128,62,1089.953,3547.349,1,0,6.823,2.243,17.265,6.582,0,309207529,849751342,255,0.00645,0.012636,0.006188,172.3,17.9,0,113.0,1,1,3,1,2,2,0,0,2,2,4,0,Normal,0
1244,0.249191,icmp,smtp,REQ,7,9,576.0,151.0,114.025,254,254,709.007,372.053,1,1,2.295,6.719,6.711,1.171,0,2592219682,3017975266,255,0.138992,0.018466,0.009968,46.4,13.1,1,78.0,2,1,2,2,6,2,0,0,0,1,5,0,Normal,0
1245,0.709314,tcp,pop3,FIN,10,11,348.0,66.0,12.826,62,128,836.813,664.554,1,1,35.551,7.738,0.27,1.704,0,4106267889,3817305641,0,0.002879,0.017316,0.041457,91.2,8.4,2,196.0,2,0,2,4,2,2,0,0,1,1,2,0,Normal,0
1246,0.539776,tcp,dns,REQ,8,10,89.0,128.0,45.075,254,128,1714.324,188.087,0,0,0.941,29.382,7.15,4.058,0,1040021799,2186704936,255,0.015051,0.069185,0.031299,35.9,140.9,1,152.0,1,4,2,4,1,2,0,0,0,4,2,0,Normal,0
1247,1.119897,icmp,pop3,INT,30,8,1051.0,566.0,0.406,254,128,2366.989,371.558,1,1,7.609,3.669,0.537,0.524,0,1537039454,2760347193,255,0.008689,0.005968,0.004141,80.2,25.6,3,424.0,5,1,3,3,1,2,0,0,0,3,5,1,Generic,1
1248,1.458295,udp,ssh,CON,13,7,624.0,163.0,20.245,254,62,679.216,1689.5,1,1,5.469,1.704,4.788,6.688,255,956844591,2639834988,255,0.019929,0.008256,0.007806,80.2,81.8,0,90.0,4,1,3,2,2,0,0,0,0,1,2,0,Normal,0
1249,1.076896,tcp,dhcp,RST,38,4,743.0,432.0,112.861,31,128,1452.049,292.741,1,0,24.536,23.411,0.579,8.85,0,831857256,1340166004,255,0.014069,0.006433,0.013392,0.3,52.6,1,190.0,4,2,3,2,1,1,0,0,1,3,2,1,DoS,1
1250,0.329782,tcp,dns,CON,33,6,3368.0,125.0,169.447,254,254,1924.365,244.81,0,1,4.619,18.469,4.802,1.017,0,1966287444,2719103533,0,0.038685,0.014948,0.000336,312.9,114.9,1,351.0,2,0,2,3,2,2,0,0,0,1,6,0,Reconnaissance,1
1251,0.110492,udp,smtp,ECO,7,4,46.0,342.0,0.717,31,62,720.531,471.325,0,0,10.149,3.724,6.593,15.925,0,3976544048,4210474071,0,0.123372,0.006244,0.004709,101.5,186.7,0,254.0,3,3,1,2,4,3,0,1,0,3,5,0,Normal,0
1252,0.058934,udp,http,RST,8,9,242.0,181.0,29.207,128,128,1946.6,1791.385,2,1,29.055,0.323,11.382,4.644,255,2309548810,2248105135,255,0.024427,0.032971,0.056402,86.5,127.9,2,118.0,5,2,0,2,1,2,0,0,1,3,0,1,Normal,0
1253,0.161587,tcp,-,RST,6,6,456.0,584.0,128.65,31,31,843.449,667.11,2,1,6.683,15.934,5.743,4.51,255,3859340782,810972323,0,0.004073,0.01872,0.002903,71.3,126.2,1,35.0,1,3,6,1,1,2,0,1,0,1,0,0,Normal,0
1254,0.258381,tcp,-,FIN,26,7,944.0,457.0,4.856,62,128,217.725,625.325,2,1,2.331,25.766,2.426,7.462,0,1103092436,1850145617,255,0.053449,0.014886,0.008434,60.0,344.6,0,282.0,7,1,4,0,1,2,1,0,0,1,1,1,Generic,1
1255,1.371803,udp,ssh,ECO,13,7,531.0,799.0,109.744,254,31,489.249,2391.301,0,2,1.481,5.615,0.312,1.587,0,4246929455,2580713638,0,0.05719,0.019046,0.012076,66.3,153.4,0,26.0,3,1,3,3,0,1,0,1,0,2,8,0,Normal,0
1256,0.228545,udp,ftp,INT,29,14,384.0,305.0,34.604,31,31,286.961,555.077,1,0,10.482,3.881,1.082,3.063,0,3028835766,1294981441,255,0.084437,0.000991,0.006966,55.4,66.9,0,186.0,1,1,3,2,2,2,0,0,1,1,3,0,DoS,1
1257,0.013229,tcp,ftp,RST,27,13,1284.0,510.0,131.046,31,62,840.39,2675.175,2,1,9.742,8.878,2.663,0.661,255,2616143626,2205721514,255,0.064247,0.016425,0.006319,45.7,11.9,0,129.0,3,3,0,1,3,0,1,0,0,2,3,0,Exploits,1
1258,0.213916,icmp,smtp,CON,32,7,2392.0,1110.0,114.068,254,62,905.876,405.691,2,0,38.17,18.799,1.017,1.959,255,2405511903,1279093170,255,0.147221,0.027812,0.034847,32.4,76.3,1,33.0,9,4,5,6,1,1,0,0,0,2,4,0,Fuzzers,1
1259,0.237714,udp,dns,RST,10,11,52.0,711.0,99.359,62,254,653.286,613.747,0,3,2.536,7.611,0.051,5.208,255,3006692364,3034617828,255,0.002387,0.005884,0.0078,136.6,94.4,0,125.0,3,2,4,2,2,3,0,0,0,3,2,0,Normal,0
1260,0.141352,udp,http,CON,32,4,651.0,10.0,248.782,254,128,703.726,1166.386,3,2,9.793,1.213,1.878,4.376,255,1578848131,3925887742,0,0.02405,0.005389,0.049078,214.3,112.1,0,131.0,3,1,4,2,1,1,0,0,1,2,4,0,Worms,1
1261,0.396917,udp,smtp,RST,9,10,862.0,1743.0,113.077,128,62,172.74,87.037,3,4,34.479,13.06,3.302,5.354,0,1787508380,1811846490,255,0.058969,0.010852,0.01391,184.4,106.8,0,515.0,4,1,3,1,2,5,0,0,0,2,5,0,Normal,0
1262,0.264942,udp,smtp,CON,9,8,771.0,72.0,45.319,62,254,546.714,119.084,1,1,4.108,9.19,2.496,12.457,0,983829054,1469726015,255,0.002017,0.008324,0.022139,82.2,19.0,0,462.0,3,3,5,4,4,0,0,0,0,4,3,0,Normal,0
1263,0.036894,tcp,http,ECO,12,8,525.0,700.0,23.303,31,31,825.346,1384.07,0,2,3.927,8.438,9.215,0.004,0,3802379095,310274579,0,0.030577,0.033565,0.069556,199.8,16.2,1,160.0,2,1,3,0,4,2,0,0,0,2,5,0,Normal,0
1264,0.326981,tcp,ftp,RST,27,12,826.0,365.0,247.378,128,31,818.92,499.462,1,0,4.823,5.791,12.734,4.423,255,2068610497,2305066958,0,0.13014,0.006089,0.04844,132.2,12.0,1,55.0,4,2,1,1,4,3,0,0,0,2,2,0,Analysis,1
1265,0.736159,udp,http,INT,28,13,1293.0,708.0,8.631,62,128,600.699,836.201,1,0,4.932,4.863,9.68,2.184,255,2322302627,2908955597,255,0.00931,0.018112,0.007764,196.4,121.9,1,614.0,2,4,4,2,2,0,0,0,1,4,2,1,Generic,1
1266,0.541138,udp,ssh,INT,30,9,3958.0,221.0,63.126,254,254,646.18,717.311,2,0,7.263,2.251,6.481,0.509,255,4050757762,47750503,255,0.039767,0.010741,0.010907,110.4,201.4,0,186.0,2,1,1,4,3,2,0,0,0,2,7,0,Fuzzers,1
1267,0.037899,tcp,http,FIN,12,13,336.0,301.0,12.635,62,128,708.451,845.115,1,1,26.826,5.312,4.253,0.629,0,1068436326,2777275931,0,0.002707,0.008465,0.000754,50.9,70.7,0,85.0,5,3,1,1,1,1,0,1,0,2,5,0,Normal,0
1268,1.285323,tcp,-,CON,27,6,1931.0,88.0,44.986,31,128,102.588,409.071,1,1,5.986,26.031,8.995,8.553,255,2511400832,3543265602,0,0.010344,0.002394,0.012058,45.3,366.1,0,148.0,6,7,2,2,3,0,0,0,0,1,1,0,Backdoor,1
1269,0.411277,udp,ftp,RST,8,8,471.0,225.0,133.345,62,254,69.429,673.851,0,1,1.271,2.846,2.99,0.209,0,2320336238,2743891342,0,0.027091,0.052313,0.01415,234.2,218.9,0,156.0,2,0,4,0,2,1,0,0,0,3,1,0,Normal,0
1270,0.331685,udp,dns,RST,18,7,518.0,6.0,55.113,62,128,908.577,355.865,0,1,4.582,7.45,4.4,3.374,255,1969091407,4191282803,255,0.005844,0.030471,0.006109,58.4,79.6,0,42.0,4,2,2,5,2,4,0,0,0,1,1,0,Normal,0
1271,0.128486,tcp,pop3,ECO,36,4,2947.0,245.0,15.981,128,31,70.616,1014.804,0,1,18.235,9.86,10.32,9.06,255,4187987758,654430073,0,0.064453,0.031629,0.005439,99.1,197.8,1,112.0,2,3,4,0,3,0,0,1,0,0,2,0,Backdoor,1
1272,0.89538,tcp,-,FIN,16,9,672.0,17.0,77.898,254,128,187.662,1234.026,0,1,8.284,59.588,12.64,1.861,255,3245321238,1333018422,0,0.008988,0.003347,0.006424,61.4,126.5,1,589.0,1,3,3,4,5,2,0,0,0,2,1,0,Normal,0
1273,0.613084,tcp,dhcp,CON,12,9,412.0,1282.0,95.331,31,254,646.962,930.657,1,0,3.363,1.766,0.591,2.026,255,1713814037,560127404,255,0.123859,0.049359,0.006399,13.3,41.5,0,17.0,2,3,2,2,2,2,0,0,1,2,2,0,Normal,0
1274,0.017113,arp,ftp,RST,20,11,3009.0,4.0,86.108,31,128,697.269,172.623,1,2,5.327,2.958,0.462,1.301,0,4092918299,3220295667,0,0.007192,0.019492,0.030469,137.7,136.8,0,586.0,4,1,1,0,2,4,0,0,0,0,2,0,Generic,1
1275,0.05324,icmp,ftp,INT,8,13,1393.0,24.0,123.235,62,31,400.212,810.73,2,1,36.662,2.373,26.244,13.043,0,511995300,2268809518,0,0.008661,0.002787,0.008057,20.7,36.4,1,56.0,3,1,1,2,3,1,0,0,3,0,6,0,Normal,0
1276,0.026087,tcp,-,CON,9,4,512.0,1082.0,67.649,62,128,1573.289,139.665,1,0,3.558,22.644,2.08,3.748,255,2113409566,3532984800,0,0.029653,0.024403,0.043324,20.9,63.1,0,135.0,4,2,2,3,3,1,0,0,0,1,4,0,Normal,0
1277,0.393484,tcp,ftp,CON,7,9,46.0,294.0,3.234,31,62,2097.114,2502.061,0,1,18.659,0.466,7.642,4.617,0,2671536841,1816817884,0,0.028886,0.04246,0.067468,226.4,284.7,1,281.0,2,1,1,2,2,6,0,0,0,3,3,0,Normal,0
1278,2.98404,udp,dns,ECO,7,3,226.0,516.0,91.657,128,62,2766.742,567.809,2,1,2.955,14.666,1.963,3.097,255,3531008239,3436426043,255,0.033041,0.03116,0.012268,526.4,20.3,1,46.0,2,2,3,5,0,4,0,0,1,1,0,0,Normal,0
1279,1.287508,tcp,ssh,ECO,32,13,2582.0,1337.0,65.695,254,31,287.481,594.356,0,1,13.84,13.087,7.945,0.158,255,4100642628,3276443416,255,0.007435,0.011337,0.026934,87.6,53.0,1,629.0,3,1,1,2,2,1,0,1,0,0,2,1,DoS,1
1280,0.440881,arp,pop3,FIN,24,6,3156.0,132.0,3.426,128,31,3807.162,593.348,1,0,8.633,3.969,3.863,1.291,0,515230455,3396838832,0,0.027954,0.009286,0.035628,27.8,75.8,1,79.0,4,2,1,0,2,0,0,0,0,3,0,0,Generic,1
1281,1.891158,tcp,smtp,ECO,11,15,575.0,1157.0,1.765,254,128,2028.401,1572.207,1,2,2.517,15.932,6.491,2.155,0,1948241385,1699373008,0,0.051907,0.010256,0.053172,121.1,136.8,0,54.0,2,0,2,2,0,2,0,0,0,0,5,0,Normal,0
1282,0.288549,tcp,-,REQ,16,10,0.0,135.0,34.918,31,128,1919.681,216.158,1,1,9.002,8.302,3.238,1.624,0,2140467492,1655215539,0,0.086553,0.006237,0.003094,170.4,94.7,5,57.0,4,1,3,0,3,2,0,0,0,2,2,0,Normal,0
1283,0.168119,tcp,dns,ECO,13,6,194.0,960.0,77.169,62,62,42.489,2020.528,1,1,27.589,50.532,0.499,12.827,255,2889141704,1664313240,255,0.04315,0.016403,0.002762,75.5,185.6,0,158.0,8,0,2,0,3,2,0,0,1,2,3,0,Normal,0
1284,0.343143,tcp,ssh,REQ,30,7,2871.0,456.0,16.839,62,254,951.699,96.396,1,0,7.016,14.035,3.592,0.579,0,3906713754,944571094,0,0.044349,0.031512,0.001829,69.3,111.5,2,187.0,4,2,2,2,2,2,0,0,0,2,3,0,Generic,1
1285,0.139039,udp,ssh,RST,38,15,1671.0,1898.0,14.432,128,128,216.524,137.551,1,1,3.987,10.263,3.996,1.2,255,3510929778,3778856183,255,0.034985,0.016613,0.011718,27.2,66.8,0,161.0,4,5,1,0,3,3,0,0,1,1,4,0,Reconnaissance,1
1286,0.177181,udp,smtp,REQ,34,11,455.0,714.0,3.864,31,254,557.899,1119.295,0,1,25.919,12.412,10.816,2.973,0,3660343617,2303434998,255,0.059876,0.022778,0.036771,326.0,46.4,1,90.0,0,4,1,1,1,3,0,0,0,3,1,0,Reconnaissance,1
1287,0.374699,tcp,smtp,RST,12,5,455.0,32.0,4.483,254,128,1257.938,512.685,1,0,1.091,0.416,0.783,0.691,0,2658022435,4291687975,0,0.082254,0.003381,0.010458,1.0,40.2,2,88.0,2,3,1,1,2,3,0,0,1,5,2,0,Normal,0
1288,0.499621,tcp,smtp,RST,11,9,422.0,630.0,1.338,128,31,2776.272,517.478,1,0,13.641,2.503,0.564,7.604,0,3762017398,3718047423,0,0.029431,0.07953,0.052773,187.6,0.7,2,123.0,2,0,1,2,3,2,1,1,0,1,5,1,Normal,0
1289,0.888681,udp,dhcp,REQ,7,8,213.0,427.0,114.653,62,128,882.399,1044.153,1,0,2.715,8.148,4.085,1.612,0,1604981450,3948895978,0,0.070806,0.016524,0.032865,253.4,273.9,1,37.0,3,0,3,0,0,1,0,0,0,3,4,1,Normal,0
1290,0.284225,udp,smtp,FIN,27,9,1554.0,204.0,69.599,31,31,171.917,1308.536,0,1,13.581,15.902,1.181,3.602,0,49143375,2213194309,255,0.007216,0.012181,0.005498,0.6,12.1,0,133.0,3,1,2,3,5,1,0,0,0,1,6,0,Generic,1
1291,0.657868,tcp,smtp,FIN,5,9,185.0,166.0,121.059,254,62,51.939,888.408,0,0,2.033,20.495,1.822,5.897,255,2836472771,1560353757,255,0.0535,0.007308,0.001774,121.3,48.0,1,110.0,1,2,1,2,3,5,0,0,1,2,2,0,Normal,0
1292,0.018976,tcp,ftp,INT,39,11,2786.0,0.0,11.284,254,62,1189.599,287.293,0,2,5.1,18.708,10.684,2.607,255,1429493854,4023211269,255,0.037529,0.044537,0.032306,30.8,119.0,1,174.0,3,2,0,2,2,0,0,0,0,1,0,0,Generic,1
1293,0.126197,tcp,dns,INT,37,10,2947.0,294.0,13.107,31,128,406.053,192.992,1,0,18.135,2.109,4.331,0.694,0,1042811252,1913430102,0,0.005641,0.01465,0.045762,3.1,40.4,0,148.0,4,1,2,0,6,3,0,0,1,4,3,0,Generic,1
1294,0.094508,tcp,ssh,ECO,14,4,556.0,579.0,12.103,254,254,612.762,291.364,2,2,23.722,2.589,1.669,0.342,255,85571413,536035075,255,0.035411,0.027486,0.017662,52.0,8.3,1,229.0,4,1,1,1,2,2,0,0,0,3,1,0,Normal,0
1295,0.458867,udp,pop3,FIN,12,4,106.0,131.0,82.744,128,254,461.86,226.175,3,2,36.117,1.271,9.416,6.576,255,466826342,1861275923,0,0.139023,0.002628,0.022222,66.9,106.2,1,134.0,2,2,2,0,1,3,0,0,0,1,3,0,Normal,0
1296,0.066199,tcp,pop3,ECO,4,12,126.0,725.0,36.164,254,128,49.434,1165.58,1,0,1.625,5.015,2.877,1.084,255,3622215206,1268856869,0,0.059725,0.001059,0.061727,22.9,18.2,0,138.0,5,0,1,3,1,3,0,1,0,3,4,0,Normal,0
1297,2.222374,tcp,ssh,FIN,7,12,431.0,347.0,7.688,31,31,996.67,1174.264,5,0,3.464,9.07,5.216,1.126,255,3377677016,1722094122,255,0.014272,0.067276,0.010068,27.2,78.6,1,333.0,5,1,2,4,1,1,0,0,0,2,3,0,Normal,0
1298,0.403634,udp,pop3,INT,7,9,116.0,480.0,30.426,31,62,276.917,811.02,2,0,4.365,14.427,1.508,0.063,0,2099243081,3729837665,0,0.053752,0.042399,0.036736,79.7,15.5,1,851.0,2,0,2,2,3,5,0,0,0,2,5,0,Normal,0
1299,0.964543,tcp,-,INT,26,6,2434.0,528.0,23.399,128,31,242.368,1869.764,3,1,10.907,5.815,1.872,0.962,0,1853090634,3693225958,0,0.016443,0.005915,0.0518,86.9,75.3,0,115.0,4,1,2,4,1,2,0,0,0,3,2,0,Exploits,1
1300,0.04088,tcp,ftp,REQ,6,12,274.0,1107.0,28.583,254,128,1306.07,427.551,0,0,2.356,3.931,1.315,1.435,0,142609505,4170488727,255,0.011745,0.032302,0.003177,9.1,127.0,1,271.0,4,3,2,1,1,1,0,0,1,1,1,0,Normal,0
1301,0.487411,tcp,http,FIN,8,11,74.0,13.0,25.237,128,31,1636.062,1004.878,1,0,17.058,19.061,12.707,4.001,255,4157344446,1336938925,0,0.047002,0.053116,0.000584,71.8,1.3,0,97.0,2,6,1,1,2,1,0,0,0,2,2,0,Normal,0
1302,0.739467,icmp,ssh,RST,28,10,2035.0,175.0,13.69,62,31,642.906,362.374,1,2,13.667,8.237,3.083,1.873,255,611650646,2699364099,0,0.150272,0.012818,0.042118,58.6,36.5,1,28.0,7,4,1,4,2,0,0,1,0,2,1,0,Generic,1
1303,0.451856,udp,pop3,FIN,32,7,3216.0,1787.0,21.124,128,128,606.231,343.729,1,0,7.837,4.342,22.722,2.52,0,3528613358,2426307864,0,0.084413,0.011234,0.006586,106.8,257.6,0,113.0,0,1,3,0,1,2,0,2,0,2,3,0,Exploits,1
1304,0.378932,tcp,http,RST,10,6,67.0,136.0,132.692,31,128,215.232,356.87,2,1,1.972,3.581,2.691,2.383,0,3937242244,2351217770,0,0.058598,0.040844,0.007169,67.9,18.7,0,497.0,2,2,2,1,1,4,0,0,0,3,3,0,Normal,0
1305,0.647042,udp,http,REQ,35,3,3160.0,745.0,47.364,62,62,2378.794,157.97,3,0,2.607,7.257,7.336,3.033,255,4160059833,2521442414,255,0.065537,0.021731,0.000389,46.1,177.8,0,802.0,3,3,2,5,3,3,0,0,0,3,2,0,Fuzzers,1
1306,1.540548,tcp,dns,ECO,21,9,824.0,195.0,103.903,31,254,377.491,406.722,1,1,11.861,29.924,1.514,2.509,0,1677736381,2128827023,0,0.031075,0.027873,0.017568,79.2,69.7,1,169.0,2,1,3,1,4,6,0,0,0,2,2,0,Reconnaissance,1
1307,0.468204,tcp,dhcp,ECO,22,11,2415.0,8.0,10.163,128,254,80.148,646.37,1,3,40.25,23.09,8.344,16.887,0,3132538453,3357098087,0,0.00137,0.00089,0.008887,14.5,28.4,2,1.0,3,1,6,4,1,3,0,0,0,4,0,0,Generic,1
1308,0.949951,tcp,-,ECO,23,8,1893.0,795.0,5.743,128,31,722.448,27.119,0,0,2.426,3.329,0.611,14.832,255,1029762943,400123559,0,0.084824,0.001888,0.001781,119.8,26.2,0,139.0,5,2,2,2,2,1,0,0,1,0,0,0,Generic,1
1309,0.223605,tcp,dhcp,INT,8,5,214.0,33.0,2.603,62,128,4.39,3211.597,2,1,15.002,5.91,4.737,18.943,255,1502923020,3531964636,0,0.004654,0.02039,0.001827,79.9,180.2,0,557.0,3,3,3,3,2,3,0,0,0,4,2,0,Normal,0
1310,0.281788,tcp,http,INT,28,6,4708.0,348.0,110.185,62,128,2166.645,165.657,2,0,4.418,4.007,3.345,0.94,255,947659421,3191500257,0,0.024356,0.106704,0.020774,54.3,82.5,2,19.0,3,1,1,1,1,3,0,0,0,5,0,1,Analysis,1
1311,0.472374,icmp,ftp,REQ,7,9,922.0,434.0,90.172,31,62,1260.968,681.43,0,1,10.793,11.503,8.323,4.192,0,3203852253,3070373810,0,0.025247,0.056008,0.010003,63.8,27.0,0,194.0,4,6,1,1,3,2,0,0,0,1,1,0,Normal,0
1312,0.090443,tcp,ssh,REQ,31,6,2411.0,243.0,39.655,128,254,5.34,61.828,1,0,9.509,1.677,7.978,6.284,255,1794044520,334775036,255,0.019623,0.000799,0.001993,33.9,193.1,1,334.0,3,2,2,5,2,1,0,0,1,2,5,0,Reconnaissance,1
1313,0.088967,udp,ssh,RST,27,5,4910.0,69.0,127.306,31,128,81.027,1266.589,0,2,6.855,1.737,2.722,1.551,0,3570181495,894387422,0,0.010858,0.019841,0.01282,102.5,49.1,2,16.0,3,1,2,1,2,6,0,1,0,4,1,0,Generic,1
1314,3.464418,udp,pop3,INT,8,9,226.0,489.0,0.662,254,31,1843.029,455.604,2,3,3.647,2.104,2.751,14.785,255,1666995527,1266263219,0,0.069039,0.009749,0.023819,17.5,5.4,0,207.0,4,2,1,2,3,4,0,0,1,1,6,0,Normal,0
1315,1.152091,tcp,-,INT,10,2,88.0,856.0,103.484,254,62,2912.597,133.435,1,1,0.337,2.512,1.514,2.655,0,3038337904,424374863,255,0.066933,0.000651,0.048599,200.5,45.9,0,189.0,3,1,4,3,4,2,0,0,1,1,4,0,Normal,0
1316,1.426503,tcp,-,FIN,35,10,1566.0,149.0,104.841,31,62,2521.369,2747.522,2,0,56.667,20.654,3.215,0.139,255,310808255,164753592,255,0.174241,0.028985,0.002317,67.4,399.8,1,58.0,3,3,3,0,2,2,0,0,0,2,1,0,Generic,1
1317,0.993575,tcp,dns,CON,22,9,568.0,637.0,145.755,128,254,973.331,1842.242,1,2,28.314,3.2,3.38,8.394,255,3871100294,194762516,0,0.005969,0.008071,0.0099,92.9,87.6,0,214.0,1,2,5,4,0,3,0,1,0,1,4,0,Generic,1
1318,0.815924,tcp,smtp,RST,7,8,132.0,251.0,103.864,62,254,179.117,653.397,1,0,1.72,12.237,0.328,8.068,255,1326617276,4159550914,0,0.021413,0.004194,0.00756,177.7,9.5,1,80.0,2,0,3,1,0,3,0,0,0,1,5,0,Normal,0
1319,1.219857,tcp,ftp,ECO,29,12,420.0,885.0,53.02,62,62,2628.788,1251.3,0,0,2.088,5.657,2.138,1.357,0,148837549,1046607807,255,0.114454,0.018485,0.023115,292.5,8.2,0,102.0,1,1,5,4,2,2,0,0,0,2,2,0,Exploits,1
1320,0.518799,arp,ssh,REQ,37,6,3645.0,1395.0,49.51,128,128,295.409,835.566,0,1,6.312,2.217,2.085,0.396,255,3273920271,2246983263,255,0.073548,0.021314,0.003605,10.8,74.2,0,104.0,3,1,1,4,2,2,1,0,0,0,2,0,DoS,1
1321,0.201838,icmp,ftp,INT,9,8,373.0,211.0,22.49,62,31,1370.372,172.988,1,1,1.139,5.833,2.968,8.076,0,1561817907,1002807986,255,0.028686,0.004704,0.022838,341.0,145.7,0,156.0,1,1,2,5,2,0,0,1,0,2,3,0,Normal,0
1322,1.045128,tcp,dhcp,FIN,10,12,1701.0,126.0,0.011,31,62,96.087,1350.578,0,0,11.548,19.005,4.937,1.434,255,3707664285,3102780622,0,0.000348,0.018595,0.007237,284.8,119.5,2,168.0,3,4,5,3,2,1,0,1,1,1,3,0,Normal,0
1323,0.545222,tcp,http,FIN,12,8,1390.0,402.0,151.589,254,31,1050.353,2223.993,0,4,2.246,13.007,6.425,5.203,0,3410371070,1854751588,0,0.022414,0.009768,0.009292,177.1,4.5,1,253.0,3,1,0,1,1,5,0,0,0,1,3,0,Normal,0
1324,0.130437,tcp,ssh,RST,28,9,1944.0,349.0,17.119,31,62,726.417,2744.507,0,3,12.526,10.935,0.973,0.299,0,1982866563,1641239768,0,0.214709,0.008598,0.026559,300.8,92.2,2,141.0,4,1,2,3,0,2,0,1,0,3,2,0,Exploits,1
1325,1.72298,arp,smtp,REQ,9,9,433.0,256.0,12.254,62,254,262.335,1209.541,0,1,4.307,0.097,3.181,0.907,255,3297998764,1776617284,0,0.035242,0.004549,0.006054,105.6,498.5,0,452.0,1,3,0,1,2,1,0,0,0,3,1,0,Normal,0
1326,0.700789,tcp,-,CON,30,4,2693.0,355.0,16.482,128,128,570.604,114.769,1,1,4.997,4.018,4.114,6.26,255,711731483,2091306338,0,0.055317,0.046551,0.003956,26.9,38.3,0,31.0,1,0,2,4,2,4,0,1,0,1,1,0,DoS,1
1327,0.16484,tcp,smtp,CON,7,4,158.0,124.0,56.215,31,62,256.775,803.995,1,0,1.968,10.588,1.333,2.987,255,1423024952,2548357768,255,0.042932,0.046542,0.008899,60.9,7.0,0,89.0,4,2,1,3,1,3,0,0,1,3,2,0,Normal,0
1328,0.370124,udp,http,FIN,40,7,2316.0,1117.0,15.603,254,254,413.305,91.543,0,1,15.594,1.15,2.589,32.11,255,1950895363,4148127512,0,0.115665,0.077715,0.016683,394.0,107.9,0,12.0,3,2,2,2,1,1,0,0,1,1,5,0,Generic,1
1329,0.514189,tcp,smtp,RST,12,12,1335.0,28.0,98.05,31,254,1414.625,2093.817,0,0,9.944,6.181,1.25,17.735,0,3725096043,3895537259,255,0.03291,0.047407,0.025771,122.3,78.4,2,474.0,2,1,2,1,2,4,0,0,1,6,2,0,Normal,0
1330,0.311952,tcp,ssh,REQ,6,11,257.0,113.0,42.604,128,31,756.569,189.02,2,2,2.821,18.511,1.097,0.086,0,1077479388,3534567031,255,0.006496,0.006057,0.005369,24.0,142.3,2,13.0,3,4,2,3,2,1,0,1,0,1,4,0,Normal,0
1331,0.893422,udp,-,CON,29,7,1405.0,704.0,2.582,62,254,3643.422,431.664,0,1,4.723,5.408,0.555,0.511,0,2252867697,693190711,0,0.030374,0.020666,0.012203,69.6,89.9,1,592.0,3,4,1,2,3,4,0,0,0,2,0,1,Exploits,1
1332,0.460287,tcp,http,RST,12,9,86.0,686.0,58.73,128,254,1233.798,346.286,0,3,35.993,0.974,0.839,7.319,255,1258798972,667252924,0,0.002433,0.019703,0.012612,53.5,55.4,2,92.0,3,1,2,2,2,2,0,0,0,0,5,0,Normal,0
1333,0.246109,tcp,ftp,ECO,11,5,49.0,360.0,16.444,128,254,667.572,944.147,2,1,22.908,5.717,3.928,3.523,0,395078868,2066486762,0,0.027025,0.013912,0.00483,18.4,235.9,1,278.0,7,1,1,3,3,1,0,1,1,4,5,0,Normal,0
1334,0.552663,tcp,dhcp,REQ,29,10,832.0,701.0,31.71,128,128,499.309,4.975,2,2,5.554,0.07,11.613,0.183,0,8095258,778347469,0,0.027403,0.053861,0.014794,189.8,115.2,0,14.0,0,1,3,3,5,3,0,0,1,3,2,0,Analysis,1
1335,1.099987,tcp,http,CON,25,6,4495.0,1327.0,12.728,31,62,794.682,291.107,1,0,6.079,8.857,2.823,3.291,255,3412110127,3273668554,0,0.090962,0.051153,0.023166,3.1,391.9,1,243.0,3,2,5,0,2,0,0,0,2,0,4,0,Analysis,1
1336,0.042224,arp,dhcp,FIN,32,11,152.0,103.0,65.979,62,128,386.314,404.881,0,3,17.923,5.76,0.583,2.695,0,4184589753,3219956595,255,0.13978,0.014255,0.036841,82.9,67.7,1,16.0,4,3,2,0,3,1,0,0,2,1,1,0,DoS,1
1337,0.110016,tcp,smtp,RST,10,3,203.0,484.0,13.716,62,62,627.679,999.354,1,2,8.28,1.764,1.236,3.61,255,2260401157,2994870554,255,0.033165,0.010548,0.001337,23.7,106.6,0,1140.0,4,4,2,0,3,1,0,1,0,4,1,0,Normal,0
1338,0.627471,udp,dhcp,REQ,29,5,3310.0,166.0,70.423,31,31,766.883,19.364,1,1,1.211,38.529,3.707,5.054,0,257144264,114628384,255,0.054109,0.007854,0.01078,23.3,110.2,0,126.0,1,2,2,5,5,5,1,0,0,2,3,0,Generic,1
1339,0.83053,tcp,pop3,INT,31,5,999.0,331.0,40.721,31,62,20.716,114.926,3,1,7.706,25.81,0.767,2.706,0,4129148434,1093303512,0,0.003572,0.015364,0.056575,4.9,103.5,0,29.0,3,0,1,1,4,2,0,0,0,0,0,0,DoS,1
1340,0.23973,udp,ftp,FIN,13,7,1025.0,76.0,21.539,254,31,1164.663,311.051,2,1,6.656,25.166,5.533,2.437,0,526768018,1607314697,255,0.007454,0.005828,0.011316,42.8,9.5,0,74.0,6,2,1,1,5,3,0,0,0,3,7,0,Normal,0
1341,0.131171,arp,smtp,RST,12,11,143.0,236.0,27.833,128,62,762.514,631.518,0,4,13.347,4.285,2.893,1.303,0,48018548,2323204000,0,0.02871,0.002519,0.006702,157.5,7.4,0,199.0,0,1,2,3,1,4,0,0,0,0,3,0,Normal,0
1342,2.415976,tcp,ssh,ECO,24,4,210.0,589.0,7.552,31,128,1183.951,732.493,1,1,13.202,1.941,0.267,0.395,255,2052720902,3311821592,0,0.016909,0.009657,0.005679,216.5,159.4,0,78.0,3,3,1,2,2,1,0,0,0,4,1,0,Fuzzers,1
1343,0.215283,ospf,-,INT,11,9,191.0,1557.0,56.96,62,128,1693.894,207.117,2,1,21.509,12.978,1.611,10.876,255,3077070828,2716178174,255,0.025556,0.000957,0.010036,142.0,7.2,2,60.0,0,3,1,2,1,1,0,0,0,2,6,0,Normal,0
1344,0.083845,udp,ssh,CON,32,2,837.0,111.0,15.208,62,31,629.412,1842.388,0,2,8.541,4.666,2.68,3.168,0,1758684128,302377781,0,0.027043,0.004816,0.038366,1.6,38.9,0,220.0,2,2,3,4,2,4,0,0,0,2,2,1,Generic,1
1345,0.540415,udp,dns,REQ,34,8,649.0,179.0,2.328,62,254,709.891,879.349,2,2,0.695,10.777,6.948,4.523,255,140241216,4132816391,0,0.012095,0.042233,0.024564,186.7,15.6,2,92.0,3,2,2,3,0,3,0,1,0,3,2,0,Backdoor,1
1346,0.493877,tcp,-,ECO,31,6,2367.0,342.0,59.842,254,62,32.246,1777.519,0,1,7.407,9.893,8.635,0.546,0,130920660,1539844642,0,0.066908,0.00425,0.046122,147.3,39.4,0,157.0,2,3,2,2,3,4,0,2,0,1,2,0,Generic,1
1347,0.074403,udp,pop3,REQ,11,8,554.0,5.0,37.106,254,254,68.143,69.057,1,1,3.67,7.055,11.052,6.5,0,3373189288,1028394098,0,0.134852,0.000291,0.001177,53.4,23.9,1,130.0,2,1,3,3,6,3,0,0,0,1,1,0,Normal,0
1348,0.484246,tcp,ftp,FIN,6,4,403.0,435.0,1.127,128,254,19.394,57.186,1,0,1.908,4.035,2.502,5.586,0,3214606425,4023672939,0,0.065573,0.006879,0.018137,91.6,32.0,1,300.0,5,4,0,5,4,1,0,0,0,1,1,0,Normal,0
1349,0.023772,arp,pop3,CON,18,5,321.0,219.0,156.751,31,254,1324.456,87.611,1,2,27.958,17.341,0.92,12.437,0,3776360469,677183332,0,0.108165,0.042901,0.032139,93.9,78.4,1,286.0,3,3,0,2,2,0,0,0,0,2,4,0,Normal,0
1350,0.495688,icmp,http,FIN,10,5,436.0,143.0,73.468,128,128,862.364,225.223,0,0,0.192,15.084,2.592,0.797,0,4252132392,514180432,0,0.015101,0.049242,0.021217,74.4,205.6,0,141.0,1,4,0,1,2,0,0,0,0,2,3,0,Normal,0
1351,0.166785,tcp,smtp,INT,29,12,2669.0,194.0,44.163,31,31,1884.691,1181.601,2,0,3.229,5.511,7.422,2.782,255,3723417824,1466946264,0,0.014814,0.013467,0.077378,27.6,64.8,0,4.0,3,1,5,1,2,3,0,0,1,1,3,1,Fuzzers,1
1352,0.219508,icmp,ftp,INT,30,4,942.0,973.0,1.154,128,31,383.75,506.878,2,1,1.783,12.336,5.414,6.087,255,302668351,1000996464,255,0.032784,0.032862,0.02171,32.4,28.6,1,330.0,6,2,1,3,3,1,0,0,0,4,5,0,Fuzzers,1
1353,0.193905,icmp,dhcp,REQ,12,5,29.0,109.0,33.017,128,62,725.211,2285.213,2,1,2.605,0.991,7.056,0.971,0,1471023753,372431238,0,0.03296,0.019013,0.037764,176.6,40.9,1,31.0,4,4,1,2,2,0,0,0,1,2,4,0,Normal,0
1354,0.379721,tcp,dhcp,RST,11,8,5.0,43.0,10.69,254,62,217.979,1042.544,1,2,13.773,15.819,0.737,8.508,255,3825506933,550940448,255,0.053598,0.007141,0.003192,162.5,26.9,0,56.0,5,5,2,0,2,4,0,1,0,6,5,0,Normal,0
1355,0.742602,tcp,pop3,FIN,35,7,2259.0,353.0,26.19,31,31,2155.026,780.807,1,1,25.923,14.575,6.948,5.588,0,2927471892,1792101396,255,0.12904,0.041208,0.001761,3.9,34.3,1,552.0,3,3,0,3,1,2,0,0,0,3,3,0,DoS,1
1356,0.437628,tcp,pop3,ECO,8,9,137.0,105.0,6.057,254,62,363.894,22.751,1,0,14.841,0.862,2.948,9.558,255,2650861479,595318828,0,0.040596,0.004292,0.054946,35.8,407.2,0,161.0,2,1,2,1,1,2,0,2,0,2,3,0,Normal,0
1357,0.146986,tcp,pop3,CON,9,12,23.0,378.0,1.734,254,254,362.093,823.631,0,2,0.255,6.516,4.787,8.362,255,986554582,31229081,255,0.052511,0.007316,0.018797,12.0,27.8,0,25.0,3,2,5,1,2,1,0,0,0,3,5,0,Normal,0
1358,0.080479,tcp,ftp,REQ,6,9,570.0,680.0,22.684,31,31,424.632,572.097,0,3,11.878,18.176,1.685,7.289,255,2311302330,795718991,0,0.035024,0.001192,0.013592,9.7,43.5,0,335.0,3,1,1,2,2,3,0,0,0,2,4,0,Normal,0
1359,0.780194,arp,dhcp,CON,38,9,566.0,227.0,1.468,62,31,46.628,861.047,3,0,19.976,15.044,4.64,3.617,0,2174069152,3170071505,255,0.079193,0.017679,0.015236,242.0,114.5,2,47.0,6,1,0,0,2,3,0,1,2,4,3,0,Exploits,1
1360,0.268578,tcp,smtp,INT,11,5,248.0,291.0,25.219,62,31,1448.573,442.027,0,1,18.703,21.228,0.023,3.343,0,3889353381,4021952433,0,0.070077,0.024504,0.041467,111.1,17.1,1,369.0,1,1,4,2,4,1,0,0,0,2,6,0,Normal,0
1361,0.459369,udp,ftp,RST,27,14,478.0,395.0,16.974,62,254,1782.516,145.166,3,1,2.737,23.522,0.508,3.16,0,905038295,1116955888,255,0.023768,0.016839,0.01732,31.2,15.4,1,34.0,4,1,0,4,1,4,0,0,0,1,2,1,Generic,1
1362,0.240786,udp,http,FIN,9,9,408.0,72.0,227.032,31,128,2573.391,128.189,0,1,3.356,28.119,1.211,5.233,0,2454895948,3003264494,0,0.01533,0.013722,0.019165,443.1,35.8,1,82.0,7,3,0,1,5,2,0,0,1,2,8,0,Normal,0
1363,0.138305,udp,ssh,INT,33,10,4150.0,346.0,41.905,128,128,112.951,1300.104,0,1,1.664,0.512,13.197,14.995,255,1225965399,101560193,255,0.198082,0.013362,0.029436,93.8,183.4,0,279.0,5,2,4,0,2,2,0,0,0,3,5,0,Generic,1
1364,0.092244,tcp,ftp,REQ,12,2,477.0,1217.0,21.008,31,254,927.886,812.547,1,0,4.273,28.362,3.71,3.028,0,3049714726,3614721426,255,0.013868,0.020558,0.026799,151.3,49.4,1,31.0,6,5,0,1,1,2,1,0,0,0,1,1,Normal,0
1365,0.125199,tcp,ssh,REQ,13,12,41.0,237.0,22.789,62,31,1854.813,92.162,0,1,6.183,27.14,1.594,22.241,0,3359285419,1928498864,255,0.034093,0.001607,0.03958,9.8,42.9,0,342.0,2,2,0,2,0,2,0,0,2,7,3,0,Normal,0
1366,0.030709,udp,-,INT,9,5,759.0,701.0,8.749,31,31,972.108,891.154,0,3,2.698,11.188,2.069,2.969,0,2792093549,81286678,0,0.030839,0.01124,0.015999,6.9,28.3,0,106.0,1,5,3,1,0,2,0,0,0,3,1,0,Normal,0
1367,1.107047,tcp,ssh,INT,9,6,479.0,237.0,15.653,254,31,2511.887,521.873,1,2,5.599,8.46,10.406,1.076,255,132572619,1165233190,0,0.055016,0.029154,0.027607,176.0,87.8,1,591.0,1,3,2,1,2,2,0,0,1,2,2,1,Normal,0
1368,0.086811,tcp,ssh,ECO,13,4,194.0,31.0,6.46,62,62,241.853,804.877,0,1,19.584,14.144,0.081,7.269,0,2710618716,635155846,255,0.137292,0.000236,0.009217,52.5,79.8,0,62.0,3,1,4,1,0,0,0,0,0,1,4,1,Normal,0
1369,0.367769,udp,smtp,CON,6,9,997.0,41.0,58.401,62,62,133.913,104.511,3,2,4.966,29.565,7.122,1.342,255,206699314,917771426,0,0.036897,0.019443,0.021242,343.2,13.6,1,65.0,2,1,0,3,2,0,0,0,0,0,5,0,Normal,0
1370,0.205377,tcp,ssh,INT,10,5,109.0,427.0,23.236,254,62,913.236,174.844,0,0,25.887,32.786,2.559,13.182,255,3412325729,3659476399,0,0.004005,0.00207,0.00826,4.8,18.0,0,361.0,1,3,1,2,1,2,0,0,0,3,1,0,Normal,0
1371,0.76018,tcp,dhcp,INT,8,6,1971.0,669.0,29.52,31,128,883.663,2273.321,1,1,8.864,28.795,0.685,0.192,255,939746577,3668350946,255,0.110087,0.011658,0.026292,5.6,95.5,0,70.0,4,3,4,1,3,0,0,0,0,0,6,0,Normal,0
1372,0.641343,tcp,pop3,RST,19,6,2059.0,168.0,54.661,62,128,541.723,673.913,2,1,3.934,5.956,1.084,0.904,255,3550990022,881508871,0,0.01224,0.008241,0.001141,44.4,55.9,1,202.0,3,4,2,2,2,1,1,0,0,1,2,0,Analysis,1
1373,0.001956,tcp,dns,RST,8,7,45.0,148.0,21.475,31,62,1293.553,734.616,1,2,13.513,3.595,4.765,5.396,0,2327238472,4261265283,0,0.048833,0.049793,0.015344,29.8,103.3,0,213.0,1,2,1,2,0,1,0,0,0,0,1,0,Normal,0
1374,0.151307,udp,pop3,ECO,25,7,2895.0,117.0,62.268,128,62,1312.965,3667.377,0,1,6.861,31.433,6.149,17.13,0,574630040,361561205,255,0.027656,0.031765,0.003709,18.8,17.3,0,40.0,7,2,1,2,1,2,0,1,1,3,4,0,Fuzzers,1
1375,0.657726,tcp,dhcp,FIN,28,6,4938.0,53.0,71.89,254,31,57.682,106.108,0,1,6.282,25.333,14.947,5.077,0,2404853356,88343048,255,0.023771,0.002005,0.028584,154.6,124.5,0,689.0,4,4,2,1,2,2,0,0,1,0,4,0,Backdoor,1
1376,0.343094,icmp,http,FIN,12,8,944.0,558.0,82.378,62,62,1349.235,1744.96,3,0,1.717,3.48,0.542,0.375,0,1543621501,1403142335,0,0.043222,0.004932,0.062277,54.0,63.2,0,310.0,7,0,0,2,2,2,0,0,0,1,3,0,Normal,0
1377,1.800418,icmp,ftp,INT,26,8,1753.0,216.0,35.364,62,31,2465.332,425.328,0,0,41.597,13.579,4.523,12.256,0,3478262733,1660258270,255,0.084785,0.00812,0.003762,37.8,45.8,1,42.0,3,1,2,3,1,2,0,0,0,2,4,0,Generic,1
1378,1.586951,tcp,ssh,INT,33,10,1742.0,131.0,75.773,62,62,75.378,673.86,1,1,0.183,11.317,6.458,5.672,0,2603972400,1528944144,255,0.014399,0.003853,0.027608,147.9,192.5,0,89.0,3,3,1,1,0,2,0,0,0,3,2,0,DoS,1
1379,0.556657,tcp,smtp,FIN,37,6,2122.0,117.0,0.456,128,31,2426.838,1129.495,1,0,7.893,0.7,0.82,3.771,255,2004497031,2832204772,0,0.037139,0.022854,0.001857,108.0,104.3,0,837.0,3,2,3,1,0,4,0,0,0,2,1,0,Generic,1
1380,0.079203,tcp,http,ECO,12,8,124.0,327.0,23.034,254,31,714.721,654.223,2,0,1.736,1.425,9.286,6.458,0,2230009649,2580651001,0,0.030536,0.024524,0.001039,69.1,61.1,0,136.0,3,2,2,3,2,1,0,0,0,2,5,0,Normal,0
1381,0.464282,icmp,dns,ECO,11,9,1005.0,531.0,125.288,31,62,373.366,511.605,2,2,47.837,5.108,2.165,7.014,255,1807953474,2100685248,255,0.085104,0.004581,0.009494,229.7,104.8,1,251.0,1,1,1,1,4,4,0,1,0,4,0,0,Normal,0
1382,0.553701,udp,ftp,INT,10,4,723.0,309.0,21.913,62,62,96.121,539.63,0,1,0.421,3.067,1.932,5.811,0,2146589311,1855996734,255,0.012876,0.01768,0.01695,1.5,154.2,0,455.0,1,1,1,3,0,4,0,0,1,2,0,0,Normal,0
1383,0.797195,tcp,ssh,RST,11,7,59.0,361.0,21.481,254,128,2160.942,595.071,1,1,1.207,4.733,10.249,1.207,255,962120005,2921035607,0,0.064694,0.015265,0.000784,73.2,384.2,0,93.0,4,2,3,1,0,1,0,0,0,1,6,0,Normal,0
1384,1.126184,tcp,smtp,REQ,26,12,3149.0,149.0,132.292,254,62,264.359,816.121,2,1,9.393,12.804,1.606,3.185,0,58720948,1111048155,0,0.000486,0.00642,0.016864,10.2,212.2,1,278.0,1,6,4,2,3,0,0,0,1,0,3,0,Shellcode,1
1385,0.046567,tcp,http,REQ,29,11,4231.0,82.0,57.314,254,254,1172.285,1588.142,1,0,1.165,1.12,3.058,4.363,255,1576841902,677734316,255,0.034385,0.01679,0.009162,42.7,167.4,0,828.0,4,5,3,7,2,0,0,0,0,4,5,0,Analysis,1
1386,1.859258,tcp,-,ECO,11,17,266.0,12.0,38.951,31,31,1467.557,433.137,2,0,24.466,1.795,3.605,2.486,255,2745493124,2057909020,255,0.217187,0.002298,0.025437,200.9,47.6,4,125.0,3,0,4,5,2,1,0,0,0,2,5,0,Normal,0
1387,0.080463,tcp,ftp,FIN,26,9,518.0,159.0,85.379,254,31,2838.287,99.296,1,1,2.849,4.426,9.786,1.547,0,3823512086,2275835913,0,0.101578,0.028545,0.001526,39.1,14.6,0,59.0,4,2,2,2,1,1,0,0,0,4,5,0,Exploits,1
1388,0.077936,tcp,http,CON,8,6,45.0,482.0,2.139,31,31,151.502,1067.295,2,0,5.438,0.027,12.622,8.893,0,882936652,2004617294,0,0.016341,0.027915,0.008671,35.2,301.3,1,41.0,3,2,1,4,6,1,0,0,0,2,5,1,Normal,0
1389,0.139407,udp,dhcp,INT,33,6,4163.0,600.0,51.066,254,128,326.191,959.571,0,4,2.644,5.198,4.277,3.943,255,1960710836,3940612153,0,0.055765,0.013682,0.053856,18.8,118.4,0,42.0,4,2,2,3,2,4,0,0,1,2,1,0,Reconnaissance,1
1390,0.814694,tcp,ftp,ECO,8,5,2468.0,125.0,60.802,254,128,3883.555,881.118,1,0,11.962,0.561,3.153,3.675,255,300009050,1472228536,255,0.08116,0.060971,0.01214,81.3,54.9,1,675.0,6,2,3,3,0,1,0,1,0,1,6,0,Normal,0
1391,0.139464,tcp,ssh,REQ,53,8,3273.0,244.0,66.172,31,62,1849.256,99.387,1,1,41.453,3.699,0.223,0.056,0,1749137353,3576782268,0,0.024222,0.016457,0.028601,97.1,23.7,0,5.0,4,2,3,1,1,3,0,0,0,1,2,0,Reconnaissance,1
1392,0.684251,udp,http,INT,29,10,260.0,1039.0,49.362,31,62,680.566,2641.478,1,2,30.169,8.663,0.06,4.522,0,3440544291,3117340508,0,0.005883,0.013117,0.02187,9.5,4.0,0,70.0,1,4,3,0,2,5,0,0,0,2,4,0,Fuzzers,1
1393,0.790246,arp,dns,FIN,11,11,1288.0,24.0,35.878,254,254,1876.643,285.285,2,1,8.573,4.84,5.923,2.162,255,298015233,1532772406,0,0.020089,0.001305,0.021338,62.7,90.7,0,165.0,1,2,5,5,2,2,0,0,0,1,6,0,Normal,0
1394,0.151652,tcp,dhcp,REQ,16,10,193.0,368.0,3.341,254,128,229.416,113.898,0,1,1.393,0.595,5.262,25.539,255,805739695,1499245407,255,0.00909,0.008017,0.021151,53.1,120.6,0,417.0,3,5,1,2,3,2,0,0,0,4,1,0,Normal,0
1395,0.427945,icmp,ssh,CON,31,9,567.0,1539.0,7.29,62,31,771.917,1456.815,0,1,2.083,14.466,1.193,11.314,0,2760204198,2663518830,255,0.035246,0.002385,0.017341,115.0,189.5,1,230.0,3,2,0,1,1,1,0,0,0,1,2,0,Fuzzers,1
1396,0.270398,tcp,ftp,CON,17,10,29.0,21.0,1.342,31,31,219.234,126.835,1,0,17.36,3.184,1.152,3.798,0,3575252086,1847469541,0,0.068459,0.009046,0.042243,134.3,295.8,1,15.0,1,0,5,3,2,1,0,1,0,1,0,0,Normal,0
1397,1.522561,icmp,ssh,ECO,12,4,814.0,175.0,32.462,254,128,1489.375,41.537,3,2,18.735,3.858,2.75,3.388,255,1639732324,708303000,0,0.145415,0.015255,0.002647,71.9,47.1,0,282.0,1,2,1,2,2,0,0,0,0,1,4,0,Normal,0
1398,0.326541,tcp,smtp,REQ,25,7,5665.0,88.0,32.415,254,254,101.277,178.775,1,0,4.11,20.047,2.808,2.475,0,3523535231,1145234524,0,0.164897,0.023868,0.009672,112.6,30.2,2,91.0,2,2,0,1,2,1,0,1,0,2,3,0,Reconnaissance,1
1399,0.002779,udp,http,FIN,26,9,1054.0,98.0,39.847,31,128,1218.66,1259.897,0,1,0.837,0.435,1.197,5.426,255,2931672818,3012300478,0,0.084667,0.004226,0.015544,27.6,76.4,0,36.0,5,2,4,2,2,2,0,1,0,1,2,0,Generic,1
1400,0.36577,tcp,dhcp,FIN,7,7,360.0,204.0,24.899,62,31,1226.169,221.33,1,0,5.749,0.015,12.628,17.383,0,3528409502,2000409970,0,0.054912,0.04438,0.021878,158.1,468.6,0,99.0,3,3,2,3,2,3,0,0,0,3,1,0,Normal,0
1401,0.45137,ospf,dhcp,INT,12,10,1107.0,198.0,27.671,128,62,4263.918,844.892,1,2,5.602,10.542,2.348,8.612,0,192976931,784959058,0,0.009497,0.002002,0.018122,404.9,46.2,0,148.0,0,2,2,1,2,3,0,0,0,3,3,0,Normal,0
1402,0.220399,arp,smtp,FIN,15,7,105.0,305.0,80.974,254,62,448.287,199.765,0,2,3.136,2.231,1.268,1.012,255,398660147,1432478150,0,0.173187,0.003869,0.006559,0.6,172.0,0,78.0,2,4,1,1,4,2,0,0,1,2,7,0,Normal,0
1403,1.34892,tcp,-,INT,25,7,1948.0,52.0,12.337,31,128,240.136,35.347,1,1,11.913,15.173,10.733,9.635,0,505532223,1525206537,0,0.130016,0.02916,0.027047,31.6,6.1,0,75.0,4,2,3,1,2,2,0,0,1,1,1,0,Analysis,1
1404,0.907182,tcp,dns,INT,14,13,185.0,201.0,9.612,31,128,732.178,536.87,3,1,0.096,32.484,2.468,8.418,255,483954735,1794859646,0,0.14151,0.026284,0.013411,147.9,185.4,2,84.0,4,1,2,3,1,4,0,0,0,5,1,1,Normal,0
1405,0.249584,tcp,smtp,ECO,15,12,162.0,109.0,59.412,62,254,2747.65,2383.335,1,2,8.403,9.49,12.439,5.524,0,3293347054,1811676689,255,0.175275,0.011955,0.002892,55.0,68.7,1,42.0,2,1,1,1,1,2,1,0,0,2,4,0,Normal,0
1406,0.172603,tcp,dhcp,INT,9,8,435.0,449.0,63.818,128,62,87.299,1187.919,1,0,18.268,7.802,5.519,1.987,255,1044750591,1613413214,0,0.015561,0.040072,0.023871,132.4,10.7,0,327.0,1,1,0,1,2,3,0,0,0,2,2,0,Normal,0
1407,0.161493,udp,ssh,CON,30,10,585.0,1038.0,80.914,254,31,1262.701,898.143,1,1,14.755,16.027,2.35,10.073,255,4186639015,1401110611,0,0.008538,0.025273,0.008737,271.9,39.6,0,27.0,3,4,0,1,2,4,0,0,1,1,2,0,Analysis,1
1408,0.11337,udp,http,REQ,17,8,522.0,74.0,0.415,31,254,847.412,63.909,0,0,9.023,6.383,0.707,0.16,255,1924977806,2426684601,255,0.022527,0.045036,0.050195,202.0,14.8,1,49.0,3,2,0,3,1,3,0,1,1,2,1,0,Normal,0
1409,1.172145,tcp,smtp,REQ,30,7,1935.0,1741.0,47.947,62,62,383.67,302.482,0,0,2.834,1.524,10.618,6.013,0,2876099968,409971063,255,0.014673,0.000288,0.151594,22.9,103.1,2,215.0,4,0,2,1,5,3,0,0,1,3,3,0,DoS,1
1410,0.222951,tcp,http,FIN,32,12,488.0,483.0,20.305,128,31,81.727,1074.231,1,1,3.301,14.085,6.099,9.788,255,2959151572,3774432240,0,0.000368,0.01804,0.009984,9.1,82.0,1,171.0,4,3,2,2,1,0,0,0,0,3,1,0,Exploits,1
1411,0.053285,icmp,dns,FIN,26,9,2937.0,113.0,53.744,254,62,1055.84,749.363,2,0,4.789,12.18,0.428,7.314,255,1070957068,1379203833,255,0.002905,0.008362,0.038835,63.2,99.6,0,50.0,4,0,3,6,5,1,0,0,0,4,3,1,Fuzzers,1
1412,0.646209,tcp,smtp,CON,33,13,1134.0,167.0,75.047,254,62,893.577,35.559,1,3,2.054,11.269,1.916,22.982,0,2840805084,3368109929,0,0.00273,0.007523,0.008673,214.5,85.2,2,222.0,4,1,1,2,1,1,0,0,0,2,2,0,Backdoor,1
1413,0.046798,udp,smtp,RST,27,7,1766.0,850.0,42.109,31,254,464.671,139.634,2,1,17.909,21.734,1.947,0.825,0,2185876764,3951380731,255,0.027017,0.014676,0.017948,26.6,72.1,1,813.0,4,2,1,3,1,3,0,0,0,2,2,0,Fuzzers,1
1414,1.385008,tcp,dns,CON,25,7,387.0,255.0,1.298,62,31,110.469,1108.52,0,0,1.567,2.951,4.786,7.035,255,311750716,2874137594,0,0.11409,0.036607,0.022352,56.0,48.2,3,100.0,3,4,3,0,0,1,0,0,0,2,2,0,Analysis,1
1415,0.025418,tcp,dns,ECO,14,10,113.0,1361.0,151.12,128,254,130.931,176.601,1,1,8.601,7.606,8.936,0.644,255,3484649513,2050064435,255,0.102973,0.012417,0.005937,65.9,178.7,0,198.0,0,4,4,5,3,3,0,1,0,2,3,0,Normal,0
1416,0.257284,tcp,pop3,INT,32,9,962.0,76.0,88.71,62,62,98.05,956.6,1,0,9.36,5.609,23.195,0.204,255,19750224,2863476396,255,0.047406,0.003318,0.009201,4.1,43.8,1,483.0,4,2,3,1,1,1,0,0,0,2,4,0,Fuzzers,1
1417,0.312988,tcp,smtp,ECO,4,7,197.0,169.0,23.123,62,128,76.646,461.028,3,0,2.21,9.297,1.098,18.069,255,1179934964,3257198496,255,0.003882,0.010435,0.012524,376.8,2.1,0,507.0,2,3,1,3,2,0,0,0,0,3,2,0,Normal,0
1418,0.452587,udp,-,CON,8,5,264.0,99.0,46.438,62,62,630.515,2513.085,0,2,1.229,15.595,9.511,0.646,255,3919467502,1704108365,0,0.087803,0.029624,0.01195,110.1,122.7,1,17.0,2,1,5,1,1,2,0,0,0,0,7,0,Normal,0
1419,0.045025,tcp,ssh,INT,34,10,5890.0,483.0,72.75,31,128,1977.585,384.263,1,0,42.27,8.65,0.268,2.263,255,1682302818,2468745004,0,0.032702,0.017989,0.002286,30.6,285.3,0,64.0,3,2,0,1,2,4,0,0,0,1,2,0,DoS,1
1420,0.748119,udp,smtp,FIN,30,16,3358.0,868.0,85.277,62,31,1273.367,215.864,0,0,11.617,1.248,6.829,5.109,0,2302975224,4261529781,255,1.7e-05,0.009613,0.027914,42.9,29.9,0,815.0,4,2,3,1,0,0,0,0,1,1,7,0,Backdoor,1
1421,0.208452,udp,ssh,ECO,42,7,2678.0,19.0,39.523,254,254,2895.934,1086.883,1,5,2.746,4.477,4.012,0.739,255,2661287802,2547390993,0,0.002281,0.003454,0.003637,254.7,112.5,0,239.0,0,6,1,2,0,2,0,0,0,3,1,0,Exploits,1
1422,0.600811,tcp,ssh,REQ,3,12,612.0,238.0,70.622,31,31,1918.389,484.474,0,0,4.586,3.0,0.764,4.546,0,3093549276,1405660621,0,0.061077,0.013209,0.080468,190.2,24.4,1,960.0,2,3,0,2,3,0,0,1,0,4,4,0,Normal,0
1423,0.254954,tcp,http,FIN,7,4,1522.0,697.0,61.154,62,62,1569.572,1181.571,3,2,5.677,12.663,0.601,0.986,0,160442275,3064767685,255,0.039133,0.007031,0.018788,526.2,43.1,0,55.0,1,3,3,2,1,1,0,2,0,1,1,0,Normal,0
1424,0.396061,udp,dhcp,RST,11,6,685.0,363.0,75.331,254,128,841.649,217.91,1,1,3.995,5.809,10.224,0.39,0,933974924,373447579,255,0.046353,0.006135,0.003636,41.9,137.0,0,23.0,3,1,2,2,0,3,0,0,0,1,3,0,Normal,0
1425,1.085989,udp,dhcp,ECO,5,8,373.0,1553.0,76.956,62,128,704.562,220.353,0,4,2.754,6.991,9.897,5.311,255,504349679,3854322281,0,0.049773,0.007326,0.005104,126.3,49.7,0,232.0,9,2,4,4,3,1,0,0,0,2,5,0,Normal,0
1426,0.000391,tcp,http,RST,9,7,27.0,154.0,0.366,254,31,3170.082,169.51,2,3,2.049,24.348,4.915,0.875,255,3762492435,3521638247,255,0.057894,0.016768,0.015737,37.9,154.3,1,657.0,2,0,1,2,1,0,1,0,0,2,1,0,Normal,0
1427,0.040956,tcp,http,RST,8,10,461.0,303.0,18.617,254,128,2724.098,1209.887,1,2,8.649,1.822,2.532,8.661,255,4204316886,1962843066,255,0.021893,0.007845,0.015778,156.2,99.0,1,8.0,2,1,4,1,0,1,0,0,0,2,0,0,Normal,0
1428,0.974542,udp,http,CON,5,9,821.0,451.0,38.014,254,31,217.204,1353.477,3,2,1.39,0.495,4.025,0.583,255,3951812184,3205227733,0,0.065274,0.010995,0.022494,0.1,74.6,2,113.0,2,3,1,4,0,5,0,0,1,3,4,0,Normal,0
1429,1.650358,tcp,dhcp,INT,40,6,5409.0,351.0,68.253,128,254,75.674,68.825,2,0,6.995,23.888,0.096,0.144,255,2955974121,3097831082,255,0.056143,0.003725,0.005361,27.7,75.1,0,742.0,2,1,3,4,2,2,0,0,1,5,3,0,Exploits,1
1430,1.068214,udp,dhcp,ECO,13,5,427.0,47.0,62.24,62,128,193.429,2186.937,2,2,7.161,0.318,4.262,6.16,0,2496224811,316580562,255,0.020648,0.008097,0.003447,90.5,152.8,1,506.0,6,2,0,1,2,1,0,0,0,3,2,0,Normal,0
1431,1.174433,tcp,ftp,REQ,20,9,4681.0,14.0,8.67,62,31,1400.115,325.261,2,1,4.399,16.51,2.403,3.451,255,3470960966,2057320825,255,0.013648,0.010396,0.005758,9.5,90.3,1,52.0,4,2,0,3,5,4,0,1,0,0,5,0,Reconnaissance,1
1432,0.19097,udp,ssh,REQ,28,6,1060.0,645.0,74.355,31,254,545.245,1608.338,2,1,22.309,3.815,3.406,6.947,0,3794818429,2333569959,255,0.11906,0.024414,0.023809,41.2,26.4,0,103.0,2,1,0,1,4,2,0,0,0,2,2,0,Generic,1
1433,1.792062,tcp,http,RST,7,13,1282.0,378.0,63.858,31,254,3730.917,367.907,0,1,3.806,4.416,6.154,11.463,255,3945670146,3243251870,0,0.069207,0.022543,0.015924,77.6,35.6,1,213.0,6,1,2,3,4,2,1,1,0,0,4,0,Normal,0
1434,0.446333,udp,-,REQ,12,8,810.0,537.0,64.934,31,128,677.885,676.014,0,1,3.448,5.9,15.595,2.033,0,549762353,110619694,0,0.026421,0.014457,0.003852,5.4,3.8,0,76.0,4,1,3,2,1,0,0,0,1,2,0,0,Normal,0
1435,0.096743,tcp,http,FIN,12,6,1642.0,406.0,7.643,62,62,45.356,295.532,1,3,41.883,35.816,1.013,1.719,0,3564724523,2945125231,0,0.061562,0.032563,0.020499,71.4,29.3,0,23.0,5,0,5,0,1,2,0,0,1,0,2,1,Normal,0
1436,0.062994,tcp,-,CON,25,8,9300.0,119.0,96.136,62,62,996.514,473.393,1,1,17.635,2.158,2.31,5.281,0,3621872527,3542556671,0,0.075869,0.027902,0.012326,109.2,132.8,0,304.0,1,2,0,1,1,2,0,0,0,3,3,0,Backdoor,1
1437,0.145783,tcp,pop3,RST,12,5,1380.0,320.0,55.022,62,31,16.118,493.13,1,0,17.999,0.101,5.173,4.973,0,2635518341,3632104290,255,0.012884,0.030276,0.000688,92.7,150.0,1,229.0,4,2,0,1,3,3,0,0,0,2,2,0,Normal,0
1438,0.618625,udp,pop3,CON,12,8,331.0,1705.0,64.515,128,128,33.35,1022.28,0,0,10.913,6.237,3.123,2.24,0,976226326,624394910,255,0.00189,0.009893,0.051431,20.6,66.1,1,47.0,1,1,0,3,3,2,0,0,0,3,4,0,Normal,0
1439,1.427903,tcp,http,REQ,28,8,2344.0,204.0,24.924,62,31,2660.449,178.966,0,0,1.344,0.96,8.187,3.167,255,2320786160,1922222577,255,0.147081,0.007598,0.056597,11.8,142.4,1,127.0,2,1,0,1,2,3,0,0,1,2,7,0,Reconnaissance,1
1440,0.226983,tcp,smtp,INT,23,14,1908.0,794.0,31.44,31,31,519.233,1269.919,1,0,7.768,10.483,20.036,9.29,255,3257848176,978820503,0,0.02027,0.019649,0.005776,147.4,101.1,0,738.0,2,1,2,2,1,2,0,0,0,2,6,0,Backdoor,1
1441,0.603386,udp,http,REQ,11,7,192.0,78.0,2.164,62,254,570.186,1062.065,1,1,12.929,7.03,2.893,2.992,0,1036646586,3408479504,0,0.074703,0.147859,0.018016,211.8,33.1,0,178.0,4,5,2,3,1,2,0,0,0,1,4,0,Normal,0
1442,0.292065,tcp,smtp,CON,13,5,140.0,574.0,45.631,62,128,2728.467,2.639,4,2,3.323,30.712,0.229,5.67,0,3309911410,2967542191,0,0.209704,0.102919,0.043197,161.2,14.5,1,264.0,5,1,1,1,0,2,0,0,0,2,0,0,Normal,0
1443,0.013315,tcp,dhcp,CON,11,5,2062.0,2.0,5.889,31,254,270.876,1158.444,1,0,6.611,3.403,35.536,14.323,255,3804393790,1267968363,0,0.025389,0.013859,0.003893,368.7,66.2,0,134.0,5,5,1,3,1,2,0,0,1,4,3,0,Normal,0
1444,0.10184,udp,dhcp,RST,10,8,87.0,812.0,8.404,254,62,916.784,1198.739,0,1,4.588,2.47,12.992,4.33,0,2715624232,3087581023,0,0.012848,0.020183,0.028606,28.8,140.2,1,120.0,3,3,2,3,7,3,0,0,0,2,3,0,Normal,0
1445,0.068401,udp,pop3,CON,12,5,752.0,65.0,25.534,62,31,300.845,205.057,1,0,9.004,2.705,1.232,0.174,255,2233265022,3688262137,0,0.07514,0.092538,0.056365,272.0,7.5,1,126.0,4,4,0,1,2,2,0,0,0,3,3,1,Normal,0
1446,0.46601,icmp,http,CON,22,8,3719.0,614.0,14.964,254,128,81.768,980.412,4,0,10.223,41.43,5.781,3.988,255,2084236,1378001274,0,0.001559,0.010892,0.034686,134.6,97.2,0,122.0,6,4,1,1,4,4,0,0,1,1,3,0,Generic,1
1447,0.011986,tcp,http,ECO,37,6,3917.0,128.0,95.65,254,31,58.079,128.201,2,2,8.124,2.272,1.247,10.829,255,3925648143,4068909733,255,0.055241,0.023092,0.030127,34.7,235.9,0,445.0,1,5,2,3,1,2,0,0,0,2,4,0,Reconnaissance,1
1448,0.243272,tcp,http,FIN,11,5,246.0,848.0,8.922,62,128,551.747,1463.119,0,0,9.674,16.445,7.128,0.778,255,295271051,2674163348,255,0.022337,0.013485,0.001995,93.1,250.5,0,123.0,2,1,2,6,6,3,0,0,1,1,2,0,Normal,0
1449,1.596339,udp,http,REQ,32,5,2377.0,367.0,7.697,254,254,1060.835,1009.406,2,0,5.956,40.543,2.654,2.146,255,1861396265,1603691877,255,0.009508,0.002477,0.001841,48.3,149.4,0,116.0,1,2,2,1,3,6,0,0,0,2,4,0,Generic,1
1450,0.070078,tcp,smtp,FIN,13,6,109.0,359.0,75.743,254,62,471.571,182.727,2,2,16.945,14.182,2.282,0.627,255,1182125610,127975238,0,0.042557,0.012521,0.021094,130.0,63.9,0,22.0,1,1,2,3,2,0,0,0,1,1,4,0,Normal,0
1451,0.113849,udp,ssh,RST,25,13,1120.0,73.0,2.447,31,31,790.883,296.284,1,0,24.669,3.492,1.372,1.285,0,2790395572,577136815,0,0.01582,0.015743,0.006124,30.5,33.8,0,50.0,2,0,1,2,2,2,0,0,0,3,1,0,Fuzzers,1
1452,0.142131,tcp,dhcp,FIN,30,8,1497.0,57.0,34.01,62,31,310.932,25.846,1,2,3.858,13.69,0.522,4.362,0,2660226561,4274548531,255,0.022505,0.016234,0.009544,32.4,96.7,0,177.0,2,1,3,3,5,5,0,0,1,2,0,0,Generic,1
1453,0.50478,icmp,-,REQ,24,12,254.0,241.0,155.966,31,254,249.769,254.957,0,3,19.88,7.893,6.891,0.483,255,254544073,768189843,0,0.068455,0.035676,0.019141,66.6,53.6,2,148.0,2,2,1,3,1,4,0,0,0,1,7,0,DoS,1
1454,0.564073,udp,ftp,INT,28,10,2828.0,536.0,24.955,128,254,1955.354,731.333,0,2,17.617,3.778,0.733,34.902,0,594594398,1136944263,0,0.027982,0.021046,0.00031,240.7,6.6,0,45.0,4,1,6,2,3,2,0,1,1,1,4,0,Analysis,1
1455,0.109965,tcp,ssh,RST,7,9,1659.0,463.0,121.932,62,62,145.014,89.274,1,0,2.15,5.668,10.28,3.524,255,3896898150,2156883992,0,0.073299,0.012826,0.007498,49.7,153.3,0,235.0,2,2,5,4,3,2,0,0,0,1,3,1,Normal,0
1456,0.237874,tcp,ssh,FIN,14,11,1573.0,351.0,0.946,128,31,2511.805,414.845,0,1,13.559,7.435,1.726,1.74,0,309279257,3496526010,0,0.175932,0.010197,0.016751,156.6,188.6,1,228.0,4,5,0,0,1,1,0,0,0,1,1,0,Normal,0
1457,0.224822,tcp,dns,REQ,8,3,1283.0,238.0,17.097,62,31,62.7,45.664,3,4,5.204,14.4,0.115,0.168,0,2502605195,1206885003,0,0.021089,0.014224,0.007779,150.8,152.4,0,166.0,4,3,3,0,4,1,0,0,0,2,4,0,Normal,0
1458,0.089436,tcp,http,REQ,12,5,571.0,1250.0,44.531,31,128,25.751,2252.572,0,0,10.431,4.458,3.896,5.41,255,291408161,1179207514,255,0.111999,0.069771,0.046302,2.9,98.3,0,69.0,1,1,3,2,0,2,0,0,0,3,5,0,Normal,0
1459,0.099815,udp,dns,CON,32,1,533.0,174.0,24.346,62,31,2607.681,207.908,1,0,8.23,2.407,0.801,6.859,0,295237488,517310363,0,0.123575,0.012006,0.079871,54.5,9.7,0,105.0,1,5,1,2,6,1,0,0,0,1,1,0,Analysis,1
1460,1.14843,tcp,http,CON,12,8,275.0,97.0,98.373,128,31,424.208,612.62,1,2,5.523,3.086,1.933,6.103,255,3012544342,737971665,255,0.032761,0.002242,0.001831,340.8,16.7,1,375.0,3,2,2,0,1,1,0,1,1,1,3,0,Normal,0
1461,0.05448,tcp,smtp,RST,32,10,2505.0,341.0,8.718,62,62,382.235,386.059,1,1,9.595,14.91,2.084,0.988,255,2564208772,738647249,255,0.118659,0.008473,0.004472,103.1,1.0,1,24.0,6,1,4,2,2,1,0,0,0,1,8,0,Exploits,1
1462,0.23425,tcp,dhcp,REQ,9,9,5.0,1140.0,78.953,62,31,141.707,253.768,1,0,5.46,27.604,2.589,2.778,255,3263422742,660252875,0,0.001951,0.001103,0.012914,71.3,43.2,0,68.0,6,0,5,1,1,3,0,0,0,2,4,0,Normal,0
1463,0.057369,udp,http,REQ,6,9,1243.0,10.0,31.225,62,31,1404.052,411.387,0,2,5.367,14.644,6.193,19.575,255,3135103291,2990967503,255,0.024325,0.002046,0.039397,59.9,125.3,0,289.0,4,2,2,0,2,2,0,0,0,1,6,0,Normal,0
1464,0.363052,tcp,-,ECO,14,8,141.0,11.0,43.538,31,128,72.855,1659.852,1,0,4.745,21.862,4.251,0.204,255,1427549531,4228241579,255,0.001925,0.006446,0.020992,62.2,16.7,0,395.0,4,2,1,1,4,3,0,0,2,2,5,0,Normal,0
1465,0.582458,tcp,ssh,INT,42,11,1665.0,613.0,6.69,128,254,1850.798,1366.853,0,1,1.953,6.578,1.066,3.909,0,268277640,4160864866,0,0.01864,0.024032,0.024134,167.6,47.5,0,44.0,3,3,3,0,3,2,0,0,1,2,1,0,Generic,1
1466,0.298756,icmp,-,ECO,27,14,1417.0,377.0,43.029,128,31,2135.308,1367.286,0,0,11.713,2.609,8.254,4.798,0,3549677193,711849607,0,0.099871,0.001826,0.008987,27.7,197.2,0,891.0,2,5,5,1,3,0,0,1,0,3,4,0,Generic,1
1467,0.162137,tcp,dhcp,ECO,14,9,423.0,66.0,10.185,254,62,1089.551,713.024,1,1,11.111,10.255,4.397,29.063,0,2393401663,1572328342,255,0.07523,0.007959,0.067322,23.1,6.8,1,61.0,1,3,2,0,1,2,0,0,1,2,1,0,Normal,0
1468,0.533494,tcp,pop3,REQ,6,8,87.0,456.0,56.693,128,62,821.274,619.415,1,0,11.78,1.965,2.407,2.284,255,2546812057,2252695092,255,0.019591,0.000683,0.012614,36.5,6.5,1,148.0,1,1,3,4,1,4,0,0,1,1,3,1,Normal,0
1469,0.145833,ospf,dns,CON,25,3,5281.0,633.0,2.411,62,254,748.789,939.733,1,1,14.633,5.97,3.228,0.095,0,2504143231,2767570974,255,0.15317,0.003405,0.013036,378.4,72.5,0,34.0,2,1,1,3,2,2,0,0,0,0,5,0,Exploits,1
1470,0.898608,tcp,ftp,INT,13,6,483.0,85.0,222.48,31,31,470.83,215.086,1,1,2.935,1.982,9.925,1.384,255,721802400,2325084632,255,0.073728,0.014411,0.000324,19.9,14.5,1,133.0,3,4,3,2,1,3,0,0,2,5,1,0,Normal,0
1471,0.155318,icmp,dns,FIN,33,5,1840.0,2804.0,63.677,128,62,2437.207,1290.866,1,2,0.1,20.837,13.713,2.084,255,59337979,4144369245,255,0.066462,0.015155,0.00232,83.5,24.7,0,30.0,4,2,2,1,1,2,0,0,1,2,1,0,Reconnaissance,1
1472,0.128376,udp,dns,RST,13,4,565.0,97.0,29.701,128,128,870.148,835.078,0,1,8.607,5.236,4.427,2.156,255,2514953629,2445247825,255,0.006801,0.050416,0.004678,222.1,127.7,0,29.0,4,2,2,3,1,1,0,0,0,2,2,0,Normal,0
1473,1.336607,udp,pop3,CON,9,8,1438.0,394.0,16.29,62,62,142.964,177.629,0,2,4.646,0.882,1.014,14.043,255,1569295073,190502157,0,0.007653,0.050149,0.015343,10.8,77.6,1,9.0,2,4,2,3,1,1,0,0,0,1,2,0,Normal,0
1474,1.400784,tcp,pop3,ECO,10,10,364.0,391.0,65.048,254,31,106.533,574.098,2,0,5.05,15.191,0.02,3.319,0,427200917,2438478893,0,0.13251,0.000803,0.001876,40.8,3.8,0,17.0,0,2,1,3,2,0,0,0,1,1,0,0,Normal,0
1475,0.153789,tcp,http,REQ,9,9,495.0,310.0,94.524,128,62,435.231,0.049,3,1,1.064,29.093,0.159,8.063,0,2106649769,503154555,0,0.007848,0.020945,0.021683,31.2,15.2,0,47.0,3,2,1,1,2,0,0,0,0,5,1,0,Normal,0
1476,1.306907,tcp,http,INT,8,7,220.0,151.0,33.594,62,62,2.213,488.176,2,2,1.485,25.294,0.135,5.868,0,3573517846,3332039296,0,0.03462,0.001915,0.007249,34.6,31.3,0,17.0,3,1,1,0,1,3,0,0,0,1,1,0,Normal,0
1477,1.380848,tcp,smtp,CON,7,8,34.0,57.0,91.998,128,31,3386.26,42.814,1,0,5.352,4.353,4.673,4.463,255,3715801236,3362880275,255,0.022961,0.075569,0.000187,25.8,250.7,0,66.0,4,0,3,3,1,3,0,0,0,4,0,0,Normal,0
1478,0.173953,tcp,ssh,FIN,20,11,2130.0,57.0,65.38,128,128,2001.484,280.284,3,1,5.023,0.637,2.131,3.92,0,1985144578,273544917,0,0.035771,0.029763,0.01323,111.8,2.4,0,56.0,3,1,4,2,3,1,0,0,1,3,3,0,Shellcode,1
1479,1.03604,tcp,ssh,RST,12,13,128.0,67.0,24.153,31,31,67.968,33.752,1,1,4.144,26.153,6.745,0.356,0,4224860225,4161889846,0,0.028755,0.011516,0.010128,206.0,21.0,1,2.0,2,2,6,3,1,1,0,1,0,1,2,0,Normal,0
1480,3.270834,udp,ftp,RST,12,9,388.0,187.0,105.354,62,128,299.259,231.067,2,1,1.794,10.201,1.564,19.09,255,3620308224,2329443314,0,0.018023,0.014019,0.011855,39.9,54.7,1,316.0,1,0,2,2,1,3,0,0,2,0,4,1,Normal,0
1481,0.00951,tcp,dns,CON,19,7,254.0,31.0,10.031,254,62,1879.616,1357.597,3,1,0.914,2.586,7.075,3.865,0,621658608,392571075,0,0.020177,0.003323,0.027016,25.3,178.1,1,541.0,3,2,3,3,4,3,0,0,0,5,3,0,Normal,0
1482,0.857815,udp,-,FIN,9,5,952.0,247.0,18.92,254,254,25.914,18.534,2,0,15.445,24.428,1.602,1.924,0,3502583373,1932566136,0,0.021645,0.05561,0.047231,37.9,77.2,0,288.0,2,0,2,3,1,1,0,1,1,3,4,0,Normal,0
1483,0.000676,icmp,dns,CON,31,6,185.0,143.0,94.403,31,254,379.147,7.988,0,0,4.044,22.007,6.027,5.711,255,1832186609,2538765857,255,0.010908,0.001007,0.002529,84.5,13.7,0,91.0,1,0,0,3,1,5,0,1,0,4,7,0,Generic,1
1484,1.142815,udp,ssh,RST,6,8,778.0,7.0,165.596,128,62,504.501,695.804,0,4,4.121,9.982,1.264,10.559,0,1229926887,607959720,255,0.035482,0.018939,0.017013,8.0,343.2,0,634.0,4,1,0,3,1,1,0,0,0,1,1,0,Normal,0
1485,0.084597,udp,ftp,REQ,30,10,1703.0,238.0,30.727,62,128,358.131,1559.918,1,0,26.638,12.874,1.398,19.687,255,2719727071,3545540160,255,0.009474,0.007569,0.004462,120.6,0.4,1,12.0,1,2,1,3,3,0,0,0,0,1,4,0,Generic,1
1486,0.844905,udp,ftp,FIN,5,11,751.0,132.0,22.974,31,254,235.969,625.186,0,1,25.532,12.166,5.976,0.477,0,4129981330,4042714141,0,0.068502,0.011776,0.001956,99.1,50.5,0,204.0,6,1,3,3,1,2,0,0,0,1,5,0,Normal,0
1487,0.120343,tcp,dns,FIN,26,6,1971.0,257.0,31.673,62,31,1784.27,1379.797,2,1,16.66,12.125,8.12,3.659,0,2425500859,3556917796,0,0.00403,0.000979,0.008779,35.6,18.1,0,108.0,3,1,1,1,3,3,0,0,0,3,5,0,Backdoor,1
1488,0.2018,tcp,pop3,FIN,10,8,785.0,206.0,43.411,31,128,3633.778,248.416,2,0,36.126,5.747,0.341,0.524,255,955331741,782042506,255,0.14646,0.014438,0.015622,105.8,41.6,1,149.0,4,0,0,1,0,5,0,0,0,1,2,0,Normal,0
1489,0.184678,icmp,smtp,RST,37,9,1004.0,759.0,58.95,128,31,32.172,305.577,4,2,9.882,4.333,6.135,1.399,255,3988932674,2908036569,255,0.042939,0.008485,0.028494,9.6,47.2,0,31.0,7,0,4,3,1,0,0,0,0,2,7,0,DoS,1
1490,0.215363,udp,dhcp,RST,15,6,300.0,199.0,6.092,62,31,568.74,316.138,2,2,6.066,4.804,4.585,0.471,255,2394239056,2663677560,255,0.0431,0.005882,0.00477,118.3,30.9,1,37.0,2,2,1,0,2,1,0,0,0,1,3,0,Normal,0
1491,1.051649,udp,-,INT,8,5,341.0,1164.0,14.974,128,31,488.34,122.419,1,1,0.608,5.432,1.324,2.185,0,157820371,874853864,255,0.033279,0.072794,0.004937,106.6,155.6,2,892.0,2,0,0,2,2,2,0,0,0,3,2,0,Normal,0
1492,0.252491,arp,pop3,RST,36,8,4560.0,826.0,75.29,254,62,505.284,397.312,2,0,0.649,5.843,0.364,3.16,0,3412902382,1667367224,0,0.018525,0.01012,0.000718,368.0,342.2,1,540.0,2,4,2,1,1,2,0,0,0,1,3,0,Fuzzers,1
1493,0.31297,tcp,-,FIN,28,9,1896.0,209.0,94.847,254,31,903.416,881.45,1,1,11.519,4.189,5.263,7.728,255,2105829493,2898836190,255,0.129916,0.000495,0.021826,30.1,67.6,2,24.0,4,2,1,2,1,1,0,0,0,2,3,0,Generic,1
1494,0.02884,tcp,ftp,REQ,29,12,1528.0,392.0,2.904,128,62,2307.813,1763.932,1,1,5.652,1.475,33.481,19.409,255,1760108623,3220839659,255,0.544174,0.002264,0.027653,318.7,0.5,2,7.0,3,0,2,2,2,1,0,0,1,1,1,0,Exploits,1
1495,0.312709,udp,dns,CON,14,10,685.0,179.0,13.04,31,128,1170.292,181.126,1,1,4.096,16.352,14.556,5.589,0,626702799,1054611555,0,0.036588,0.01861,0.004222,1.2,27.2,0,147.0,4,1,3,1,1,2,0,0,0,4,4,0,Normal,0
1496,0.144879,tcp,http,RST,26,11,2481.0,552.0,62.762,254,31,1577.684,220.835,0,2,15.767,2.477,1.306,1.429,0,2396307152,3881457076,0,0.048876,0.000217,0.049684,146.6,23.6,0,248.0,1,0,2,0,2,2,0,0,0,3,0,0,Generic,1
1497,0.200996,tcp,dhcp,INT,29,5,761.0,641.0,128.832,254,62,80.752,144.991,0,2,4.922,0.079,5.754,8.028,255,2824362361,1690572244,255,0.10748,0.074606,0.050659,233.1,17.5,0,153.0,3,2,1,2,3,0,1,0,0,4,4,0,DoS,1
1498,0.61883,udp,dhcp,ECO,34,4,610.0,805.0,29.128,31,128,819.987,157.371,0,3,4.55,16.572,2.221,7.33,255,61240510,508069124,0,0.010561,0.040162,0.085056,191.8,15.3,0,3.0,3,1,3,1,4,1,0,0,0,3,4,0,Generic,1
1499,0.172972,udp,smtp,REQ,14,12,242.0,410.0,3.512,62,62,328.071,261.612,1,2,23.296,5.683,2.942,0.869,255,538450702,3894343546,0,0.045127,0.023628,0.141945,10.9,49.7,2,148.0,0,0,5,2,1,5,1,0,1,0,2,1,Normal,0
1500,0.224925,tcp,dns,INT,28,6,1849.0,2.0,16.668,62,62,168.746,1181.141,0,1,18.324,37.062,0.397,0.392,0,3821781230,3585906193,0,0.074968,0.014301,0.007588,61.3,113.7,1,51.0,3,2,2,4,2,1,0,2,0,2,2,0,Generic,1
1501,0.518897,udp,pop3,ECO,33,9,680.0,69.0,8.495,128,254,215.369,3030.921,4,1,1.255,8.727,2.311,7.575,0,2292924368,1963190234,0,0.054238,0.009485,0.000381,65.4,124.0,0,183.0,3,1,1,3,1,1,0,0,1,1,3,0,Generic,1
1502,0.20231,tcp,ssh,ECO,28,10,9988.0,712.0,27.88,254,128,2737.421,1215.079,2,0,18.985,0.353,12.441,0.618,0,1154438605,1480649403,255,0.009758,0.008644,0.026587,23.5,3.9,1,154.0,3,1,0,3,3,2,0,0,0,2,2,0,Analysis,1
1503,0.576458,icmp,dns,INT,11,12,1046.0,307.0,106.316,128,31,1859.041,466.82,2,0,54.08,2.16,1.615,6.325,255,1071413424,2171339202,0,0.008481,0.003382,0.010042,306.9,177.7,0,116.0,5,1,1,0,2,0,1,1,0,0,3,0,Normal,0
1504,0.099479,tcp,pop3,INT,11,3,617.0,1581.0,33.89,62,31,1359.861,942.766,1,0,15.409,22.898,3.455,3.963,255,3192768962,578937013,0,0.02694,0.016286,0.027748,260.3,70.7,0,4.0,5,0,3,3,2,6,0,0,0,2,4,0,Normal,0
1505,0.042083,icmp,http,REQ,24,13,1826.0,320.0,12.905,254,128,745.042,13.793,1,0,0.725,21.168,1.943,0.798,0,712962638,2300562226,0,0.079897,0.062815,0.027878,190.3,5.9,0,18.0,3,4,0,3,3,3,0,2,0,2,3,0,Fuzzers,1
1506,0.149197,tcp,ftp,CON,6,13,36.0,182.0,24.417,31,31,345.755,206.507,1,2,6.329,3.625,3.695,0.568,0,815773669,2535191476,0,0.040056,0.00573,0.002747,54.2,45.4,0,167.0,1,1,0,2,1,2,0,0,0,3,3,0,Normal,0
1507,0.418043,tcp,-,INT,28,4,2564.0,334.0,120.816,128,128,1471.819,1140.79,0,0,0.589,13.695,1.933,2.691,255,4264492583,2885260938,0,0.048319,0.075235,0.013694,275.7,15.6,1,351.0,3,1,1,1,4,3,0,1,0,0,2,0,Exploits,1
1508,0.12661,tcp,-,ECO,9,5,413.0,63.0,31.445,254,254,210.14,755.727,0,1,4.501,15.487,0.249,1.248,0,346801052,3811170390,0,0.017083,0.010268,0.003034,57.3,26.4,1,343.0,3,3,2,1,1,3,0,0,1,1,1,0,Normal,0
1509,2.54878,tcp,http,ECO,9,7,282.0,241.0,21.197,31,62,635.868,185.94,0,2,12.536,0.388,2.981,2.349,255,2551567746,3245765211,0,0.146166,0.020723,0.032054,467.0,22.2,1,434.0,6,2,0,1,4,1,0,0,0,2,3,0,Normal,0
1510,0.541974,tcp,smtp,INT,27,10,5008.0,864.0,115.454,254,254,221.022,4399.486,2,0,0.44,4.102,0.131,2.222,0,2852715992,2404762277,0,0.007175,0.056316,0.030706,117.6,264.5,0,341.0,5,2,1,4,4,0,0,0,0,2,2,1,Exploits,1
1511,0.215729,udp,pop3,INT,11,9,244.0,122.0,28.921,31,62,1634.906,1297.909,1,1,4.689,8.43,15.777,3.521,0,1415583678,2637017483,0,0.099469,0.028163,0.008627,40.7,60.4,1,18.0,3,2,2,1,4,0,0,0,1,2,4,0,Normal,0
1512,2.491062,udp,smtp,ECO,12,11,361.0,28.0,2.946,62,31,1080.207,291.038,3,0,10.413,6.591,0.124,15.076,255,3288447234,2833423303,255,0.016979,0.013662,0.008637,110.7,150.0,2,132.0,1,2,1,2,0,0,0,0,2,2,1,0,Normal,0
1513,0.234193,tcp,dns,CON,41,0,478.0,120.0,38.298,128,31,844.739,15.987,2,1,4.827,10.111,0.705,8.347,255,1182751386,12674864,0,0.033674,0.080815,0.001868,31.0,17.1,0,120.0,4,2,4,3,1,1,0,1,0,1,3,0,Generic,1
1514,0.005469,udp,ftp,FIN,26,3,436.0,2447.0,11.695,31,254,154.755,40.566,2,0,2.579,5.25,5.85,10.636,255,1923786946,1442274926,0,0.032391,0.008166,0.02471,52.6,23.9,1,86.0,3,1,4,2,1,1,0,0,0,1,2,0,Exploits,1
1515,0.327471,icmp,-,FIN,28,10,3257.0,64.0,87.266,254,31,1132.883,289.805,2,1,15.688,22.623,7.284,3.847,255,4072904503,805906213,255,0.021538,0.029216,0.001074,11.9,78.5,2,48.0,2,0,1,1,0,4,0,1,1,5,2,0,DoS,1
1516,0.627212,udp,smtp,FIN,5,7,172.0,461.0,5.779,31,31,1374.536,938.342,1,2,7.418,4.465,1.494,0.237,0,806627373,6662855,255,0.127828,0.048176,0.002187,188.7,6.0,0,71.0,4,1,1,3,2,1,0,0,0,2,4,0,Normal,0
1517,0.170504,tcp,http,ECO,12,2,415.0,956.0,3.082,62,62,552.064,138.042,2,1,10.111,2.045,3.546,2.205,0,614477694,4139746857,255,0.120282,0.008745,0.00141,112.8,397.2,0,35.0,4,0,0,4,2,4,0,0,1,2,5,0,Normal,0
1518,0.055373,tcp,pop3,FIN,33,7,1984.0,221.0,42.627,62,31,207.089,1422.116,0,2,4.47,9.276,0.341,4.184,255,1255637712,256094986,255,0.005833,0.008293,0.091232,99.5,9.1,0,66.0,1,3,1,2,1,1,0,1,0,2,1,1,Analysis,1
1519,1.459265,icmp,dns,CON,12,8,235.0,512.0,57.804,31,128,120.592,926.086,2,2,3.405,2.291,5.818,1.02,255,1014621422,3334320963,0,0.031564,0.002879,0.005236,62.4,102.8,1,611.0,3,1,2,0,1,3,0,1,0,2,2,0,Normal,0
1520,0.274065,tcp,ftp,REQ,10,4,1262.0,749.0,66.755,62,31,1313.152,340.957,1,1,5.458,13.932,3.326,2.099,255,25983548,2617271428,255,0.040542,0.00535,0.020344,63.4,78.6,0,211.0,4,2,5,1,4,0,0,0,0,3,1,0,Normal,0
1521,0.663573,tcp,-,REQ,9,5,137.0,290.0,103.872,254,254,2033.197,1336.55,1,0,8.735,0.643,4.935,11.951,0,2992440846,2774459831,0,0.023769,0.037625,0.002945,75.9,49.6,1,13.0,5,0,1,3,1,2,0,1,1,0,4,0,Normal,0
1522,0.942411,udp,http,RST,10,5,183.0,172.0,65.436,254,31,1039.754,3356.055,0,4,0.208,16.398,3.879,1.653,0,2388185135,3471982649,255,0.002903,0.012462,0.011173,9.0,73.6,1,182.0,2,2,1,2,1,1,0,0,0,2,4,0,Normal,0
1523,0.429244,tcp,-,ECO,36,7,2210.0,26.0,1.972,128,62,1750.038,552.856,1,3,7.672,2.154,1.32,3.041,255,3906825523,3166661241,0,0.086592,0.003285,0.019823,65.8,82.6,0,86.0,3,2,3,2,4,3,1,0,0,0,4,0,DoS,1
1524,0.385899,udp,ssh,INT,28,3,878.0,375.0,2.474,62,254,2547.392,269.788,1,1,1.037,2.814,6.32,3.961,0,3920654383,4091339162,0,0.094577,0.065116,0.00459,29.1,53.2,0,273.0,3,3,1,2,2,1,0,0,0,2,1,1,Exploits,1
1525,0.342475,tcp,dns,CON,36,5,892.0,225.0,5.923,128,128,89.614,221.47,0,1,19.387,14.656,3.547,2.238,255,761436942,3026129082,255,0.045627,0.017846,0.016766,43.2,103.4,0,167.0,3,4,1,4,0,2,0,0,0,1,3,1,Exploits,1
1526,1.444029,udp,pop3,FIN,15,9,603.0,37.0,89.332,254,128,2465.8,86.363,2,1,7.891,0.283,8.562,17.273,0,325983071,2352928463,255,0.029744,0.015694,0.051984,215.1,166.1,0,2.0,4,0,3,1,2,3,0,1,1,0,3,0,Normal,0
1527,0.195957,arp,smtp,ECO,13,7,523.0,372.0,79.681,31,128,1341.3,1952.434,1,0,12.926,44.901,51.196,0.897,0,812335523,2168308395,255,0.013299,0.005766,0.055743,281.9,76.4,0,54.0,2,2,2,2,3,2,0,0,0,2,5,0,Normal,0
1528,0.71887,ospf,dhcp,INT,9,13,699.0,1375.0,197.106,254,128,850.166,527.458,1,0,6.519,14.881,6.536,3.242,255,4155358710,294721600,0,0.038787,0.003971,0.020715,65.2,400.1,2,246.0,2,1,3,4,4,3,0,1,0,0,2,0,Normal,0
1529,0.40686,icmp,pop3,ECO,8,7,67.0,17.0,33.34,254,128,196.667,502.771,1,0,5.216,6.043,6.4,0.087,0,2911734357,505632820,0,0.038993,0.056813,0.011668,104.8,252.5,1,32.0,1,1,1,1,0,3,0,0,0,0,2,0,Normal,0
1530,0.059103,icmp,http,INT,11,12,7.0,759.0,13.709,128,254,154.212,1498.819,0,1,1.189,6.796,6.677,4.531,0,4077408389,309236620,0,0.00334,0.066869,0.038336,370.9,55.6,0,49.0,2,1,5,5,2,0,0,0,0,1,1,0,Normal,0
1531,0.618105,tcp,-,RST,7,12,587.0,1058.0,2.157,128,128,1993.457,451.859,0,1,5.767,4.519,3.375,2.2,0,2672917878,2542063486,255,0.106572,0.004181,0.003418,82.2,24.9,1,104.0,3,4,1,1,4,3,0,0,0,2,3,0,Normal,0
1532,0.919768,arp,dhcp,REQ,14,12,756.0,622.0,75.787,254,31,140.271,3117.187,1,0,6.032,5.383,4.372,7.523,255,1322544665,1755715738,255,0.121669,0.003663,0.023108,4.5,366.6,1,56.0,4,2,6,3,4,1,0,0,0,2,2,0,Normal,0
1533,0.236911,icmp,ftp,RST,32,2,1244.0,109.0,59.75,62,62,467.364,645.258,0,1,5.726,0.221,3.045,0.487,255,3297279416,2664447486,0,0.022708,0.034672,0.003035,50.3,27.7,2,77.0,1,2,1,4,2,3,0,0,1,3,1,0,Generic,1
1534,0.503728,tcp,pop3,REQ,33,15,1938.0,416.0,15.168,31,254,416.911,632.192,1,0,22.961,24.395,8.146,2.714,255,12652990,2432679232,0,0.062247,0.031418,0.007057,184.4,286.4,0,859.0,4,1,2,1,5,2,0,0,0,1,2,0,Exploits,1
1535,0.290157,tcp,ssh,CON,12,8,128.0,204.0,1.395,128,254,2429.569,386.512,1,0,1.229,16.298,5.337,5.086,0,3990468082,1669543077,0,0.095129,0.008008,0.013781,124.3,75.3,0,63.0,6,4,2,1,1,3,0,0,0,2,3,0,Normal,0
1536,0.012006,tcp,ssh,FIN,7,8,523.0,277.0,34.321,62,254,994.943,180.254,1,2,6.882,1.807,6.911,0.493,0,4238220030,1085072432,0,0.007734,0.016767,0.005428,115.5,17.7,3,181.0,4,2,2,2,1,4,0,1,0,2,3,0,Normal,0
1537,0.240048,tcp,ftp,FIN,25,13,1532.0,566.0,31.024,128,62,2298.573,169.918,2,1,5.975,12.406,8.198,1.543,0,1789492835,3826706171,255,0.087131,0.003664,0.00125,104.7,7.6,0,142.0,2,1,3,2,1,3,0,0,2,4,4,0,Exploits,1
1538,0.27375,udp,ftp,INT,29,10,3434.0,486.0,2.605,31,254,1408.48,768.864,2,1,29.195,14.92,1.129,7.996,255,817831018,1887982467,0,0.03075,0.02537,0.020425,90.0,1.3,0,30.0,2,2,1,2,2,1,0,0,0,1,4,1,Exploits,1
1539,3.522437,tcp,smtp,ECO,34,9,2760.0,40.0,40.962,62,62,142.266,970.879,1,1,3.55,14.735,8.2,0.889,255,2262062163,3779236976,0,0.289551,0.091582,0.004526,24.9,70.6,0,490.0,0,2,5,2,3,1,0,0,0,3,1,0,Fuzzers,1
1540,0.524349,tcp,-,REQ,13,7,725.0,328.0,96.615,31,128,2043.683,487.209,1,0,5.638,2.135,2.276,1.658,0,3686784242,3846865500,255,0.094765,0.00214,0.002932,67.4,76.3,0,436.0,2,0,3,2,3,2,0,0,0,2,1,0,Normal,0
1541,0.10851,tcp,ftp,RST,27,4,1529.0,392.0,165.04,254,62,948.313,272.853,0,2,18.715,17.783,5.043,3.698,255,55113964,3009872778,0,0.020655,0.008476,0.062341,80.4,70.7,0,222.0,4,2,2,2,5,1,0,0,0,3,0,0,Fuzzers,1
1542,0.29231,tcp,smtp,CON,4,6,1183.0,15.0,13.352,31,31,1500.529,202.817,2,1,11.033,12.762,1.265,0.877,0,3905868016,3394942023,0,0.039271,0.018509,0.021688,78.5,16.3,0,87.0,7,1,1,2,1,3,0,0,0,3,3,0,Normal,0
1543,0.064654,arp,http,INT,12,12,463.0,106.0,21.983,254,31,1680.189,1089.542,2,0,5.535,3.263,8.234,2.868,0,227920978,1203595256,255,0.031786,0.058161,0.022855,45.9,15.9,0,89.0,2,2,2,0,5,4,0,0,0,2,2,0,Normal,0
1544,1.082302,tcp,ftp,INT,13,5,65.0,165.0,47.047,62,31,128.905,1097.924,2,0,1.646,13.155,0.415,0.949,255,331550396,4069774740,0,0.026711,0.044251,0.027336,45.7,240.8,0,277.0,2,3,3,5,4,1,0,0,0,2,7,0,Normal,0
1545,1.098138,tcp,dhcp,FIN,8,7,625.0,41.0,62.266,31,62,1672.654,22.206,2,0,9.048,5.692,7.381,4.717,255,3444713300,1165849511,0,0.060515,0.000896,0.010361,55.9,143.2,0,67.0,3,2,3,2,1,4,0,0,0,2,5,0,Normal,0
1546,0.800311,tcp,ftp,REQ,4,6,119.0,169.0,21.449,62,254,1454.893,214.868,2,0,7.236,31.26,0.645,4.815,255,3868168582,3167889627,255,0.107241,0.002472,0.010943,58.1,51.9,0,100.0,3,0,1,2,3,3,0,0,0,4,2,0,Normal,0
1547,0.178726,icmp,dhcp,INT,12,6,23.0,761.0,21.892,128,254,607.684,717.62,0,2,5.904,3.609,1.884,6.283,0,2978654205,3818783086,255,0.062264,0.002559,0.042108,58.0,19.3,0,106.0,4,6,2,0,1,3,0,0,0,4,2,1,Normal,0
1548,0.027644,icmp,dhcp,INT,35,6,1414.0,187.0,14.569,254,254,3496.121,382.801,1,3,3.942,3.544,0.488,0.615,255,4284608375,127019387,0,0.026493,0.043,0.013607,108.3,128.3,0,345.0,2,2,0,2,4,0,0,0,0,2,5,0,Exploits,1
1549,0.219138,tcp,ssh,REQ,13,14,208.0,748.0,72.237,128,254,943.2,2080.496,0,1,8.132,5.185,12.474,2.286,0,2038754361,1149624704,255,0.001334,0.026653,0.047617,19.7,5.4,0,324.0,1,0,2,2,0,0,0,0,0,4,3,0,Normal,0
1550,1.142207,tcp,http,FIN,13,10,334.0,49.0,38.747,62,254,1458.9,1529.808,0,0,3.41,8.168,5.857,1.02,255,2424189166,1667529470,255,0.053402,0.003817,0.002911,21.7,35.4,0,79.0,5,1,2,2,1,1,0,0,0,2,3,0,Normal,0
1551,0.992819,tcp,http,ECO,9,10,306.0,1084.0,56.991,31,254,192.888,930.478,4,3,4.369,2.817,0.307,2.486,0,1565766143,975700847,255,0.000923,0.017199,0.021243,61.1,44.9,0,211.0,3,2,2,1,1,3,0,0,0,1,4,0,Normal,0
1552,0.080601,tcp,dhcp,CON,4,7,174.0,261.0,17.726,62,62,516.975,1137.421,4,0,11.254,0.242,8.208,0.688,255,1328183541,1867069630,255,0.071994,0.032573,0.060878,186.8,13.6,0,222.0,4,0,2,1,2,0,0,0,2,0,6,0,Normal,0
1553,0.516823,udp,-,RST,16,9,877.0,27.0,48.622,62,254,381.345,13.905,1,2,1.302,3.195,6.177,1.024,0,1374401822,3428143764,0,0.164536,0.002193,0.005519,55.0,51.9,0,1.0,1,3,1,2,0,2,0,0,0,5,1,0,Normal,0
1554,0.28999,tcp,smtp,RST,12,7,507.0,110.0,3.384,128,128,1320.754,1688.821,1,0,7.687,30.176,2.845,1.81,0,1761989287,1829749486,255,0.134169,0.023223,0.00951,24.9,170.8,0,215.0,1,2,1,0,4,2,0,0,0,1,1,0,Normal,0
1555,0.528131,tcp,smtp,FIN,7,10,588.0,718.0,0.526,254,31,108.416,45.966,1,1,8.643,8.327,6.162,1.42,255,3513951021,734370585,255,0.02148,0.0053,0.001272,149.1,117.6,0,60.0,5,0,0,1,3,1,0,0,0,2,2,0,Normal,0
1556,0.547683,tcp,pop3,CON,34,6,1145.0,1418.0,69.853,254,254,231.437,95.598,2,2,5.978,22.946,3.791,0.128,255,4291846772,942877863,255,0.048587,0.050132,0.087413,7.9,124.8,0,17.0,3,1,2,1,1,1,0,0,1,2,2,0,Exploits,1
1557,0.048719,tcp,dhcp,INT,24,6,1203.0,232.0,174.097,31,254,4356.933,1952.006,0,0,13.174,4.732,5.545,2.68,0,1670808518,2622970826,0,0.053424,0.0261,0.013394,0.4,28.2,1,324.0,6,3,2,4,2,1,0,0,0,0,6,0,Reconnaissance,1
1558,0.246898,tcp,ftp,RST,16,8,567.0,245.0,92.1,31,254,183.826,4152.843,0,1,6.895,10.436,15.729,1.304,255,2790458184,2437908353,255,0.025431,0.035742,0.02204,185.3,33.9,1,334.0,8,2,2,2,3,2,0,0,0,2,1,0,Normal,0
1559,0.113861,tcp,smtp,REQ,28,7,327.0,91.0,2.227,128,254,1592.311,953.36,1,1,18.072,11.827,11.513,5.342,0,2300463765,895281744,0,0.017478,0.003493,0.003148,14.9,71.6,0,41.0,1,0,3,2,4,1,0,0,0,1,6,1,Generic,1
1560,0.372287,tcp,ssh,INT,28,2,908.0,780.0,27.852,128,254,657.433,350.741,0,3,3.609,14.847,7.767,4.699,0,3692120427,446964137,255,0.019388,0.005754,0.080366,22.2,307.3,0,746.0,3,4,3,3,2,2,0,0,2,2,3,0,DoS,1
1561,0.078686,tcp,dhcp,ECO,26,8,2538.0,481.0,71.896,31,254,123.216,119.49,1,1,1.868,10.909,11.675,7.411,0,2073824533,3758368265,255,0.030883,0.02223,0.006079,83.8,65.6,0,250.0,4,3,5,4,2,0,0,0,0,1,1,0,Worms,1
1562,0.181777,tcp,smtp,INT,24,8,3441.0,200.0,19.291,128,128,384.116,771.67,0,0,0.044,3.048,0.23,2.169,255,3053738141,3336753266,255,0.100391,0.005294,0.031061,12.6,50.3,0,252.0,4,1,0,2,1,5,0,0,0,1,3,0,Generic,1
1563,0.226661,arp,-,ECO,33,11,2146.0,2172.0,14.508,254,31,1434.875,39.945,1,0,5.476,3.294,0.637,6.05,255,1165817020,3091469568,0,0.032181,0.035354,0.003561,79.3,7.1,1,171.0,0,2,3,2,3,3,0,0,1,2,4,1,DoS,1
1564,0.270297,tcp,dhcp,RST,22,4,101.0,186.0,6.527,31,254,39.326,908.094,2,1,23.837,2.438,0.822,1.962,0,1567663005,1017370613,0,0.116746,0.033806,0.023636,25.0,276.6,1,413.0,3,2,1,4,5,4,0,0,0,5,1,1,Reconnaissance,1
1565,0.806812,tcp,smtp,CON,27,6,177.0,364.0,0.943,31,254,1335.367,26.037,0,2,13.988,5.266,2.787,8.902,255,1747190380,662646084,255,0.010319,0.016087,0.005052,211.5,71.4,0,168.0,1,1,2,3,0,3,0,0,1,2,5,0,Fuzzers,1
1566,0.004716,tcp,http,INT,10,4,104.0,112.0,128.486,62,254,756.043,640.872,2,4,4.186,1.051,6.582,0.203,0,2708548581,680956537,0,0.036546,0.000856,0.037863,138.7,98.1,0,33.0,1,0,1,0,4,2,0,1,0,2,6,0,Normal,0
1567,1.121563,udp,http,FIN,11,6,130.0,509.0,79.499,128,128,341.272,165.564,0,0,0.802,10.367,0.296,1.507,0,1517582697,1423585203,255,0.025586,0.011901,0.029545,247.5,197.5,0,379.0,0,2,3,2,3,1,0,0,0,1,2,0,Normal,0
1568,0.364723,icmp,http,CON,9,9,458.0,419.0,60.284,31,31,371.896,572.944,2,1,4.398,0.965,10.548,1.126,255,348103664,1851646834,0,0.00093,0.006086,0.007257,270.1,51.1,2,235.0,1,1,0,1,0,2,1,0,0,2,2,0,Normal,0
1569,0.476784,udp,ssh,FIN,15,11,313.0,82.0,209.909,254,62,2263.308,948.686,1,0,6.706,3.627,5.907,0.585,255,4076152788,620597161,0,0.041611,0.005669,0.007094,18.2,66.7,1,79.0,3,2,1,1,1,0,0,0,0,1,2,0,Normal,0
1570,0.067511,udp,dhcp,FIN,7,9,206.0,33.0,58.984,128,31,716.103,1183.857,0,0,10.392,30.154,3.826,1.796,255,3192623519,340067326,255,0.004687,0.026287,0.01606,407.1,151.8,0,475.0,7,0,1,1,1,1,0,0,0,1,1,0,Normal,0
1571,0.45509,udp,dns,FIN,14,6,95.0,59.0,48.884,62,62,281.258,94.872,1,1,2.765,4.883,3.273,1.922,255,2322408753,2316932976,0,0.003117,0.006868,0.015935,9.0,84.2,1,15.0,2,2,2,2,1,3,0,0,0,2,1,0,Normal,0
1572,0.252087,tcp,-,RST,26,5,1573.0,198.0,77.023,31,62,1465.435,959.863,1,4,10.456,43.3,5.245,0.216,0,1339381979,2638365601,0,0.039731,0.007894,0.004923,1.0,55.3,0,37.0,4,2,1,3,0,1,0,0,0,0,2,0,Generic,1
1573,0.072804,icmp,dhcp,INT,24,10,4716.0,722.0,70.27,254,62,402.052,3123.189,0,0,0.489,17.556,0.282,3.834,255,2394110060,2496720896,255,0.00107,0.010779,0.032532,12.3,28.3,0,188.0,9,3,2,3,1,2,0,0,0,3,3,1,Generic,1
1574,0.485209,udp,ssh,INT,21,4,2524.0,1056.0,91.497,62,128,1037.845,42.3,1,0,0.557,0.558,3.143,7.298,0,1439887687,2864565538,0,0.000146,0.0062,0.02432,39.1,13.2,1,72.0,1,3,2,0,2,1,0,0,0,4,6,0,Fuzzers,1
1575,0.075107,tcp,smtp,RST,15,13,211.0,124.0,11.07,31,128,814.336,1643.585,1,1,3.406,5.833,0.992,3.572,255,3330983230,1623129046,0,0.026815,0.012439,0.010751,215.2,10.1,1,8.0,2,0,0,4,2,2,0,0,0,0,2,0,Normal,0
1576,0.079061,tcp,-,RST,8,5,799.0,631.0,165.69,254,31,595.574,1197.288,0,1,4.51,22.848,11.1,2.172,0,3609748110,1145476095,255,0.022124,0.05854,0.009413,281.6,18.9,1,123.0,3,2,1,1,3,4,0,0,0,2,3,0,Normal,0
1577,1.83319,tcp,dhcp,REQ,19,8,3716.0,973.0,9.598,62,128,1072.315,831.445,1,2,3.028,6.266,4.016,10.297,255,983880640,2090993738,0,0.106015,0.006404,0.008069,308.8,53.1,0,115.0,6,4,0,1,0,1,1,1,1,1,4,0,Fuzzers,1
1578,0.36168,tcp,-,INT,34,9,836.0,108.0,12.396,31,254,809.293,310.635,1,2,10.055,16.069,0.679,14.295,255,1483963082,144759730,255,0.075137,0.11726,0.0489,97.1,117.9,0,11.0,1,2,1,4,3,2,0,0,0,1,1,0,Fuzzers,1
1579,0.820424,udp,smtp,REQ,35,11,3939.0,2480.0,38.433,128,31,2134.298,1277.874,1,1,27.13,1.974,4.92,10.255,255,4034921352,217464630,255,0.037061,0.016819,0.004813,44.6,70.6,1,12.0,2,6,3,1,2,1,0,0,0,1,4,0,Shellcode,1
1580,0.03442,tcp,smtp,INT,22,11,1176.0,752.0,19.466,254,62,1002.148,5992.491,2,2,12.042,3.66,16.408,2.113,255,1136499716,1045561429,255,0.053182,0.001463,0.005757,18.1,137.7,0,572.0,5,3,2,2,4,3,0,1,0,2,4,0,DoS,1
1581,0.255213,udp,smtp,INT,28,7,8026.0,112.0,1.479,128,254,345.922,349.609,0,1,2.253,14.166,2.469,1.523,0,1523485902,1459591506,0,0.009727,0.001218,0.001221,17.2,249.1,1,95.0,4,1,2,3,2,3,0,0,0,3,4,0,DoS,1
1582,0.06025,ospf,smtp,CON,14,14,554.0,477.0,8.868,62,128,7376.494,431.673,2,0,1.19,7.264,3.339,6.606,255,412351068,2950035845,0,0.026726,0.011819,0.04665,41.7,74.8,0,191.0,3,1,2,0,2,4,0,0,1,6,2,0,Normal,0
1583,0.101079,tcp,dns,CON,10,11,249.0,239.0,46.686,62,128,637.442,496.589,1,0,7.472,17.69,3.739,4.524,0,1182699687,3503032094,255,0.025384,0.006543,0.001063,69.8,33.5,0,544.0,5,1,2,2,0,3,0,0,0,2,1,0,Normal,0
1584,0.731434,tcp,smtp,CON,11,8,1651.0,32.0,27.639,31,254,798.554,56.196,2,5,6.261,10.332,0.445,6.352,0,489186137,815982767,255,0.251497,0.030112,0.024286,3.1,133.1,0,277.0,2,6,1,1,4,0,1,0,0,1,3,1,Normal,0
1585,0.239125,udp,ftp,REQ,33,4,229.0,131.0,162.103,62,31,289.369,280.248,2,0,7.445,5.785,2.836,1.965,255,2788690429,4031471006,255,0.156932,0.044678,0.017221,137.4,81.4,0,38.0,2,1,2,1,1,2,0,0,1,0,3,0,Generic,1
1586,2.707908,udp,dns,RST,25,7,520.0,7.0,27.133,62,128,218.729,144.374,2,3,1.004,10.769,0.383,0.113,255,3730856385,188447828,255,0.008175,0.005563,0.014871,157.8,3.9,1,155.0,3,0,1,2,0,3,0,0,0,2,2,0,Reconnaissance,1
1587,0.045648,tcp,ssh,INT,10,11,692.0,409.0,23.745,254,31,357.433,758.121,0,1,3.251,14.142,2.836,0.768,0,806371994,552971251,0,0.004015,0.007007,0.015362,61.0,31.1,0,613.0,7,1,1,5,0,1,0,0,0,2,3,0,Normal,0
1588,0.263243,tcp,ssh,FIN,19,4,2311.0,36.0,96.085,254,31,1805.89,548.0,1,2,1.007,9.62,1.12,5.692,255,2330195243,3383466401,255,0.003411,0.013019,0.006483,158.9,24.9,0,329.0,2,3,2,0,2,3,0,0,1,3,3,0,Generic,1
1589,0.15544,udp,http,REQ,6,8,551.0,167.0,65.738,254,62,2377.805,2304.738,2,0,10.565,37.375,11.115,1.64,0,1981901930,2072847032,255,0.099545,0.019917,0.009298,276.6,4.3,0,36.0,2,2,2,0,2,1,0,0,0,0,3,0,Normal,0
1590,0.139564,icmp,dhcp,ECO,7,11,144.0,9.0,5.315,31,62,375.873,2800.893,0,1,10.221,20.399,0.316,2.837,0,3942158156,1702931478,255,0.004396,0.012729,0.01039,144.6,36.5,1,107.0,4,0,0,1,4,2,0,2,0,0,2,0,Normal,0
1591,0.122441,tcp,-,REQ,11,8,581.0,250.0,54.442,62,128,602.804,273.641,0,2,0.587,5.265,2.885,14.086,0,2163411925,3588962189,0,0.019011,0.013916,0.014625,102.4,80.8,0,336.0,4,5,0,3,0,2,0,1,1,1,4,0,Normal,0
1592,0.457315,tcp,ftp,FIN,12,14,119.0,80.0,160.084,254,254,60.589,1974.982,0,2,0.934,0.682,6.071,1.899,255,4100323999,2893705337,255,0.01574,0.029889,0.013071,32.2,40.2,0,213.0,0,2,0,2,2,6,0,0,0,1,4,0,Normal,0
1593,0.124372,ospf,ftp,FIN,23,10,1291.0,83.0,113.387,254,254,1781.735,1481.682,0,2,10.306,6.613,7.239,10.13,0,439141663,907877083,0,0.021068,0.021683,0.015238,185.8,182.8,0,149.0,3,1,2,2,2,3,0,0,0,1,4,0,Analysis,1
1594,0.523612,tcp,ftp,REQ,11,6,342.0,0.0,61.293,128,62,1586.816,3873.3,3,1,5.199,13.917,4.815,0.025,255,1095639451,3797081621,255,0.025193,0.016327,0.002411,328.4,137.5,1,8.0,4,5,1,2,0,2,0,0,0,4,2,0,Normal,0
1595,0.249611,tcp,ftp,ECO,31,11,2392.0,1468.0,133.868,128,62,17.305,455.328,2,0,43.937,2.999,2.5,3.592,0,2241039037,1989960556,0,0.00235,0.078954,0.002417,71.1,77.4,1,75.0,2,0,0,2,0,0,0,0,1,1,6,0,Fuzzers,1
1596,0.488844,tcp,ftp,FIN,40,10,2309.0,102.0,26.041,128,254,1249.683,110.739,1,2,15.96,0.279,3.057,3.987,0,3707374490,1706771497,255,0.008911,0.004848,0.019425,33.8,28.3,0,343.0,4,1,6,3,2,3,0,0,0,3,3,0,Generic,1
1597,0.102881,tcp,dns,RST,11,6,844.0,402.0,38.655,31,31,341.463,56.858,0,0,5.491,8.43,3.377,6.798,0,3298898447,656501034,255,0.104001,0.026916,0.034749,11.9,63.6,0,12.0,1,0,1,1,1,2,0,0,0,4,4,0,Normal,0
1598,1.20662,tcp,pop3,RST,8,8,459.0,483.0,203.03,128,31,3786.949,460.88,2,1,2.553,8.222,6.863,1.461,0,1922608079,1719788243,0,0.026455,0.005984,0.028622,458.8,34.8,0,70.0,3,4,2,2,2,2,0,1,1,1,2,0,Normal,0
1599,0.802241,udp,pop3,FIN,30,9,1169.0,293.0,76.847,31,128,44.076,1018.166,1,0,20.413,5.089,12.985,5.597,255,2630331630,2012242405,255,0.004853,0.00817,0.029594,57.5,363.5,0,26.0,1,3,2,3,2,3,0,0,0,3,3,0,Fuzzers,1
1600,0.409389,udp,ftp,CON,9,6,1974.0,214.0,57.902,254,62,923.973,512.818,1,2,8.412,4.048,1.104,14.87,255,2941007437,3898702409,255,0.029736,0.000803,0.016332,63.6,40.2,1,115.0,2,4,0,1,3,0,0,0,0,1,3,0,Normal,0
1601,0.874071,tcp,ftp,FIN,27,9,2751.0,403.0,20.74,31,62,996.356,177.578,0,0,2.248,13.428,0.892,0.308,255,3646206339,1015935404,255,0.01644,0.009819,0.013246,41.1,140.1,0,28.0,1,1,3,2,0,3,0,2,0,1,2,0,Reconnaissance,1
1602,0.379226,tcp,ssh,REQ,9,9,1387.0,341.0,149.656,254,128,1315.031,81.159,1,2,3.64,2.165,0.673,6.99,255,2597889128,2641680581,255,0.024511,0.03689,0.011715,111.4,236.4,0,45.0,4,2,1,0,2,2,0,1,1,1,3,0,Normal,0
1603,0.003413,tcp,-,CON,28,4,1447.0,62.0,28.989,254,62,512.004,244.471,2,1,6.256,2.462,1.377,5.013,255,2740989129,3710750487,0,0.134291,0.011471,0.022666,37.9,61.2,2,45.0,4,2,1,2,2,4,0,0,0,3,3,0,Generic,1
1604,0.359986,udp,dns,ECO,37,6,1540.0,19.0,76.41,254,254,79.53,125.343,0,2,6.69,25.208,4.996,12.165,0,1299863244,437856210,255,0.010574,0.009242,0.025356,306.5,36.0,0,225.0,2,2,1,4,1,1,0,0,0,3,1,0,Fuzzers,1
1605,0.248748,udp,http,FIN,14,7,85.0,275.0,108.733,254,31,788.694,1341.3,0,0,0.306,5.707,6.572,3.567,0,2552560911,2439456547,255,0.055112,0.00335,0.001137,43.7,22.0,1,159.0,5,2,1,1,1,5,0,1,0,2,2,0,Normal,0
1606,0.233325,udp,smtp,REQ,13,5,449.0,188.0,88.375,128,62,648.949,317.069,1,0,1.584,16.088,2.771,2.826,255,609690653,2863462213,255,0.047639,0.017485,0.001008,279.9,15.4,0,103.0,3,1,2,1,3,1,0,0,0,1,2,1,Normal,0
1607,0.612377,udp,-,RST,28,8,2759.0,476.0,1.975,254,31,840.975,103.626,0,0,8.471,16.971,0.469,3.083,255,2606420812,2940742117,255,0.002574,0.004608,0.002549,59.7,25.5,0,21.0,1,0,1,2,2,4,0,0,1,4,4,0,Analysis,1
1608,0.081081,icmp,pop3,CON,6,12,1725.0,180.0,22.704,128,31,390.851,15.372,0,2,15.499,7.936,6.163,1.797,255,1766445099,596764834,255,0.013944,0.048512,0.004897,638.4,10.0,1,86.0,3,1,2,2,2,0,0,0,0,1,1,0,Normal,0
1609,1.302391,udp,ftp,CON,15,5,152.0,42.0,116.857,62,128,98.419,1023.311,2,1,2.946,2.543,0.014,9.9,0,3165184371,2996557224,255,0.009439,0.005525,0.019944,150.3,60.5,0,48.0,4,0,1,7,3,3,0,0,0,1,5,0,Normal,0
1610,0.604245,tcp,smtp,RST,13,5,198.0,193.0,17.751,254,128,966.918,727.309,2,1,0.527,0.839,3.979,4.214,0,840364903,1371653347,0,0.01299,0.021426,0.00615,151.2,57.2,0,177.0,4,2,0,6,5,1,0,0,0,3,4,0,Normal,0
1611,0.337057,arp,smtp,FIN,12,8,36.0,91.0,200.614,62,128,873.105,485.853,0,2,3.25,9.075,5.335,2.088,0,8067348,3201425664,255,0.045548,0.049814,0.010156,90.0,24.5,0,103.0,2,3,1,4,1,6,0,0,1,2,2,0,Normal,0
1612,0.204639,icmp,dns,INT,32,12,349.0,319.0,26.109,254,254,455.675,596.904,1,0,9.518,6.06,1.879,1.827,0,459617633,912904853,255,0.031748,0.043532,0.01395,110.5,31.0,1,330.0,3,1,2,2,3,0,0,0,0,2,1,0,Exploits,1
1613,1.122885,tcp,dns,CON,38,8,3459.0,11.0,13.35,62,128,167.04,538.029,1,1,9.265,2.786,3.399,0.032,0,3176811039,3046976217,255,0.05889,0.061466,0.002887,78.0,65.5,0,279.0,2,4,2,0,1,1,0,0,0,1,2,0,Exploits,1
1614,0.17565,tcp,ftp,FIN,13,9,6.0,462.0,10.467,62,128,1546.724,1362.939,5,2,2.43,1.958,20.092,3.901,255,1628031456,3521675724,255,0.098036,0.011289,0.033913,1.5,126.4,0,103.0,1,2,4,0,4,2,0,0,0,3,4,0,Normal,0
1615,2.1134,udp,pop3,INT,38,10,2552.0,308.0,4.861,254,254,1166.121,291.07,2,0,5.366,17.723,11.346,1.747,0,1562768715,393712084,0,0.032681,0.009202,0.049087,40.3,30.8,1,319.0,5,2,2,3,3,4,0,2,0,0,1,0,Fuzzers,1
1616,0.453881,tcp,smtp,INT,10,4,558.0,103.0,5.961,62,128,392.829,65.258,0,1,7.359,13.216,11.83,0.434,0,251730084,2899477941,255,0.022014,0.005504,0.013637,73.6,47.1,2,101.0,1,3,2,3,2,3,0,0,0,2,3,0,Normal,0
1617,1.403763,udp,http,INT,9,5,1544.0,257.0,10.911,254,62,905.814,279.237,1,2,13.823,4.351,7.592,7.792,0,282899161,2739009587,255,0.012302,0.021668,0.011503,18.5,101.6,1,362.0,3,0,1,1,1,3,0,0,0,2,2,0,Normal,0
1618,0.161917,tcp,ftp,RST,37,4,2431.0,1601.0,181.043,254,62,1250.418,475.066,1,1,14.063,8.683,3.074,4.17,255,741898519,3056886090,0,0.133264,0.010752,0.048751,272.0,9.6,2,17.0,5,3,1,5,0,2,0,0,0,1,4,0,Generic,1
1619,1.460843,tcp,dns,FIN,33,6,900.0,8.0,15.353,31,31,222.883,856.077,0,2,0.045,1.883,5.51,0.93,0,571515347,3304540058,255,0.067402,0.020167,0.04771,143.4,32.3,1,108.0,0,3,1,0,4,1,0,1,1,2,5,0,Shellcode,1
1620,0.930932,tcp,pop3,INT,11,11,609.0,410.0,28.325,254,62,312.999,470.996,1,1,52.801,12.648,0.828,0.02,0,506199998,445006421,255,0.077137,0.024041,0.001564,61.6,49.6,0,113.0,5,1,6,2,0,1,0,0,0,0,4,0,Normal,0
1621,0.079476,icmp,dhcp,CON,6,6,130.0,192.0,87.944,31,62,2278.79,194.525,1,0,0.158,29.909,0.659,2.195,255,2950343831,1232857285,255,0.040617,0.047872,0.026585,48.1,13.1,0,57.0,5,2,5,1,2,2,0,0,0,1,1,0,Normal,0
1622,0.845637,tcp,dns,RST,9,9,312.0,462.0,41.213,31,62,905.174,1218.156,0,1,15.173,4.411,8.914,7.015,0,2984915715,2896339546,255,0.056904,0.015734,0.002658,96.9,198.2,1,157.0,1,2,1,0,1,3,0,0,0,1,2,1,Normal,0
1623,0.526646,udp,dns,REQ,21,10,1627.0,56.0,13.831,128,62,1331.055,1643.024,0,1,31.099,3.736,7.847,3.796,255,3964379112,1958941662,0,0.037823,0.002611,0.009939,215.2,80.6,0,0.0,5,1,3,0,2,2,0,0,0,3,3,0,Fuzzers,1
1624,0.014309,tcp,http,RST,19,6,88.0,48.0,19.979,31,62,2361.679,140.539,1,2,3.824,4.443,1.788,5.475,0,363195482,1338053101,255,0.001593,0.022005,0.006393,102.3,202.8,0,242.0,3,2,1,2,1,3,0,0,0,0,0,0,Normal,0
1625,1.286451,tcp,smtp,FIN,6,8,436.0,22.0,45.588,62,31,1185.44,179.007,1,0,38.239,1.737,3.895,3.481,255,2900409175,826641976,0,0.042447,0.005124,0.028028,36.0,36.2,0,452.0,1,6,2,1,4,3,0,0,0,1,1,0,Normal,0
1626,0.101652,tcp,http,INT,33,9,672.0,278.0,10.559,62,128,318.091,370.686,2,0,13.74,24.422,7.552,1.576,0,906326424,3450901005,255,0.126137,0.042821,0.003613,9.1,15.1,0,119.0,2,4,4,6,1,5,0,0,0,5,5,0,Exploits,1
1627,0.031461,tcp,pop3,FIN,7,5,30.0,45.0,142.362,254,254,1352.109,305.621,1,2,14.924,0.763,5.736,4.986,0,3978636448,4072926316,255,0.005584,0.064679,0.002046,104.0,39.7,0,80.0,3,4,1,2,5,2,0,1,0,3,4,0,Normal,0
1628,0.035408,udp,smtp,CON,11,6,28.0,266.0,56.061,254,31,39.901,497.533,3,1,2.246,14.471,11.306,9.575,0,4031240354,1104304133,0,0.003222,0.001662,0.015317,547.5,25.5,0,686.0,3,1,1,2,1,1,0,0,1,5,5,0,Normal,0
1629,0.067181,udp,http,ECO,14,5,359.0,637.0,8.316,254,62,704.583,1006.115,1,1,25.674,2.826,2.485,3.707,255,1716151369,1097566715,0,0.037952,0.007606,0.000212,24.8,29.1,0,53.0,0,1,1,0,2,3,0,0,0,2,4,0,Normal,0
1630,0.861366,tcp,dhcp,RST,18,5,175.0,383.0,181.382,62,128,128.715,1361.386,0,2,3.958,9.88,9.556,1.859,255,1503720885,4235244816,0,0.022584,0.018632,0.026538,171.9,315.3,1,19.0,2,4,2,2,3,0,0,0,0,4,4,0,Normal,0
1631,0.466565,tcp,pop3,FIN,16,8,1233.0,52.0,56.313,31,254,689.274,768.161,3,0,45.515,2.283,5.12,17.015,255,3971178048,1405710041,0,0.016128,0.017674,0.030189,5.9,24.3,0,181.0,1,2,4,4,3,2,0,0,0,1,3,1,Normal,0
1632,0.462571,udp,ftp,INT,33,10,3661.0,302.0,277.355,31,62,1178.665,2278.854,0,3,4.624,19.592,3.048,0.999,255,3957910507,1534192417,255,0.026242,0.014323,0.03629,68.3,36.4,0,45.0,2,2,1,2,1,0,0,0,0,2,0,0,DoS,1
1633,0.00337,udp,-,ECO,34,7,2844.0,439.0,20.901,31,62,289.589,477.152,1,2,2.857,19.359,3.737,1.393,255,2733522510,1460073642,0,0.025882,0.013976,0.007505,235.7,36.1,0,769.0,3,3,1,0,0,5,0,0,0,2,1,0,Generic,1
1634,0.337162,tcp,ftp,CON,32,9,329.0,278.0,267.061,62,31,1556.48,987.393,1,1,1.473,24.462,1.159,6.451,0,966910052,1003165472,255,0.041808,0.010249,0.077324,32.8,37.5,1,122.0,5,2,2,2,1,3,0,0,0,3,4,0,Exploits,1
1635,0.70955,udp,dns,RST,30,7,1383.0,134.0,28.615,128,254,816.816,1075.528,0,0,14.32,9.574,3.465,4.817,0,3466084870,173429236,0,0.084616,0.001737,0.008849,42.2,11.9,0,108.0,3,2,4,1,1,1,0,0,0,3,4,0,Backdoor,1
1636,0.261831,tcp,dns,CON,9,6,992.0,939.0,17.715,254,31,1423.916,2092.261,0,3,10.761,13.9,0.321,15.698,255,1943858551,1368642862,0,0.098227,0.016032,0.068573,60.5,56.6,0,108.0,1,2,0,1,2,2,0,1,1,4,3,0,Normal,0
1637,0.127062,tcp,pop3,INT,9,10,1197.0,90.0,49.965,31,128,800.831,125.916,0,1,0.504,12.578,2.572,5.664,0,3417221046,3676629700,0,0.055669,0.000784,0.004363,11.4,27.4,0,602.0,1,2,0,0,3,3,0,0,1,4,6,0,Normal,0
1638,0.229319,udp,dhcp,ECO,37,10,1024.0,239.0,78.682,128,62,448.33,955.806,2,2,7.646,6.654,0.15,0.524,255,2735187661,3921900351,0,0.02097,0.067834,0.004714,66.6,27.8,0,346.0,3,2,2,0,2,1,0,0,1,1,2,0,Reconnaissance,1
1639,0.635851,udp,ssh,RST,10,6,916.0,249.0,59.142,128,62,1212.047,457.067,1,1,23.519,6.531,5.965,20.804,255,1522073878,769641753,255,0.112915,0.069168,0.00974,95.2,151.2,1,44.0,1,2,4,2,4,3,0,0,0,2,4,1,Normal,0
1640,0.040939,udp,pop3,CON,38,9,733.0,1386.0,35.369,254,128,2190.429,11.523,0,0,0.842,11.59,3.464,2.8,255,1881769508,4214052920,0,0.01806,0.02526,0.116294,65.8,54.6,0,274.0,1,0,1,0,1,2,0,0,1,2,2,0,Exploits,1
1641,0.068006,tcp,http,FIN,22,10,1609.0,463.0,9.136,31,62,818.138,1567.568,1,1,7.475,27.415,0.729,15.409,0,3488726402,2623783303,0,0.009096,0.010362,0.004216,215.4,129.1,0,53.0,2,3,3,3,2,2,0,0,1,2,5,0,Exploits,1
1642,0.093385,tcp,http,CON,11,6,861.0,379.0,93.601,128,31,1443.259,402.341,2,0,3.393,22.237,0.667,0.5,0,576169643,3178047251,0,0.08414,0.072475,0.002385,65.0,174.4,0,28.0,2,1,3,0,3,2,0,0,0,3,3,0,Normal,0
1643,0.051284,udp,dhcp,INT,5,5,1535.0,300.0,105.963,62,254,378.156,645.488,1,1,10.996,54.119,2.621,0.815,0,4221875726,736654686,0,0.02845,0.016231,0.0197,93.2,123.6,1,54.0,0,1,3,4,2,2,0,0,0,2,4,0,Normal,0
1644,0.578168,tcp,smtp,FIN,10,3,82.0,274.0,28.416,31,31,1236.507,1450.775,1,0,4.614,2.717,0.011,0.319,255,58789478,3682177998,0,0.066264,0.004624,0.052786,245.5,45.0,1,15.0,1,0,0,2,2,2,0,0,0,1,3,0,Normal,0
1645,0.028113,tcp,http,ECO,6,7,118.0,952.0,58.106,62,128,894.913,1554.98,0,0,16.05,12.241,3.98,2.558,0,961322974,2400578967,0,0.055529,0.052374,0.03619,89.3,46.3,0,16.0,1,2,1,1,2,3,0,0,1,4,1,0,Normal,0
1646,0.26395,udp,pop3,FIN,12,9,566.0,1028.0,38.71,62,254,331.802,46.954,0,4,23.355,0.362,0.181,4.389,0,2207747869,255823,255,0.024697,0.041003,0.042986,136.2,40.7,1,562.0,4,7,3,2,2,5,0,0,0,1,6,0,Normal,0
1647,0.346256,tcp,http,REQ,14,10,998.0,687.0,4.54,31,128,197.367,171.064,1,0,14.295,2.587,2.025,4.525,255,636656952,259913152,0,0.05964,0.03258,0.000783,47.8,84.3,1,39.0,1,2,1,0,3,0,0,0,0,2,1,0,Normal,0
1648,0.371656,tcp,pop3,ECO,30,6,2453.0,262.0,24.942,62,128,1135.378,161.899,1,2,17.154,5.706,0.671,7.952,255,967473290,3273124980,0,0.033888,0.014575,0.031481,131.1,500.9,0,306.0,1,3,3,1,2,2,0,1,0,1,6,0,Fuzzers,1
1649,0.085609,tcp,dhcp,INT,30,6,2556.0,931.0,34.151,62,254,166.243,1243.466,2,0,4.281,21.545,0.77,2.091,255,2464877546,649807482,255,0.031869,0.00833,0.003989,47.1,67.1,3,85.0,0,1,0,1,1,2,0,0,0,3,3,0,Reconnaissance,1
1650,0.554145,icmp,dns,REQ,33,6,914.0,10.0,3.555,31,31,768.025,570.258,2,3,3.534,14.317,1.833,0.684,255,4079012136,1278530724,255,0.021778,0.018454,0.011385,226.2,35.7,1,340.0,3,1,4,0,2,1,0,0,0,2,3,1,Fuzzers,1
1651,1.393336,tcp,ssh,FIN,9,8,1256.0,111.0,4.202,254,31,882.4,108.389,1,0,0.767,8.099,9.123,1.112,0,2009428817,3610687018,0,0.002491,0.000918,0.031458,28.7,44.8,1,29.0,1,1,0,1,3,2,0,0,0,2,3,0,Normal,0
1652,0.777217,tcp,ssh,RST,8,11,829.0,19.0,10.733,62,254,424.183,157.625,1,1,11.824,3.438,0.324,1.222,0,945665878,795190095,0,0.030345,0.042021,0.004742,31.8,101.5,0,4.0,3,1,1,3,0,2,1,0,1,0,1,1,Normal,0
1653,1.79359,tcp,dhcp,ECO,5,14,272.0,542.0,147.788,31,254,204.076,58.193,0,1,17.471,7.161,10.098,0.354,0,1307171573,4272679978,0,0.044626,0.006489,0.001521,233.9,1.3,1,13.0,3,3,2,0,1,1,0,0,0,2,3,0,Normal,0
1654,1.624301,tcp,smtp,RST,6,13,3411.0,1285.0,0.262,254,62,2003.331,186.826,1,0,4.131,24.873,7.051,5.717,0,724636959,1342477610,0,0.126926,0.014193,0.007223,118.5,107.9,1,30.0,4,2,3,2,5,1,0,0,0,0,3,0,Normal,0
1655,0.055027,tcp,ftp,FIN,26,11,687.0,337.0,47.919,62,31,4512.058,3449.249,0,1,1.11,14.254,8.853,1.364,255,2939847019,1646808649,255,0.024128,0.012775,0.014359,38.0,67.4,0,1.0,3,2,4,2,3,1,0,0,0,3,4,0,Analysis,1
1656,0.270936,udp,http,INT,12,6,130.0,207.0,43.099,128,62,267.062,728.281,0,0,2.671,5.408,0.326,5.135,0,627076940,2682223682,0,0.029893,0.031225,0.027223,177.7,2.0,0,79.0,6,1,3,5,1,0,0,1,0,2,4,0,Normal,0
1657,1.138112,tcp,ftp,RST,6,11,530.0,185.0,2.147,31,254,331.519,678.861,3,1,5.419,2.915,4.244,6.401,0,3760034702,3121629772,255,0.08338,0.001244,0.025022,24.4,74.3,0,135.0,5,2,1,2,1,3,0,1,1,3,0,0,Normal,0
1658,0.031049,tcp,-,RST,19,7,277.0,31.0,50.484,31,128,51.516,1293.965,0,1,1.617,9.784,8.617,13.931,0,2857498157,1400896191,0,0.07813,0.001021,0.030961,30.5,176.8,2,300.0,4,1,2,2,2,1,0,0,0,0,1,0,Fuzzers,1
1659,0.136035,tcp,ssh,INT,9,6,356.0,45.0,76.987,128,128,1841.325,81.117,1,0,11.311,13.017,11.661,0.441,255,4145008875,896076308,255,0.094326,0.024903,0.034934,7.2,1.6,0,83.0,1,1,4,3,5,0,0,1,0,1,2,0,Normal,0
1660,0.127891,tcp,ftp,ECO,9,15,113.0,20.0,8.949,128,128,37.096,232.787,1,0,5.359,12.663,1.181,1.887,0,1803529274,3833549531,255,0.11953,0.019752,0.064754,134.5,21.8,0,139.0,1,0,3,0,2,1,0,1,1,0,2,0,Normal,0
1661,0.037695,tcp,ssh,CON,15,8,975.0,2817.0,7.09,62,128,573.578,2457.48,3,0,4.467,27.749,1.174,2.253,0,2838143827,4176735533,255,0.035883,0.022039,0.000898,164.1,130.1,0,186.0,7,2,0,1,4,2,0,0,1,0,2,0,Normal,0
1662,0.66692,udp,-,RST,33,4,2668.0,147.0,9.489,254,31,28.549,1239.353,0,2,33.569,1.434,7.218,1.57,0,575520207,1295037563,255,0.074643,0.010645,0.000755,49.9,57.5,0,175.0,2,0,0,2,1,5,0,0,0,1,3,0,Generic,1
1663,0.648671,udp,ftp,INT,31,9,985.0,180.0,61.128,31,62,433.768,554.128,0,1,9.857,1.552,2.017,1.846,255,3553907736,1811387630,255,0.018463,0.028562,0.012625,194.3,35.2,1,144.0,4,6,1,4,3,0,0,0,1,3,3,0,Exploits,1
1664,0.792929,udp,dns,RST,9,9,176.0,61.0,12.495,62,128,204.059,256.614,1,2,2.738,1.992,12.183,5.451,255,303470089,3244294468,0,0.07294,0.012392,0.062944,159.0,33.0,1,202.0,3,2,1,3,1,3,0,0,0,5,2,0,Normal,0
1665,0.322865,tcp,-,REQ,24,12,27.0,22.0,7.933,62,128,731.562,1402.501,2,1,28.3,0.543,5.298,11.9,0,2263644974,1374372020,255,0.015531,0.018555,0.03928,5.5,1.6,0,168.0,3,2,3,1,0,2,0,0,1,5,6,0,Reconnaissance,1
1666,0.305354,icmp,pop3,INT,31,14,3673.0,487.0,36.727,62,31,1182.557,149.225,1,0,1.658,3.568,7.081,0.648,0,3434367263,4277774309,0,0.12164,0.0029,0.009499,22.0,19.3,3,22.0,2,2,3,1,4,1,1,0,0,2,3,0,DoS,1
1667,1.394988,udp,smtp,RST,35,7,203.0,206.0,89.599,62,254,3382.089,479.076,1,2,4.667,4.6,3.893,5.063,0,3303435129,23530223,0,0.018999,0.008104,0.002494,139.8,132.9,0,3.0,1,3,3,0,3,0,0,0,0,2,4,0,Fuzzers,1
1668,0.040703,tcp,pop3,ECO,8,9,203.0,340.0,1.923,254,254,1132.167,1404.213,0,0,14.988,0.56,4.427,6.529,255,1721132365,3770919766,0,0.007406,0.047932,0.013403,0.6,33.7,1,96.0,4,1,0,0,6,0,1,1,0,3,3,0,Normal,0
1669,0.424064,tcp,pop3,RST,11,9,338.0,368.0,50.104,254,128,660.978,630.062,0,2,2.473,3.579,2.046,5.942,255,1823081807,434978148,255,0.001153,0.034131,0.003359,58.4,125.7,1,18.0,4,0,1,2,3,2,0,0,1,0,1,0,Normal,0
1670,0.382971,udp,-,FIN,35,9,2286.0,304.0,74.391,128,254,1409.622,669.469,0,1,1.667,0.06,3.622,0.83,0,2107475824,2562524369,255,0.046452,0.024302,0.027931,20.7,195.5,1,366.0,6,1,3,3,2,4,0,0,0,2,4,0,DoS,1
1671,1.552186,tcp,pop3,INT,8,16,167.0,353.0,84.661,128,62,1118.539,23.593,1,1,15.592,2.664,3.465,20.261,0,1165124005,2324126022,255,0.050774,0.019244,0.032491,28.2,71.6,0,628.0,4,8,2,4,1,3,0,0,0,1,1,0,Normal,0
1672,1.416977,tcp,-,RST,26,11,458.0,411.0,58.731,62,62,680.802,423.835,1,2,26.701,16.227,1.287,8.272,0,1080081370,3957695526,255,0.011161,0.047016,0.005474,144.8,122.0,0,565.0,4,2,1,2,2,2,1,0,1,2,2,0,Generic,1
1673,0.179792,udp,pop3,ECO,30,11,914.0,342.0,7.295,254,128,810.51,290.636,4,1,2.848,11.145,16.844,7.719,255,1565647239,1613428123,0,0.099726,0.009389,0.00503,144.5,202.7,1,185.0,3,2,4,1,2,1,0,0,1,1,3,0,Exploits,1
1674,1.680954,tcp,ssh,INT,6,15,108.0,1254.0,8.908,62,254,695.975,709.429,0,2,10.347,0.096,9.607,0.323,0,795144879,3393438195,0,0.014998,0.015335,0.014113,57.5,10.6,1,1.0,2,2,0,2,2,3,0,1,1,5,4,0,Normal,0
1675,0.340182,arp,pop3,RST,28,9,2269.0,1374.0,43.35,62,62,2673.93,497.578,1,1,2.943,3.216,6.153,11.099,0,714694525,3738732120,255,0.033481,0.007258,0.008207,150.1,79.4,0,56.0,3,3,1,5,2,2,0,0,0,3,3,0,Exploits,1
1676,0.651138,tcp,dns,REQ,29,6,2288.0,1147.0,54.762,62,128,381.353,1052.066,1,3,0.544,5.497,1.103,2.672,0,322128010,359278236,255,0.078904,0.008468,0.00025,181.1,24.5,1,131.0,8,4,2,0,3,1,0,0,0,2,2,0,Reconnaissance,1
1677,1.334769,tcp,http,CON,30,8,1432.0,130.0,29.814,62,62,5.926,328.99,1,2,2.985,9.236,0.757,1.669,0,3140729007,113857001,255,0.053418,0.004842,0.038449,43.0,49.9,1,201.0,3,3,1,2,3,1,0,1,0,2,1,0,Exploits,1
1678,0.473432,tcp,http,ECO,7,11,452.0,320.0,23.569,128,254,47.663,960.067,1,0,5.845,11.172,1.426,1.095,255,40434032,3937237606,0,0.025204,0.008003,0.031102,135.4,12.3,0,89.0,2,2,3,1,2,0,0,0,0,2,6,0,Normal,0
1679,0.53993,tcp,-,INT,39,11,1977.0,465.0,80.141,128,62,383.898,1045.073,3,2,5.063,9.636,12.855,2.72,255,2665000122,3877414639,255,0.017849,0.006748,0.008999,32.4,40.0,0,392.0,5,3,4,2,2,2,0,0,1,1,4,0,DoS,1
1680,1.547364,icmp,pop3,REQ,10,10,1251.0,596.0,75.158,62,254,544.851,92.238,3,1,20.782,0.563,7.463,1.48,0,2706256795,22167603,0,0.038484,0.007673,0.013069,45.1,36.2,1,126.0,2,2,2,3,2,1,0,0,0,1,1,0,Normal,0
1681,0.374149,udp,smtp,CON,33,10,162.0,858.0,66.231,128,128,2676.266,239.596,0,0,6.707,22.154,22.741,7.121,255,929621989,2980794037,0,0.060439,0.04504,0.003057,8.3,168.9,0,56.0,2,2,3,1,1,0,0,0,0,0,2,0,Exploits,1
1682,0.812709,icmp,http,FIN,23,7,756.0,425.0,101.514,128,128,349.339,361.553,2,2,11.802,35.533,14.503,2.227,255,704144812,150610816,0,0.046476,0.043735,0.050667,114.2,62.8,0,81.0,2,1,1,1,5,2,0,0,0,2,1,0,Fuzzers,1
1683,0.968189,tcp,-,INT,28,6,2359.0,913.0,19.428,62,128,37.478,558.206,2,0,2.346,3.893,5.698,0.66,255,3153305915,3836320363,0,0.092977,0.055127,0.000157,231.0,7.9,0,89.0,4,2,1,1,2,1,0,1,0,2,3,0,Exploits,1
1684,0.107008,tcp,-,RST,9,4,21.0,415.0,35.788,128,254,1446.088,541.313,0,2,3.261,7.285,4.025,1.949,255,3370303536,3176083645,255,0.025938,0.022788,0.011532,149.9,16.9,0,445.0,2,6,1,2,4,0,0,0,0,2,5,0,Normal,0
1685,0.134207,tcp,ftp,CON,15,6,792.0,561.0,12.3,128,62,775.786,930.424,0,0,1.327,3.466,10.447,3.509,255,183155698,687676756,255,0.017359,0.006943,0.007857,79.1,214.0,2,197.0,2,2,2,1,1,0,0,0,0,3,3,0,Normal,0
1686,0.32278,tcp,ssh,ECO,8,7,407.0,326.0,10.423,62,254,588.654,244.055,1,1,29.697,9.591,0.436,1.278,0,25332851,2823553028,0,0.031071,0.005035,0.00822,75.6,121.5,0,14.0,2,1,4,0,3,4,0,0,1,2,1,0,Normal,0
1687,0.574373,icmp,dhcp,RST,12,3,98.0,64.0,34.647,62,62,300.359,1151.348,1,1,0.95,15.542,1.654,7.623,255,3107591874,436227194,255,0.018781,0.005362,0.067053,11.8,92.7,0,21.0,1,2,2,2,6,3,0,0,0,4,1,0,Normal,0
1688,0.851131,tcp,smtp,REQ,10,6,230.0,357.0,70.498,31,31,53.847,656.807,3,1,7.702,4.981,5.837,5.135,255,839886285,4056909980,255,0.026194,0.001106,0.043988,27.9,34.3,2,622.0,3,4,4,5,5,1,0,0,0,3,5,0,Normal,0
1689,0.026329,tcp,dhcp,RST,38,17,3225.0,29.0,53.254,128,62,1205.991,193.614,0,1,1.008,14.871,0.484,0.554,255,1982233086,2283789463,255,0.003914,0.010667,0.01189,231.1,45.5,3,969.0,3,3,1,2,1,1,0,0,0,4,6,0,Generic,1
1690,0.924174,tcp,dns,ECO,11,7,1004.0,117.0,59.475,31,254,2482.854,893.684,1,2,0.594,0.791,12.715,10.5,0,2915200938,1309462343,0,0.018431,0.010692,0.023867,159.9,66.4,0,200.0,2,4,0,4,6,1,0,1,1,0,2,0,Normal,0
1691,0.876088,udp,ftp,RST,41,4,2006.0,171.0,8.78,31,254,2859.553,470.807,0,1,3.268,16.787,1.11,2.995,255,2242557077,2270397850,0,0.030437,0.005407,0.003678,189.4,258.3,0,66.0,2,4,3,2,3,3,0,0,0,0,4,0,Exploits,1
1692,0.687201,tcp,ssh,RST,22,9,324.0,4.0,6.603,62,62,24.114,110.928,0,1,0.111,19.003,31.389,2.71,255,3074593798,3079042759,0,0.092597,0.016457,0.007088,57.1,57.0,0,209.0,3,5,2,2,2,1,0,0,1,1,4,0,Reconnaissance,1
1693,0.117378,udp,http,RST,4,11,1047.0,479.0,54.364,31,128,1614.094,342.252,2,2,5.949,6.332,20.583,5.326,255,868678238,570995082,0,0.009022,0.051209,0.02295,180.1,25.3,0,74.0,0,6,4,4,3,3,0,0,1,1,2,0,Normal,0
1694,1.075844,udp,dhcp,ECO,33,12,960.0,198.0,82.432,128,62,29.123,152.613,0,0,5.64,17.575,5.801,4.569,0,940464669,551259531,255,0.025374,0.006096,0.011276,24.1,20.8,0,18.0,5,1,2,1,3,1,0,0,1,0,1,0,Exploits,1
1695,0.023183,udp,pop3,FIN,33,9,1579.0,36.0,43.149,128,31,4854.736,941.482,2,2,6.665,4.225,2.777,12.653,0,1586015358,34596961,255,0.008678,0.045569,0.002547,259.9,36.2,1,22.0,3,0,2,2,0,3,1,0,0,5,1,0,Generic,1
1696,0.025854,tcp,-,INT,16,7,317.0,415.0,43.957,31,128,1172.615,37.908,0,0,11.746,15.531,3.629,1.742,0,542614217,1078685632,255,0.056414,0.007395,0.005026,98.4,98.0,1,58.0,5,2,0,1,0,2,0,0,2,3,5,0,Normal,0
1697,0.1841,tcp,http,ECO,8,10,1465.0,261.0,43.212,254,254,655.921,1179.446,0,1,3.352,5.933,3.881,16.855,0,2157085233,1471609581,255,0.07154,0.021718,0.020559,97.6,39.3,1,663.0,2,4,2,2,3,3,0,0,0,4,2,1,Normal,0
1698,0.059521,tcp,ssh,INT,38,11,554.0,184.0,130.424,31,254,2296.695,203.452,4,0,3.977,2.129,2.399,0.942,0,3999132861,1065965123,0,0.013684,0.014351,0.015483,38.3,224.7,0,371.0,0,3,3,0,5,3,1,1,1,2,2,0,Fuzzers,1
1699,0.018814,icmp,ssh,FIN,32,6,481.0,334.0,72.079,31,31,1837.817,48.189,4,0,1.007,8.636,6.109,3.644,0,2008888496,3435452078,0,0.043722,0.005581,0.001819,86.7,26.9,0,708.0,2,2,4,0,2,3,0,0,1,1,0,0,Analysis,1
1700,0.495931,arp,http,ECO,24,8,1905.0,5.0,27.804,31,254,1159.311,1049.961,0,1,0.87,9.895,2.378,1.064,0,2293458715,4017650875,0,0.011726,0.000507,0.011827,258.5,40.3,1,50.0,2,2,1,5,3,3,0,0,1,4,3,1,Exploits,1
1701,1.001161,tcp,ssh,REQ,26,7,2661.0,549.0,22.268,31,62,259.232,363.753,2,0,4.432,57.068,1.574,13.994,255,2317717880,4129266423,0,0.0059,0.008086,0.010661,176.6,110.2,0,55.0,2,3,1,4,1,3,0,0,1,1,2,0,Reconnaissance,1
1702,0.935058,tcp,dns,ECO,30,9,965.0,246.0,2.484,254,128,1365.02,148.835,1,2,25.467,14.333,1.273,1.789,0,503378884,3339323371,0,0.017397,0.003775,0.012949,78.6,11.2,1,76.0,4,2,3,2,3,5,0,1,0,1,7,0,Backdoor,1
1703,0.607406,tcp,ssh,FIN,12,8,184.0,636.0,137.327,31,128,29.176,187.507,1,0,0.605,3.771,7.201,18.052,0,994219162,3743360914,0,0.079833,0.021918,0.021655,31.1,56.1,2,56.0,0,1,0,5,2,4,0,0,0,3,3,0,Normal,0
1704,0.107846,udp,dns,FIN,41,4,1319.0,708.0,20.058,31,62,633.67,73.838,0,1,0.222,10.393,1.388,4.372,0,1688734368,3694656107,255,0.0433,0.030486,0.006355,48.5,9.2,1,20.0,1,2,2,2,1,2,0,0,0,1,1,0,Generic,1
1705,0.093524,tcp,dns,REQ,14,2,40.0,414.0,1.973,31,254,1062.458,1238.799,1,1,5.502,4.633,5.679,0.007,255,38020363,1628946380,255,0.00711,0.003727,0.029899,27.2,54.2,1,165.0,0,2,3,1,0,1,0,0,0,1,4,0,Normal,0
1706,1.689572,tcp,dns,CON,26,5,2136.0,209.0,54.797,128,31,3374.331,677.598,1,0,9.894,3.525,0.946,1.285,0,3605533936,1714504075,255,0.056733,0.004768,0.044756,311.9,13.4,0,65.0,4,4,0,2,6,4,0,0,1,0,1,0,Shellcode,1
1707,0.080311,udp,http,REQ,13,4,2393.0,2486.0,20.945,31,62,518.745,471.156,0,1,9.496,4.091,0.056,7.197,0,577396685,1600730067,255,0.004169,0.009356,0.030554,43.5,87.1,1,224.0,1,1,1,2,0,2,0,0,0,3,6,0,Normal,0
1708,2.589954,tcp,http,INT,9,4,651.0,96.0,52.42,128,254,1752.752,726.551,0,1,0.303,9.233,6.2,0.824,255,1538103962,3169102563,0,0.011836,0.000958,0.005235,14.3,19.8,0,6.0,4,0,0,2,3,2,0,0,0,5,2,0,Normal,0
1709,1.370552,tcp,http,CON,31,11,7708.0,240.0,38.411,31,128,2944.194,339.688,0,1,6.531,2.169,0.71,9.016,0,3235427297,3733383106,0,0.06781,0.014855,0.067077,4.3,105.8,0,48.0,4,0,1,0,3,4,0,0,0,2,2,0,DoS,1
1710,0.316097,tcp,pop3,RST,7,15,602.0,308.0,93.282,62,128,2600.965,1035.641,1,0,13.97,10.106,0.352,6.24,255,712652449,4274819073,255,0.000959,0.045581,0.074993,121.7,20.8,1,106.0,2,4,0,4,3,1,0,0,3,5,2,1,Normal,0
1711,0.316257,tcp,dns,FIN,27,14,2213.0,381.0,36.082,31,254,1232.994,765.042,1,3,31.304,2.196,9.771,2.919,0,1769881666,1587945237,255,0.019882,0.049155,0.008128,64.7,202.4,0,35.0,3,3,3,2,2,2,0,0,0,4,3,0,Exploits,1
1712,0.130804,udp,dns,ECO,9,7,2425.0,61.0,37.537,31,31,305.452,143.76,2,1,4.804,8.421,8.207,11.583,0,1598412445,1661006602,0,0.02377,0.006719,0.0057,121.7,5.6,0,972.0,1,3,0,0,4,0,0,1,2,0,2,0,Normal,0
1713,0.337837,tcp,pop3,FIN,32,7,2287.0,496.0,66.928,31,62,154.711,435.313,1,0,10.62,2.578,12.793,3.642,0,4224255277,2690683190,255,0.002911,0.044871,0.058134,18.1,27.6,1,368.0,2,4,2,3,1,2,0,0,0,0,2,0,Backdoor,1
1714,0.054841,tcp,dhcp,REQ,28,10,4230.0,800.0,34.575,31,31,587.639,788.587,0,0,18.189,8.454,1.779,4.88,0,3869507817,498670098,255,0.050882,0.012131,0.002294,170.8,20.3,1,30.0,0,1,3,1,0,2,0,0,2,3,6,0,DoS,1
1715,0.35131,tcp,http,ECO,12,8,926.0,1123.0,17.238,31,254,438.927,1165.073,0,1,0.201,4.255,9.814,9.942,255,871112780,774250756,0,0.050353,0.018661,0.022541,345.1,106.4,0,40.0,1,3,1,1,3,1,0,0,0,2,5,0,Normal,0
1716,1.076844,tcp,ftp,FIN,36,11,2077.0,353.0,5.993,62,31,1204.032,291.355,1,3,8.494,20.494,4.673,14.634,0,3094317761,4127771207,255,0.077245,0.018127,0.001092,157.0,12.1,1,4.0,2,2,3,4,1,3,0,0,0,1,1,0,Exploits,1
1717,0.324453,udp,dns,ECO,6,6,87.0,1195.0,34.903,31,254,746.825,2452.059,1,2,10.599,28.315,9.868,2.875,0,2565498534,2901691597,0,0.057101,0.02363,0.024091,67.2,2.1,0,81.0,2,2,1,3,1,2,0,0,0,2,5,0,Normal,0
1718,0.076523,udp,pop3,CON,25,3,1149.0,281.0,157.661,62,62,14.784,515.968,1,1,17.143,20.383,0.557,2.19,255,2225241141,2313201731,255,0.022096,0.004668,0.031695,52.1,4.0,1,144.0,4,0,3,2,2,2,0,0,0,2,4,0,Generic,1
1719,0.215881,tcp,ssh,RST,30,10,747.0,324.0,22.898,31,62,1.738,46.558,2,0,0.265,5.872,0.972,3.835,255,3601255296,2631308731,255,0.052346,6.7e-05,0.01304,4.0,87.0,1,36.0,3,1,0,1,0,1,0,0,0,3,2,0,Generic,1
1720,0.644762,tcp,smtp,ECO,32,9,1588.0,9.0,102.483,62,62,210.849,183.717,0,2,1.009,21.255,0.269,2.973,255,4227834252,2982787641,255,0.055301,0.001714,0.008817,19.1,154.7,1,278.0,2,1,2,2,0,2,0,0,0,0,2,0,Fuzzers,1
1721,0.163209,tcp,http,CON,15,13,39.0,66.0,142.644,31,62,400.178,219.575,2,0,1.136,6.043,3.269,24.706,0,1154801763,3276746907,0,0.030227,0.007527,0.003401,67.9,5.9,0,50.0,3,0,2,1,2,2,0,0,0,1,3,0,Normal,0
1722,0.302709,tcp,dns,INT,7,11,129.0,370.0,26.276,128,62,386.101,515.919,0,1,14.313,26.304,4.229,7.874,0,1383418402,1173035894,255,0.091059,0.002119,0.006929,238.8,52.3,0,64.0,5,2,2,1,1,2,0,0,0,3,0,0,Normal,0
1723,0.135327,tcp,-,ECO,39,6,469.0,17.0,0.11,31,254,321.993,234.675,0,1,5.666,1.017,2.036,22.085,255,3546779263,1846396984,255,0.010367,0.046732,0.019479,17.0,8.9,0,68.0,5,4,3,2,4,1,0,0,1,0,5,0,Exploits,1
1724,0.239703,icmp,ssh,FIN,23,8,5221.0,433.0,9.289,31,128,835.635,612.427,1,0,7.028,0.678,6.446,3.768,255,2439427434,3458846599,255,0.005823,0.010778,0.012021,36.2,32.8,2,184.0,3,4,1,2,0,3,0,0,0,2,0,0,Generic,1
1725,0.095853,tcp,dhcp,FIN,4,6,75.0,67.0,45.479,62,128,3457.48,827.947,1,0,20.624,14.577,2.308,14.28,255,1120472843,1749795464,0,0.021295,0.012319,0.021289,58.1,31.1,0,54.0,3,2,0,4,5,4,0,0,0,2,1,0,Normal,0
1726,1.354839,tcp,pop3,CON,11,6,93.0,395.0,54.745,254,254,117.084,115.584,0,0,1.469,7.73,2.199,0.137,255,2086955075,3904299452,0,0.123919,0.002114,0.012977,131.2,116.5,1,145.0,3,2,2,2,4,1,1,1,1,3,3,0,Normal,0
1727,0.459675,tcp,ftp,REQ,8,12,1407.0,454.0,148.973,128,31,424.852,1260.618,1,0,3.215,0.294,12.779,6.514,255,1656622979,4022549528,0,0.01006,0.005676,0.004422,33.5,45.1,0,50.0,1,0,2,1,2,0,0,0,1,1,3,0,Normal,0
1728,0.31303,udp,dns,RST,37,11,3222.0,479.0,72.744,254,62,656.3,203.022,2,0,17.127,3.532,9.114,2.792,0,2657351594,2645821400,255,0.002088,0.009458,0.00278,44.6,34.9,1,12.0,2,1,1,3,2,4,0,0,0,4,4,0,DoS,1
1729,1.950759,tcp,dhcp,REQ,11,8,794.0,351.0,47.281,31,128,1726.5,1120.305,0,1,4.803,3.562,1.265,2.514,255,3468313860,3148249134,0,0.011304,0.001027,1.1e-05,159.1,103.5,0,447.0,2,3,3,5,3,1,0,0,1,4,3,0,Normal,0
1730,1.027854,icmp,dns,INT,7,10,245.0,221.0,10.451,254,128,135.57,136.008,0,0,10.422,14.381,1.318,8.909,255,224855970,3469996990,255,0.019362,0.071283,0.004098,210.2,250.2,2,215.0,1,0,2,3,0,1,0,0,0,1,3,0,Normal,0
1731,0.060713,tcp,pop3,ECO,32,7,1988.0,175.0,41.811,31,31,3583.163,794.386,1,1,2.4,0.298,0.884,0.664,0,2470911267,340328511,255,0.002724,0.00258,0.001098,44.9,24.7,0,18.0,2,1,4,2,4,1,0,1,2,3,2,0,Analysis,1
1732,0.840321,udp,smtp,CON,4,8,598.0,58.0,67.043,128,254,683.492,1079.183,1,1,14.342,12.022,2.887,5.338,255,3602946465,3287123349,255,0.164763,0.007422,0.000624,324.4,25.0,0,451.0,4,0,4,1,5,1,1,0,0,0,4,0,Normal,0
1733,0.567558,udp,dns,ECO,33,13,8514.0,25.0,75.556,254,128,717.819,162.935,0,1,17.301,1.649,0.792,2.776,0,2606088048,3213526871,0,0.034746,0.037561,0.008577,179.5,36.4,0,133.0,2,1,2,1,3,1,0,0,0,4,2,1,Exploits,1
1734,0.887411,tcp,smtp,CON,10,8,688.0,1090.0,96.965,254,128,182.139,3027.315,2,2,17.426,7.348,0.736,0.191,255,43292964,4085909643,0,0.018979,0.007823,0.006334,32.0,108.7,0,109.0,6,3,0,1,1,1,0,0,0,2,1,0,Normal,0
1735,0.207654,tcp,http,CON,20,8,825.0,80.0,31.244,62,128,569.578,630.087,0,0,4.483,13.367,14.801,2.687,255,3443264710,142718337,255,0.017012,0.035485,0.002438,1.5,94.4,0,132.0,3,1,0,3,3,0,0,1,0,1,7,0,DoS,1
1736,0.316562,tcp,dns,ECO,30,7,5382.0,496.0,14.402,62,31,530.081,678.829,0,1,11.157,17.287,2.11,0.313,255,1929185780,246940302,0,0.052731,0.015566,0.02337,91.0,96.1,0,219.0,9,0,3,4,0,4,0,0,1,3,2,0,Exploits,1
1737,0.857527,udp,ftp,REQ,32,5,818.0,469.0,25.181,254,31,198.685,486.294,1,1,1.264,0.787,13.521,1.896,0,3193155270,3909049835,0,0.217277,0.013175,0.100391,71.7,53.2,0,4.0,1,4,1,2,2,2,0,0,0,1,4,0,DoS,1
1738,0.764878,icmp,pop3,INT,10,4,1561.0,843.0,4.764,31,254,1577.129,496.768,1,0,25.882,0.075,0.589,2.182,0,272957931,531300253,255,0.016702,0.052204,0.012903,56.4,43.7,0,50.0,3,1,2,1,1,1,0,2,1,0,6,0,Normal,0
1739,0.415422,tcp,smtp,CON,9,12,484.0,317.0,148.111,62,254,130.979,190.055,0,1,1.023,0.596,4.224,1.154,255,1243218,4223795333,0,0.21086,0.012385,0.004512,192.1,51.0,0,18.0,4,3,1,1,3,1,0,0,0,0,6,0,Normal,0
1740,0.784542,tcp,dns,INT,29,7,217.0,25.0,47.324,128,254,1470.852,932.658,1,0,7.853,19.353,0.471,6.167,0,894294603,2124147340,0,0.008186,0.000231,0.006592,226.9,69.4,1,231.0,2,4,1,1,2,3,0,1,0,2,2,0,Exploits,1
1741,0.048418,tcp,pop3,RST,6,11,255.0,88.0,37.077,62,62,1400.758,346.175,3,1,6.381,0.892,2.091,0.016,0,486688839,670960351,255,0.0301,0.06534,0.006608,190.8,93.3,0,303.0,1,3,1,2,1,2,0,0,0,2,6,0,Normal,0
1742,0.556395,tcp,dns,FIN,13,7,134.0,378.0,43.759,62,254,1468.71,131.501,1,0,5.537,13.379,6.287,7.365,0,2937695443,3213332675,0,0.013633,0.002271,0.008487,396.6,21.3,0,301.0,1,5,1,2,2,1,0,0,0,6,2,0,Normal,0
1743,0.004294,udp,dhcp,CON,9,15,619.0,34.0,2.0,31,62,914.673,1145.557,1,3,23.23,1.243,6.559,0.11,255,3370447200,195749264,0,0.080565,0.001138,0.099058,23.8,399.3,0,132.0,2,3,1,3,2,3,0,0,0,1,4,0,Normal,0
1744,0.039574,tcp,smtp,CON,26,8,2490.0,8.0,19.535,254,254,510.32,563.811,0,1,27.269,6.461,8.054,1.319,0,3284159632,1206696430,0,0.052108,0.01486,0.021908,109.7,53.4,0,50.0,2,0,4,2,1,1,0,0,0,1,3,1,Analysis,1
1745,0.022675,tcp,dhcp,INT,28,9,1200.0,679.0,111.575,62,128,818.841,2261.625,1,2,29.521,35.732,4.456,0.786,255,803568241,1474276353,255,0.016333,0.009626,0.003687,76.0,64.2,2,65.0,2,2,1,1,2,2,0,0,0,0,5,0,Exploits,1
1746,1.367597,icmp,dhcp,RST,31,9,2100.0,201.0,34.447,254,31,3314.432,738.06,0,2,16.275,4.869,2.065,5.435,255,1526645002,3227157266,0,0.038133,0.021478,0.047358,55.5,37.4,0,123.0,4,5,3,4,1,1,0,0,0,3,7,0,Generic,1
1747,0.918857,udp,ftp,CON,26,8,1687.0,456.0,43.756,254,254,67.95,472.947,1,0,4.8,0.576,1.984,7.282,0,3192232298,2590376103,0,0.002795,0.056575,0.010913,40.7,4.0,0,179.0,6,2,3,0,2,0,0,0,0,3,5,0,Exploits,1
1748,0.521639,udp,ftp,RST,9,7,302.0,223.0,58.12,254,128,1182.127,518.187,0,2,8.309,3.843,2.029,0.318,255,4099793479,253332354,255,0.039214,0.055068,0.019039,25.8,34.4,0,903.0,0,3,3,0,1,0,0,0,1,1,3,0,Normal,0
1749,0.385503,tcp,pop3,ECO,12,6,21.0,600.0,119.823,254,254,231.22,451.941,1,1,13.605,4.812,3.929,3.939,255,961247047,1124657704,255,0.095905,0.011538,0.023073,152.1,128.5,2,108.0,4,4,1,3,0,0,0,0,0,3,1,0,Normal,0
1750,0.076445,icmp,http,INT,12,8,227.0,545.0,14.945,254,254,246.781,168.903,0,0,5.549,44.412,1.884,0.398,255,3533051765,1215602273,0,0.061372,0.018128,0.029187,37.1,89.9,0,3.0,1,1,4,3,3,2,0,0,0,3,4,0,Normal,0
1751,0.064838,tcp,pop3,ECO,23,8,1220.0,15.0,121.388,31,31,445.198,647.429,1,0,11.403,7.92,1.506,1.049,255,3657626214,2412989192,255,0.02255,0.061017,0.055572,6.4,29.2,2,89.0,5,1,2,2,2,3,0,0,1,0,2,0,Generic,1
1752,0.599886,tcp,http,ECO,8,5,862.0,77.0,74.351,31,254,1724.655,38.917,0,1,17.897,7.813,8.327,4.217,0,2341660821,3340290201,255,0.012713,0.032673,0.007072,98.4,62.1,1,22.0,2,1,1,2,2,2,0,0,0,2,4,0,Normal,0
1753,0.861785,tcp,pop3,RST,26,10,1746.0,678.0,32.35,31,62,2286.002,1000.783,0,4,10.476,5.273,5.463,3.781,255,1116113120,333903977,0,0.006554,0.018737,0.066314,76.0,47.1,1,11.0,3,0,1,3,1,0,0,0,0,1,3,0,DoS,1
1754,0.826898,icmp,ssh,INT,29,8,1659.0,192.0,23.308,254,254,317.507,1259.462,2,1,19.39,13.108,7.681,1.66,255,3703128113,2287505998,255,0.008956,0.0129,0.004297,38.5,252.2,0,498.0,6,4,1,0,1,1,0,1,1,2,3,0,Fuzzers,1
1755,1.751216,tcp,smtp,CON,7,10,206.0,58.0,108.102,128,254,935.863,2587.698,0,0,3.556,12.54,0.473,0.579,0,789621644,910612715,0,0.003191,0.000627,0.030464,82.1,28.9,1,111.0,2,3,1,5,4,2,0,1,0,1,6,0,Normal,0
1756,0.319233,udp,dns,ECO,29,14,1156.0,256.0,3.569,31,254,2513.598,263.574,1,3,16.259,1.31,3.221,4.295,255,2737192767,2004229408,0,0.070432,0.027224,0.051222,23.5,124.4,1,118.0,3,2,2,2,0,3,0,0,1,0,2,0,Generic,1
1757,0.082637,udp,ssh,INT,10,5,134.0,266.0,96.715,128,254,2259.836,729.69,0,1,17.424,3.806,6.213,0.389,255,1456196262,2770989342,0,0.147558,0.01183,0.016335,122.1,31.4,0,385.0,3,1,3,2,2,1,0,1,0,1,7,0,Normal,0
1758,0.06526,udp,dns,FIN,32,10,133.0,317.0,13.073,128,254,340.241,906.642,1,1,22.736,26.237,4.041,2.021,0,3013977538,2187144010,255,0.032296,0.037064,0.040016,11.4,58.3,0,15.0,4,6,3,4,1,2,0,0,0,0,4,0,Backdoor,1
1759,0.097385,udp,dns,RST,31,10,1358.0,30.0,16.371,62,128,262.174,1393.181,0,0,5.636,14.507,1.107,4.765,0,2953318897,1745492648,255,0.096801,0.00134,0.074981,16.5,60.2,0,152.0,3,3,2,1,1,0,0,0,1,1,3,0,Reconnaissance,1
1760,1.659448,icmp,http,INT,34,12,475.0,461.0,53.029,31,62,63.616,1182.458,0,0,6.547,3.924,0.881,5.066,0,3968284329,1720634103,255,0.025949,0.00434,0.007296,258.8,60.3,1,21.0,4,2,4,1,3,4,0,0,0,2,0,1,Reconnaissance,1
1761,0.056693,tcp,http,ECO,13,9,555.0,220.0,76.132,254,254,2275.382,302.699,1,1,2.687,0.658,4.809,9.187,255,3589465140,421871882,255,0.022463,0.005771,1.5e-05,177.0,10.6,0,229.0,6,1,4,2,1,2,0,0,0,0,1,0,Normal,0
1762,0.397317,tcp,dhcp,ECO,12,8,334.0,244.0,1.752,128,31,4669.679,676.405,1,1,6.09,3.477,0.058,4.553,0,3897787182,444572492,255,0.309027,0.002996,0.037979,169.1,12.2,0,186.0,2,2,2,3,1,6,0,0,0,2,4,0,Normal,0
1763,1.478556,udp,ssh,FIN,10,3,184.0,21.0,111.681,128,254,936.427,637.504,0,1,5.944,13.339,15.146,2.983,0,1123529948,662274715,255,0.009453,0.014073,0.000747,33.1,0.9,1,147.0,3,1,1,1,3,3,0,0,0,4,7,0,Normal,0
1764,0.318668,tcp,dns,ECO,9,5,977.0,668.0,22.574,62,254,241.734,1175.687,0,0,6.27,0.594,6.644,0.272,0,3905782270,1077200135,255,0.02588,0.030009,0.021204,213.6,299.2,0,595.0,3,2,4,4,5,3,0,0,1,2,2,0,Normal,0
1765,0.064082,tcp,pop3,ECO,11,6,418.0,81.0,20.984,31,31,1298.318,943.825,0,0,14.573,1.737,19.973,6.575,0,862839348,3808314943,0,0.12606,0.001751,0.006046,46.1,178.9,2,35.0,4,1,2,1,2,1,0,1,0,4,3,0,Normal,0
1766,0.593972,udp,smtp,RST,10,9,36.0,483.0,114.694,62,62,1037.994,341.873,2,0,1.322,4.011,1.961,11.545,0,3667746888,2062837481,255,0.040316,0.002006,0.008581,0.9,140.3,1,470.0,3,1,1,2,3,4,0,0,0,0,4,1,Normal,0
1767,0.082866,tcp,smtp,CON,27,8,926.0,200.0,29.449,254,128,2150.911,302.546,0,2,4.819,27.872,4.174,0.525,0,3435686709,4061991726,0,0.00789,0.055465,0.004357,17.4,125.4,0,196.0,4,1,2,1,1,0,0,0,0,1,1,0,Shellcode,1
1768,1.064159,udp,-,RST,11,8,1167.0,340.0,4.964,254,254,1329.773,64.76,0,1,2.977,8.383,0.736,0.062,0,3891620520,3247676815,255,0.000701,0.00827,0.018815,11.4,81.0,0,345.0,3,4,3,2,2,0,0,0,0,2,6,0,Normal,0
1769,0.030395,tcp,smtp,ECO,10,8,260.0,199.0,116.542,128,62,1043.414,221.408,1,2,22.055,4.103,0.033,4.972,0,2177874314,1559648190,255,0.039167,0.019498,0.00273,9.6,10.4,0,23.0,7,1,4,1,4,0,0,1,0,1,4,0,Normal,0
1770,0.363442,icmp,-,RST,21,8,1053.0,40.0,10.168,31,128,2278.395,2039.596,0,1,15.64,4.851,1.744,4.71,255,2350075476,767809250,0,0.010893,0.009095,0.010768,19.3,40.2,0,467.0,5,2,1,2,1,0,0,0,0,1,9,0,Fuzzers,1
1771,0.678308,tcp,ssh,INT,24,3,835.0,211.0,0.403,254,31,423.206,569.033,1,1,2.235,17.079,11.868,3.091,255,669560754,1527680497,0,0.000403,0.038652,0.065198,177.2,51.1,0,84.0,5,3,3,1,2,3,0,0,0,2,2,0,Generic,1
1772,0.084353,udp,-,RST,27,9,2753.0,29.0,96.201,128,31,899.061,1505.445,1,1,18.795,17.477,0.272,2.141,255,2994926906,321850198,255,0.058543,0.006862,0.017995,112.4,341.0,1,160.0,4,0,1,2,3,1,0,0,1,3,3,0,Exploits,1
1773,0.021101,icmp,smtp,INT,30,11,2468.0,10.0,90.223,128,254,1677.466,444.977,3,2,4.481,1.093,0.329,0.539,0,362134306,2383321478,255,0.07843,0.023714,2e-06,221.4,2.4,0,196.0,2,0,4,2,0,3,0,0,1,3,2,0,Generic,1
1774,0.341589,tcp,ftp,CON,30,4,514.0,884.0,75.769,254,254,1724.39,449.926,2,2,7.726,2.301,2.487,1.942,0,1705910935,3531036091,0,0.169098,0.006898,0.003197,218.2,115.7,0,481.0,1,5,2,3,3,1,0,0,0,2,1,1,DoS,1
1775,0.243898,tcp,http,RST,49,8,940.0,68.0,39.61,62,31,557.961,893.978,0,1,19.915,7.484,5.211,3.481,0,3785554612,4053771962,0,0.025944,0.022641,0.01672,45.8,47.3,1,76.0,3,2,1,2,3,1,0,0,0,5,3,0,Generic,1
1776,0.14595,tcp,dns,INT,7,6,623.0,277.0,88.955,31,254,148.435,102.513,1,1,4.465,3.262,3.251,6.704,255,1542950682,2012106210,255,0.04698,0.016158,0.014435,110.2,238.5,1,122.0,1,1,3,3,1,0,0,0,0,3,1,0,Normal,0
1777,0.553055,tcp,http,CON,32,3,2313.0,4.0,53.884,254,31,1974.665,44.484,1,2,7.608,5.788,5.144,3.41,255,4017004829,3511198695,255,0.007181,0.008213,0.000928,50.6,50.1,0,46.0,4,2,2,3,4,3,0,0,0,1,6,0,Exploits,1
1778,0.62653,tcp,http,REQ,11,3,951.0,260.0,65.529,62,62,224.654,25.502,0,0,3.69,1.636,17.714,8.057,0,190577147,2187280569,255,0.183736,0.010682,0.004739,21.6,176.7,0,46.0,1,0,4,4,4,0,0,0,0,4,4,0,Normal,0
1779,1.344421,tcp,dhcp,CON,9,3,59.0,32.0,43.431,31,62,575.779,456.028,2,1,4.086,16.415,0.17,0.493,255,340423402,4160695732,0,0.005708,0.029189,0.011956,146.2,62.2,0,366.0,3,4,0,5,1,1,0,0,0,4,2,0,Normal,0
1780,2.073446,icmp,ftp,REQ,10,9,425.0,247.0,119.369,128,31,163.478,5019.831,1,2,7.759,0.341,9.189,6.345,0,3201659855,4251076952,255,0.003113,0.03603,0.008794,43.1,310.6,0,131.0,2,0,5,2,1,2,0,0,0,3,3,0,Normal,0
1781,0.315094,tcp,dns,INT,10,4,124.0,1131.0,19.23,128,254,1470.717,752.126,1,2,6.682,17.843,0.334,3.463,0,2640316542,1585319398,255,0.013378,0.001772,1e-05,22.4,119.0,0,162.0,6,0,1,3,4,2,0,0,0,3,2,0,Normal,0
1782,0.029796,tcp,-,ECO,33,10,2307.0,1335.0,23.982,254,128,292.279,1423.171,0,0,58.763,0.308,8.279,9.259,255,3232401785,389978055,255,0.058993,0.006291,0.029708,13.4,2.8,0,44.0,2,1,2,3,1,3,1,0,0,2,3,0,Fuzzers,1
1783,0.127432,tcp,ftp,ECO,13,14,142.0,306.0,34.711,31,128,583.946,331.757,4,1,47.625,9.884,11.739,9.79,255,3717627575,3463446026,0,0.031465,0.03371,0.010067,278.4,202.4,1,258.0,1,2,2,4,2,3,0,0,0,7,2,0,Normal,0
1784,0.016819,tcp,ftp,INT,14,5,618.0,29.0,134.389,62,62,695.912,724.167,1,1,13.591,8.983,5.416,2.2,255,2918401053,2052929329,0,0.033334,0.016437,0.005734,10.2,98.9,2,237.0,4,4,3,3,2,1,0,1,0,1,1,0,Normal,0
1785,0.271188,tcp,ssh,RST,10,9,397.0,63.0,2.512,254,62,894.741,2211.803,2,0,5.937,6.858,5.744,5.092,0,3310263026,1929757162,0,0.06753,0.020261,0.001166,7.1,115.5,1,216.0,1,2,1,1,3,2,0,0,1,0,2,0,Normal,0
1786,0.049984,arp,-,CON,25,10,1030.0,534.0,21.754,62,128,19.341,552.263,1,2,1.026,2.18,3.529,24.59,255,422496567,1439452252,0,0.108934,0.004883,0.017706,14.3,47.5,0,111.0,1,4,0,6,4,0,0,0,0,0,6,0,Fuzzers,1
1787,1.323129,udp,dhcp,ECO,17,6,59.0,126.0,1.982,128,31,68.378,304.419,0,1,2.302,7.576,1.924,4.248,0,3913655437,634286498,0,0.001436,0.002334,0.028552,110.3,164.4,3,193.0,1,2,1,2,2,1,0,1,0,1,5,0,Normal,0
1788,0.030477,tcp,http,CON,24,6,3331.0,539.0,51.837,62,128,701.534,641.935,0,1,6.125,2.561,7.299,1.843,255,3271211361,3644254229,255,0.035883,0.002827,0.022242,20.0,41.4,0,362.0,3,3,1,3,4,3,0,0,0,2,4,1,Generic,1
1789,0.769906,udp,ssh,ECO,26,7,5513.0,94.0,25.143,31,31,229.64,1064.054,1,2,3.321,22.411,11.261,6.482,0,2576604866,2545816188,255,0.031733,0.016197,0.006269,42.1,164.2,0,22.0,0,4,0,2,1,2,0,1,0,0,4,0,DoS,1
1790,0.12666,tcp,-,ECO,10,9,112.0,1096.0,80.702,62,31,98.279,1147.932,0,1,1.132,0.889,0.028,11.238,255,3720125731,665020285,255,0.009085,0.007062,0.052238,242.7,175.2,1,19.0,3,1,2,4,2,0,0,1,0,3,1,0,Normal,0
1791,0.217227,tcp,pop3,CON,28,3,2311.0,189.0,4.94,128,128,215.266,89.416,1,0,19.662,16.074,1.139,8.392,255,3043933349,4124309711,255,0.034067,0.044323,0.0094,118.6,17.7,2,63.0,6,0,4,2,0,2,1,1,2,3,5,0,Exploits,1
1792,0.808891,udp,ssh,FIN,12,9,870.0,105.0,35.97,62,31,2682.74,519.714,0,0,33.976,6.342,8.676,16.506,0,3784040768,4097589063,255,0.061228,0.021141,0.025686,67.7,136.5,1,175.0,2,4,0,1,1,2,1,1,1,5,4,0,Normal,0
1793,0.014729,tcp,pop3,RST,11,8,40.0,470.0,198.575,254,62,186.748,1869.291,1,3,23.714,0.066,8.213,2.986,255,507664763,3506526842,0,0.00044,0.01332,0.023434,75.3,18.4,1,57.0,4,2,1,5,2,1,0,0,0,0,3,1,Normal,0
1794,0.088023,tcp,dhcp,ECO,32,7,616.0,192.0,7.103,62,128,583.584,475.221,0,1,3.535,5.375,3.684,1.007,0,1137153397,4026898222,255,0.029398,0.040558,0.0235,18.8,30.7,0,100.0,3,1,4,3,1,1,0,0,0,4,4,0,Generic,1
1795,0.313352,icmp,pop3,RST,38,10,1550.0,710.0,11.257,62,128,936.357,44.169,1,2,19.887,25.335,3.381,7.698,255,14503506,516120453,255,0.015917,0.00057,0.01807,59.7,61.1,3,175.0,5,2,0,2,2,1,0,0,0,0,3,0,Reconnaissance,1
1796,0.485407,tcp,smtp,FIN,10,12,1071.0,266.0,24.742,254,31,73.083,917.135,2,2,3.361,3.827,2.476,14.757,0,1137315170,1549742637,0,0.020786,0.002925,0.027003,19.8,40.0,1,144.0,4,2,3,1,4,1,0,0,0,0,3,0,Normal,0
1797,0.31904,tcp,pop3,REQ,21,9,169.0,860.0,144.416,31,62,993.326,969.931,1,2,0.119,9.785,1.806,3.618,255,3495011804,3398477865,255,0.122383,0.000833,0.006828,75.8,158.1,2,161.0,1,0,2,2,2,4,0,0,1,1,4,0,Generic,1
1798,0.365881,tcp,-,INT,10,11,1250.0,177.0,160.954,254,31,2937.182,240.853,3,0,3.74,13.821,1.43,4.011,255,4097974920,379755821,255,0.02473,0.0099,0.064535,156.7,19.2,0,345.0,8,1,1,1,2,3,1,1,0,2,2,0,Normal,0
1799,0.593137,udp,ssh,ECO,32,7,344.0,55.0,6.875,254,31,796.928,685.493,1,1,12.36,16.571,4.662,5.024,255,148307377,328144574,255,0.051482,0.004375,0.00707,8.3,71.5,0,202.0,0,1,5,2,2,4,0,0,0,3,3,0,Generic,1
1800,0.018637,udp,dhcp,RST,31,12,1410.0,336.0,2.723,128,31,1797.16,569.616,1,3,13.51,1.642,1.85,7.849,0,777174331,3553466361,255,0.010137,0.024047,0.011526,39.9,13.5,1,10.0,1,1,0,1,2,1,0,0,1,1,3,0,Generic,1
1801,0.20014,icmp,dns,RST,26,9,3589.0,314.0,25.448,254,62,770.918,307.611,0,0,8.798,7.405,3.471,4.223,0,2638290411,910869963,255,0.038784,0.020036,0.007212,53.3,67.6,0,41.0,2,1,1,0,2,3,0,0,1,1,2,0,Generic,1
1802,0.302599,tcp,dhcp,INT,26,10,1377.0,117.0,76.789,31,128,2222.023,1227.658,1,0,2.189,3.529,17.371,4.364,0,2897737042,786086429,255,0.07784,0.010089,0.028341,26.5,193.0,0,95.0,1,0,1,3,2,2,0,0,0,3,2,0,Generic,1
1803,0.567699,udp,smtp,CON,9,7,23.0,78.0,20.094,128,31,1289.797,612.87,1,2,9.587,0.294,3.103,13.253,255,1565555712,2385374731,255,0.004585,0.025523,0.007605,30.9,27.2,1,238.0,2,1,1,2,1,3,0,0,1,3,2,0,Normal,0
1804,0.301824,tcp,dns,RST,29,7,1729.0,112.0,8.5,128,254,1049.918,1928.042,1,0,3.028,6.163,9.465,5.051,0,2184124536,3597090437,0,0.119373,0.029866,0.022238,97.5,146.2,0,468.0,3,3,0,2,3,2,0,0,0,0,2,0,Exploits,1
1805,0.252216,tcp,ftp,FIN,38,8,794.0,411.0,35.674,128,254,0.938,1541.287,0,4,10.41,1.436,0.09,27.973,0,2189609625,2827730631,255,0.051155,4.7e-05,0.018414,47.3,22.8,1,439.0,1,3,1,1,1,3,0,0,1,0,1,0,Generic,1
1806,0.164988,tcp,-,FIN,35,5,719.0,779.0,6.679,62,128,463.438,598.526,1,2,8.988,0.819,13.989,6.689,255,1229913968,4049793025,0,0.000287,0.003324,0.014477,43.1,18.6,0,93.0,2,2,4,3,2,4,0,0,0,2,4,0,Generic,1
1807,0.378456,udp,dhcp,FIN,10,4,1.0,16.0,23.121,128,31,697.941,1162.079,1,0,8.184,7.936,3.958,1.64,0,1745906719,652607006,255,0.038417,0.02664,0.027874,2.5,216.0,2,224.0,3,2,1,0,0,3,1,1,0,3,3,0,Normal,0
1808,0.098557,tcp,ssh,REQ,14,13,230.0,239.0,0.11,128,128,296.779,184.789,3,0,5.551,33.297,5.981,7.465,255,3077860168,2126510458,255,0.020899,0.000506,0.00897,88.0,242.0,0,48.0,3,5,2,3,2,5,0,0,1,0,4,0,Normal,0
1809,0.040298,udp,dns,FIN,14,10,503.0,263.0,9.529,62,62,1449.942,311.485,1,0,6.702,9.884,0.365,2.47,255,2768763392,3405241294,0,0.02382,0.002098,0.006421,95.7,8.6,1,286.0,1,6,0,5,4,2,0,0,0,2,1,0,Normal,0
1810,1.106646,tcp,dhcp,REQ,9,3,481.0,166.0,20.537,128,62,2038.329,303.925,0,0,6.461,16.21,0.229,2.174,0,1349050865,462564067,255,0.105435,0.001078,0.086877,126.8,25.0,2,100.0,8,2,1,4,4,0,0,0,1,2,3,0,Normal,0
1811,0.480637,tcp,http,CON,8,11,804.0,876.0,38.07,254,62,1324.394,20.441,0,3,9.478,0.617,3.064,1.764,0,2231387341,1940521315,255,0.183873,0.054658,0.005724,43.8,24.6,0,41.0,2,0,1,1,5,1,0,0,0,4,3,0,Normal,0
1812,0.050555,ospf,pop3,ECO,6,9,3685.0,19.0,57.301,128,254,1041.922,1502.413,0,3,9.729,2.598,3.341,11.397,0,3824029150,2450547849,255,0.001216,0.004794,0.010285,58.5,90.6,1,102.0,2,2,0,5,0,2,0,1,0,4,1,0,Normal,0
1813,0.011716,udp,dns,INT,27,6,1151.0,89.0,19.263,62,31,439.859,1116.125,1,0,0.368,18.618,0.221,6.728,0,2776068434,733411115,255,0.03245,0.047865,0.008643,6.9,29.2,0,426.0,1,4,1,1,2,2,0,0,0,2,5,0,Exploits,1
1814,0.504292,tcp,smtp,FIN,12,6,921.0,19.0,4.301,128,128,282.68,1951.604,0,1,0.741,6.387,5.456,2.518,255,3996473436,1786629350,0,0.116252,0.005199,0.022248,298.3,111.3,2,47.0,1,3,3,0,4,2,0,0,1,2,1,0,Normal,0
1815,0.783723,udp,-,RST,30,4,1548.0,52.0,30.29,254,31,1613.869,753.913,3,2,6.567,13.921,14.771,12.574,255,1813998832,762489097,0,0.066976,0.019964,0.035592,42.8,6.4,0,444.0,2,1,2,2,2,2,0,1,0,2,4,0,Fuzzers,1
1816,0.366656,tcp,smtp,INT,11,9,605.0,352.0,39.378,31,128,137.049,107.287,1,0,6.678,0.673,0.309,4.536,255,3713898881,2329602787,255,0.005664,0.028744,0.039669,59.9,0.8,1,416.0,7,2,3,5,1,1,0,0,1,3,1,1,Normal,0
1817,0.018612,udp,ssh,CON,30,3,1761.0,605.0,29.033,128,128,853.206,562.221,2,2,13.19,1.898,6.805,7.341,0,935846381,2142446027,255,0.058222,0.005125,0.001423,5.7,223.0,1,80.0,4,1,1,2,1,0,0,1,1,0,5,0,Exploits,1
1818,0.101253,tcp,dhcp,REQ,10,8,690.0,576.0,101.988,31,31,226.881,2204.129,0,0,13.721,8.816,0.492,2.441,255,853435340,2219209133,0,0.016202,0.024069,0.012413,106.5,51.3,1,225.0,2,0,3,3,4,5,0,0,0,3,4,0,Normal,0
1819,0.028165,tcp,ftp,ECO,14,9,678.0,170.0,14.193,254,254,168.824,1284.493,0,0,4.175,11.935,0.167,7.525,0,3225231227,2052940200,255,0.003125,0.072635,0.005385,125.9,294.1,1,221.0,5,2,2,3,1,1,0,1,0,3,5,0,Normal,0
1820,0.703854,tcp,-,ECO,31,4,1946.0,685.0,16.462,128,31,1228.651,14.217,0,2,0.098,2.715,0.486,4.972,255,4183345988,3085967512,0,0.081798,0.005437,0.005606,253.2,35.0,0,368.0,0,0,3,2,1,3,0,0,1,3,2,0,Generic,1
1821,0.080921,tcp,-,INT,24,10,823.0,217.0,7.226,128,31,32.895,782.911,2,1,19.65,2.57,11.911,2.402,255,1262560325,1097085731,0,0.084025,0.001652,0.024828,198.8,13.2,0,114.0,4,2,2,2,1,2,0,0,0,1,2,0,Reconnaissance,1
1822,0.908339,tcp,http,ECO,10,7,137.0,1453.0,39.726,62,128,860.729,472.201,0,1,4.853,7.381,13.43,0.91,255,1421470306,997955183,0,0.134489,0.038972,0.015351,20.1,55.4,0,278.0,4,1,1,2,1,3,0,0,1,1,1,0,Normal,0
1823,0.668716,tcp,ftp,CON,13,8,120.0,270.0,0.723,128,31,62.862,1364.041,0,4,6.602,0.397,3.422,1.705,0,3738075506,112117540,0,0.032174,0.002991,0.093936,55.8,291.1,0,76.0,2,1,2,1,1,0,0,0,0,4,4,0,Normal,0
1824,0.295798,arp,pop3,ECO,41,7,313.0,84.0,202.252,254,62,2369.367,2967.986,1,1,8.02,6.683,16.942,8.158,0,2279253597,3662793900,255,0.072452,0.029708,0.014396,151.0,26.7,0,229.0,3,3,0,2,2,0,0,0,0,1,2,1,Generic,1
1825,0.286703,tcp,http,ECO,37,10,282.0,405.0,87.184,62,254,1264.994,618.906,1,1,5.268,8.231,3.357,2.396,0,3232007118,1868688029,255,0.090693,0.016173,0.01136,26.9,121.3,0,235.0,4,2,3,2,1,1,0,0,1,5,4,1,Exploits,1
1826,0.052055,tcp,http,REQ,16,1,493.0,120.0,10.486,62,254,1218.488,1300.215,2,1,21.082,19.459,5.224,3.633,255,3717719018,1125518898,255,0.004985,0.014744,0.030641,86.9,26.5,1,65.0,4,4,3,1,0,4,0,0,0,3,4,0,Normal,0
1827,0.144431,tcp,-,REQ,10,4,886.0,447.0,26.477,31,62,553.614,470.073,0,1,1.911,11.106,8.105,2.027,0,831684317,3976476962,255,0.10712,0.063001,0.008018,89.8,12.3,0,112.0,2,3,3,0,2,1,0,0,2,1,2,1,Normal,0
1828,0.054759,udp,dns,REQ,9,5,251.0,121.0,6.14,128,128,523.642,1218.199,1,0,19.109,9.127,1.76,11.956,255,2253554764,4085297743,255,0.006084,0.003475,0.020119,135.4,75.6,0,27.0,2,3,2,0,0,2,0,0,0,3,4,0,Normal,0
1829,0.881342,tcp,smtp,FIN,21,6,747.0,33.0,24.078,128,254,1085.485,745.309,1,0,6.891,0.105,0.588,0.08,0,123552817,3033902419,255,0.05669,0.043213,0.007699,82.6,2.7,1,57.0,3,1,0,4,1,3,1,1,0,1,1,0,Reconnaissance,1
1830,0.33111,tcp,ftp,ECO,15,5,808.0,577.0,116.792,254,62,55.231,1575.331,0,2,23.988,18.765,8.393,1.878,255,1263569818,2236725880,255,0.045613,0.012633,0.008564,13.6,55.3,0,16.0,3,2,6,4,1,1,0,0,0,2,5,0,Normal,0
1831,0.043036,udp,dns,RST,4,5,242.0,399.0,59.844,128,254,683.047,37.338,1,1,6.001,32.171,10.006,4.235,255,1238505031,2277020645,0,0.029407,0.003566,0.010862,221.8,22.6,0,173.0,2,1,6,3,1,4,0,0,0,1,3,0,Normal,0
1832,0.867106,tcp,http,ECO,26,16,1818.0,130.0,15.927,128,62,1192.673,685.252,2,1,31.415,2.382,6.412,1.674,255,1176661874,2586514104,255,0.019788,0.130685,0.013795,24.7,636.2,0,278.0,1,3,1,1,4,2,0,1,0,3,0,0,Analysis,1
1833,0.032699,ospf,pop3,FIN,13,6,133.0,441.0,67.793,62,254,2095.997,1327.314,2,2,17.481,7.404,6.258,4.985,0,2388183802,1907510943,255,0.069946,0.007914,0.055373,312.7,49.1,0,581.0,4,1,2,1,3,3,0,0,0,2,5,0,Normal,0
1834,0.124459,tcp,-,RST,9,8,455.0,450.0,85.922,31,128,2216.781,154.174,2,3,14.872,11.863,0.651,1.571,255,2140852470,1281645891,255,0.028418,0.061956,0.043683,276.3,168.0,0,83.0,3,1,3,2,2,2,0,0,1,4,1,0,Normal,0
1835,0.913286,udp,http,INT,8,10,166.0,309.0,3.254,31,128,189.813,80.856,0,4,17.177,10.71,5.14,5.871,255,1540131027,1627677039,0,0.005672,0.020603,0.028109,8.5,4.7,0,492.0,3,2,5,4,0,1,0,0,0,2,3,0,Normal,0
1836,0.473317,tcp,smtp,RST,11,7,925.0,488.0,32.745,128,62,365.876,155.508,1,0,4.271,10.756,2.247,2.555,255,2826473739,2150157024,255,0.036818,0.003282,0.019218,47.2,9.9,0,443.0,2,3,2,3,0,1,0,0,2,4,1,1,Normal,0
1837,0.380806,udp,pop3,ECO,10,1,407.0,81.0,1.326,62,254,1207.872,916.299,0,0,15.422,0.957,2.929,5.131,0,2745142565,2036990504,255,0.048423,0.006761,0.001582,134.4,211.3,0,208.0,0,5,1,2,0,2,0,0,0,2,4,0,Normal,0
1838,1.014704,udp,dns,ECO,10,5,134.0,1493.0,26.331,31,62,760.065,750.428,2,1,7.268,4.523,1.95,0.54,0,2709328678,4040597201,0,0.04149,0.002116,0.009537,15.3,19.3,1,16.0,1,1,2,4,1,1,0,0,0,1,5,0,Normal,0
1839,0.090576,tcp,-,ECO,30,4,1338.0,198.0,16.177,31,254,228.697,1143.501,2,1,32.782,4.542,10.787,4.891,0,3032301432,3495358402,0,0.059964,0.020653,0.055383,1.7,4.2,0,257.0,2,3,4,2,1,1,0,0,1,0,2,0,Exploits,1
1840,0.168539,tcp,smtp,FIN,38,8,257.0,332.0,23.903,128,254,803.887,1863.007,1,3,3.428,16.675,3.09,7.666,0,5387769,742149569,0,0.001128,0.091215,0.044168,140.2,61.0,0,440.0,3,2,3,3,2,1,1,1,0,4,3,0,Exploits,1
1841,0.249617,tcp,ftp,CON,5,11,573.0,505.0,22.104,62,62,332.974,152.026,2,0,4.807,16.718,2.84,5.274,255,453650074,1650839353,255,0.031108,0.003524,0.013322,60.8,120.3,0,1.0,6,1,2,2,1,4,0,0,0,0,4,0,Normal,0
1842,0.909967,tcp,ftp,CON,29,6,566.0,323.0,44.354,128,254,782.582,373.075,1,0,8.223,22.123,3.467,2.97,0,3206449967,2188339129,255,0.015973,0.015706,0.052876,29.6,76.4,0,19.0,7,5,1,2,3,2,1,0,0,1,5,0,Generic,1
1843,0.067305,ospf,dhcp,REQ,12,9,803.0,860.0,29.583,128,62,696.668,23.821,1,4,2.014,4.041,0.176,1.181,0,3066896451,4152337085,0,0.061506,0.017284,0.009545,3.6,16.4,1,90.0,2,1,1,1,2,2,0,0,0,2,3,0,Normal,0
1844,0.785932,tcp,dhcp,ECO,33,11,2964.0,549.0,56.426,128,31,876.983,77.545,0,3,12.083,0.029,2.321,2.747,255,1569864884,2713586523,0,0.067398,0.085135,0.017514,143.9,112.0,0,16.0,1,1,3,0,2,1,0,1,1,3,2,0,Analysis,1
1845,0.014288,udp,ftp,RST,5,9,82.0,63.0,70.885,31,62,1353.752,109.143,3,1,1.424,4.959,4.987,2.177,255,2327612953,1212332306,0,0.106694,0.009911,0.06895,20.3,96.2,1,617.0,3,1,1,3,6,2,0,0,0,0,0,0,Normal,0
1846,0.146645,arp,smtp,REQ,27,6,716.0,531.0,57.538,128,128,180.981,1928.213,1,2,2.518,7.799,1.483,0.463,0,4287338365,1894217330,0,0.005997,0.027953,0.005827,28.0,147.7,1,84.0,0,4,3,4,2,0,0,0,0,1,4,0,Generic,1
1847,0.1277,udp,smtp,RST,10,11,570.0,222.0,58.879,128,31,965.272,1370.541,0,1,10.034,17.116,7.858,0.313,255,1909990279,3827988861,0,0.020854,0.032679,0.054907,90.1,237.9,2,476.0,2,4,1,1,1,4,0,0,0,3,1,1,Normal,0
1848,0.310063,udp,dhcp,CON,30,8,1565.0,433.0,77.896,128,254,757.0,334.116,0,0,22.317,3.131,10.533,1.922,255,902678652,549271881,0,0.048366,0.00855,0.001807,39.1,251.8,0,14.0,2,2,0,2,1,5,0,0,0,2,3,0,Generic,1
1849,0.280488,tcp,dhcp,REQ,7,10,30.0,83.0,129.759,254,128,624.69,81.293,2,0,1.685,6.906,1.266,2.323,0,520289964,316449898,255,0.029955,0.009197,0.032444,72.4,71.0,1,52.0,4,1,1,1,1,0,0,0,0,2,2,0,Normal,0
1850,1.980754,tcp,ftp,REQ,31,12,350.0,9.0,78.637,62,128,756.643,372.473,0,1,6.612,3.81,2.833,9.582,0,3538701309,1920873562,255,0.112997,0.016669,0.061818,233.4,57.4,1,10.0,2,3,3,1,6,3,0,2,0,2,5,0,Exploits,1
1851,0.242796,tcp,-,CON,16,9,1838.0,66.0,7.062,128,254,904.307,183.66,0,2,2.794,8.741,1.32,8.839,0,4257098094,3222469076,255,0.007161,0.00607,0.041899,28.5,28.4,0,265.0,3,1,2,1,2,2,0,1,0,4,3,1,Normal,0
1852,0.499024,tcp,-,REQ,34,14,2384.0,67.0,30.658,62,254,300.902,2541.642,0,2,3.159,17.95,5.647,5.993,255,1634921893,3239096279,255,0.233084,0.023723,0.035867,55.9,29.1,1,150.0,3,3,1,2,1,3,0,0,0,3,5,0,Reconnaissance,1
1853,0.01743,tcp,-,ECO,9,5,455.0,153.0,35.744,62,62,1501.099,1220.985,4,0,2.112,1.695,2.06,0.227,0,1279320089,1379886235,255,0.137697,0.006818,0.005824,190.6,143.2,1,170.0,3,3,2,1,0,1,0,0,0,1,4,0,Normal,0
1854,0.72269,tcp,pop3,RST,37,14,1915.0,4.0,9.808,31,128,1796.061,327.977,2,2,8.824,31.727,0.06,0.147,255,1846819297,2395945491,0,0.006034,0.012619,0.015889,216.8,62.8,1,231.0,2,1,4,3,1,0,0,0,0,0,3,0,Exploits,1
1855,0.273949,tcp,ssh,ECO,32,9,2167.0,511.0,22.429,128,31,450.608,962.82,1,0,6.308,18.948,7.965,6.663,255,22105086,2458520639,0,0.152466,0.012369,0.008799,252.6,79.4,0,229.0,3,0,2,2,2,3,0,0,0,3,6,0,Fuzzers,1
1856,0.233492,tcp,pop3,RST,41,12,838.0,216.0,13.361,254,128,210.473,3349.432,0,1,15.552,0.943,8.288,0.578,255,3149928981,4086147770,255,0.04196,0.028316,0.010111,118.1,32.2,2,130.0,2,1,0,2,1,0,0,0,0,2,2,0,Worms,1
1857,0.073147,tcp,http,INT,15,6,133.0,575.0,38.681,31,128,352.428,740.53,0,0,0.621,14.946,2.313,0.826,0,1727918839,1166228876,255,0.018513,0.028001,0.030734,65.5,18.3,0,54.0,2,2,1,1,1,1,1,0,0,0,1,0,Normal,0
1858,1.416059,tcp,-,FIN,13,6,801.0,930.0,25.651,62,254,418.33,2285.067,1,1,3.854,11.896,3.195,6.867,0,3143102632,4288917672,255,0.039397,0.010221,0.054868,10.8,85.6,0,99.0,4,2,3,0,1,2,0,0,0,1,2,0,Normal,0
1859,0.493498,tcp,http,ECO,5,10,876.0,327.0,5.116,128,31,1701.336,292.687,1,1,7.297,4.071,1.568,7.944,255,699517965,2518477533,255,0.034239,0.012614,0.008656,580.4,18.4,2,370.0,3,1,1,1,1,1,0,0,1,1,7,0,Normal,0
1860,0.156362,tcp,ssh,INT,11,11,29.0,902.0,67.661,254,62,997.763,1278.577,1,0,10.364,1.249,0.595,2.577,255,2191430349,1848617297,255,0.039131,0.031085,0.086842,106.8,9.3,0,263.0,1,1,4,1,2,5,1,2,0,1,2,1,Normal,0
1861,0.016063,udp,-,REQ,34,6,56.0,21.0,102.127,254,128,156.564,1006.026,0,0,5.028,0.632,0.293,11.801,255,389350022,4115268466,0,0.055912,0.022737,0.01547,33.5,22.8,1,87.0,2,5,2,2,2,4,0,0,0,3,1,0,Generic,1
1862,0.886135,udp,ssh,FIN,23,5,979.0,871.0,1.534,62,254,122.272,428.464,0,2,12.247,13.93,18.902,3.742,255,939225987,3308182303,255,0.058865,0.006898,0.002164,223.7,42.5,1,150.0,2,2,4,1,2,3,0,0,0,3,3,0,Shellcode,1
1863,0.479877,tcp,dhcp,ECO,21,8,2605.0,400.0,7.273,128,31,1273.9,410.724,1,1,17.806,11.436,7.437,9.653,255,382806625,110489134,255,0.009021,0.030538,0.009888,42.6,62.7,0,432.0,2,4,1,4,2,1,0,0,0,2,3,0,Shellcode,1
1864,0.266259,tcp,http,ECO,7,6,41.0,275.0,130.942,31,128,705.533,69.389,1,1,14.254,10.678,3.736,10.393,255,3590406770,3609297394,255,0.000528,0.053675,0.036196,13.4,75.1,0,982.0,2,3,2,1,4,0,0,0,1,1,2,0,Normal,0
1865,0.154644,tcp,ssh,ECO,28,10,2757.0,950.0,28.522,62,128,2468.598,1486.216,1,0,22.946,10.431,4.531,0.889,255,257559648,966112848,0,0.118578,0.011147,0.015056,260.4,410.5,1,178.0,3,1,5,1,2,6,0,0,1,0,3,0,Generic,1
1866,0.646485,tcp,smtp,CON,28,9,636.0,48.0,26.154,254,62,101.673,777.116,0,1,11.335,16.52,3.034,20.869,255,3011071490,3831215936,255,0.08239,0.01634,0.018522,28.2,243.0,0,97.0,2,2,7,3,4,2,0,0,0,0,5,0,DoS,1
1867,0.749032,tcp,dhcp,ECO,26,3,989.0,486.0,11.875,31,128,3607.167,33.427,0,1,3.494,53.679,2.809,2.842,0,606804239,713552694,255,0.035532,0.028947,0.014473,25.6,11.3,0,277.0,5,3,4,4,2,1,0,0,0,3,3,0,Reconnaissance,1
1868,0.260728,arp,http,REQ,9,9,426.0,604.0,78.871,128,31,189.869,1661.8,1,2,15.37,0.492,0.053,10.638,255,4016567586,432194639,255,0.001937,0.002389,0.015915,9.9,287.4,0,94.0,2,2,2,2,1,1,1,0,0,1,1,0,Normal,0
1869,0.409773,tcp,http,FIN,6,11,340.0,386.0,32.262,128,128,481.824,1085.158,1,1,11.894,21.385,1.507,3.549,0,2254927567,1324455418,0,0.054976,0.002502,0.059836,554.7,78.7,0,58.0,0,2,3,4,1,1,0,1,0,2,0,0,Normal,0
1870,1.656812,tcp,-,REQ,32,9,3143.0,75.0,37.177,254,62,1184.021,262.175,1,0,2.229,9.757,5.205,2.391,0,2472931587,2144327358,0,0.064432,0.002455,0.001419,42.0,21.0,0,57.0,3,0,0,3,0,0,0,0,0,2,8,0,Fuzzers,1
1871,2.225122,udp,ssh,INT,13,5,246.0,119.0,20.385,128,31,3958.463,214.372,1,1,43.308,10.35,6.937,1.911,255,3393549464,3323171854,0,0.084817,0.023568,0.070402,298.4,75.0,0,32.0,4,2,0,1,2,2,0,1,0,1,1,0,Normal,0
1872,1.020309,tcp,pop3,REQ,10,5,1579.0,179.0,15.874,62,31,1164.837,927.374,2,3,18.53,10.79,6.874,0.121,255,1336051530,554163227,255,0.05441,0.022486,0.006576,11.5,12.3,0,27.0,2,1,3,2,1,1,0,0,0,3,2,0,Normal,0
1873,0.329956,tcp,-,FIN,33,7,1311.0,975.0,79.317,128,31,89.22,3.122,2,1,4.792,4.396,2.111,1.59,255,83428694,2336051951,0,0.008939,0.015289,0.022867,139.5,1.8,0,380.0,4,2,3,1,2,3,0,0,1,2,1,0,Shellcode,1
1874,0.059827,tcp,dns,REQ,42,3,894.0,51.0,105.854,128,31,13.275,933.949,3,1,5.378,8.814,9.275,10.535,0,3706317048,2121412882,0,0.087111,0.007497,0.046574,183.2,5.9,0,275.0,3,0,2,1,4,2,0,0,0,1,3,1,Shellcode,1
1875,0.874417,icmp,ssh,RST,26,9,636.0,64.0,93.568,62,128,782.679,870.683,1,2,13.354,28.473,13.001,7.45,255,1157742237,1485240610,0,0.042242,0.00461,0.001759,24.2,15.6,1,147.0,2,0,2,1,1,4,0,0,3,2,7,0,Reconnaissance,1
1876,0.017505,tcp,pop3,RST,29,12,2650.0,13.0,36.778,128,62,188.153,915.432,1,1,26.859,3.334,2.684,17.034,255,57763812,3726806067,0,0.051233,0.015968,0.030096,240.6,90.7,1,29.0,3,0,2,2,2,4,0,0,0,0,2,0,Fuzzers,1
1877,0.189022,udp,dhcp,RST,11,8,207.0,177.0,96.52,31,31,128.558,2078.123,2,1,7.622,15.276,7.253,1.355,0,2120007891,3618366226,0,0.080021,0.056425,0.000499,228.1,47.9,1,106.0,3,1,2,1,4,2,0,0,0,0,0,0,Normal,0
1878,0.020273,udp,ssh,REQ,5,13,148.0,76.0,204.625,254,128,465.023,1790.35,1,2,11.58,0.688,2.138,7.669,255,2176987362,1917948424,0,0.074262,0.013688,0.009923,127.8,38.5,2,176.0,5,2,1,4,1,3,0,0,0,3,2,0,Normal,0
1879,0.553253,tcp,dhcp,RST,13,8,280.0,117.0,39.891,62,128,460.411,831.011,1,2,23.026,0.067,2.576,4.42,255,240521138,863375762,0,0.01356,0.0036,0.050156,24.5,97.2,0,112.0,2,0,1,2,2,3,0,0,1,3,2,0,Normal,0
1880,0.220431,udp,dhcp,FIN,33,7,776.0,421.0,82.33,128,254,1164.887,688.545,1,1,13.024,38.16,5.345,1.499,255,2803870952,3114960477,255,0.004998,0.008208,0.002489,36.3,253.6,1,286.0,4,2,0,2,3,4,1,1,0,1,1,0,Generic,1
1881,0.397284,tcp,dhcp,RST,7,7,132.0,619.0,24.101,62,62,3007.232,117.913,2,0,0.658,4.06,19.786,3.139,255,2271459201,1824679412,0,0.003078,0.008273,0.008591,25.1,39.0,0,519.0,3,1,0,1,2,2,0,1,0,1,3,0,Normal,0
1882,0.296398,tcp,dns,INT,32,8,3292.0,494.0,3.119,128,128,1629.182,532.247,0,2,16.18,2.517,2.259,0.83,0,4141239683,204164554,0,0.011003,0.002828,0.000946,138.5,57.1,1,7.0,2,2,0,5,3,8,0,0,1,1,3,0,Generic,1
1883,0.41598,tcp,dns,REQ,12,14,232.0,371.0,27.058,62,128,1052.936,410.966,2,2,3.581,16.14,5.908,5.592,0,76358092,3449457542,255,0.038044,0.012609,0.017661,167.6,4.5,2,144.0,2,1,1,3,2,4,0,1,1,4,5,0,Normal,0
1884,0.0624,ospf,dns,REQ,26,9,1342.0,83.0,28.775,62,31,368.431,1729.96,0,2,23.1,8.465,3.887,0.496,0,2382739290,81928238,255,0.007445,0.008401,0.032988,0.8,100.1,1,207.0,4,1,1,3,0,2,0,0,0,3,2,0,Exploits,1
1885,0.051034,tcp,dhcp,ECO,11,5,103.0,25.0,18.701,128,62,360.613,1221.549,0,2,23.515,1.939,2.896,5.855,255,3469817527,3814606170,0,0.006554,0.009319,0.003783,97.7,37.0,0,121.0,0,2,2,2,5,2,0,0,0,1,1,1,Normal,0
1886,0.583094,tcp,ftp,CON,7,7,442.0,31.0,59.608,128,128,922.649,1124.381,2,2,7.31,22.796,4.445,5.719,255,2328518327,933625590,0,0.039411,0.00408,0.007771,115.9,25.8,1,17.0,2,5,1,0,1,1,0,1,0,2,3,0,Normal,0
1887,0.276973,icmp,pop3,INT,13,4,16.0,361.0,30.463,128,254,4482.948,3325.672,0,0,5.993,18.39,10.383,9.773,0,520163704,2062330666,255,0.029968,0.003776,0.013218,0.6,228.1,0,247.0,3,1,3,3,3,0,0,0,2,0,0,1,Normal,0
1888,0.285603,tcp,ssh,RST,4,10,170.0,917.0,84.036,62,128,2698.151,101.987,0,1,10.448,10.104,2.366,1.093,0,2820927452,1432825266,255,0.01356,0.019002,0.002801,17.3,92.5,1,474.0,1,2,3,0,1,0,0,0,0,2,4,0,Normal,0
1889,0.036159,icmp,-,REQ,32,3,676.0,60.0,8.27,31,128,1509.997,137.109,1,0,5.259,6.136,0.057,4.953,0,2969402525,1049773398,255,0.032598,0.012109,0.018295,109.7,239.5,1,395.0,2,2,3,4,2,0,0,1,1,1,3,0,DoS,1
1890,0.462715,udp,dns,CON,10,8,671.0,260.0,25.453,254,128,3433.547,717.775,1,1,13.246,8.723,1.691,7.908,0,2307726677,3326194983,255,0.018541,0.016133,0.014291,284.1,74.6,0,76.0,2,2,3,5,0,1,0,0,0,1,2,0,Normal,0
1891,0.408698,tcp,http,INT,6,9,1595.0,38.0,62.137,128,62,615.349,618.151,1,1,40.489,5.449,0.846,3.289,0,2000818036,3293703840,255,0.065068,0.01392,0.013911,34.7,116.2,0,154.0,3,1,0,2,3,2,0,0,0,0,2,0,Normal,0
1892,0.013079,udp,ssh,RST,35,4,410.0,1986.0,3.203,254,62,171.799,337.424,0,2,7.522,0.503,4.946,2.89,0,1659783130,1859220759,0,0.024763,0.008038,0.012747,245.8,31.3,0,74.0,6,4,2,2,2,3,0,0,1,2,3,0,Exploits,1
1893,0.049966,udp,dns,ECO,35,10,365.0,59.0,26.158,254,62,1626.735,2179.799,1,2,32.55,2.971,1.812,5.45,255,3758185218,2237675561,0,0.008511,0.020336,0.000227,249.2,13.7,0,200.0,3,0,1,2,4,2,0,0,0,1,1,1,Generic,1
1894,0.385137,tcp,ftp,FIN,9,8,65.0,99.0,5.959,62,254,1001.074,617.023,0,1,1.786,0.749,2.848,0.99,255,1781581715,2852618428,0,0.095288,0.005573,0.032943,8.7,58.8,1,309.0,5,3,3,0,3,1,0,0,0,4,4,0,Normal,0
1895,0.036284,ospf,-,INT,4,10,769.0,1849.0,18.583,62,62,389.051,215.815,1,0,2.47,13.061,0.363,3.109,255,2942057910,3823464312,255,0.091856,0.019959,0.005653,184.0,23.7,0,288.0,1,2,1,2,5,0,0,1,0,3,2,0,Normal,0
1896,0.149134,icmp,http,RST,7,5,909.0,184.0,18.643,62,128,3928.26,110.646,1,1,9.428,14.862,36.948,4.852,0,251884971,504602171,0,0.052843,0.008485,0.000771,141.4,29.8,1,123.0,1,3,2,2,0,2,0,0,0,2,2,0,Normal,0
1897,0.068739,icmp,pop3,FIN,22,12,2446.0,446.0,18.806,254,31,2714.054,237.836,2,1,7.623,3.985,0.113,3.053,255,1729622961,221854371,0,0.004293,0.018085,0.009606,114.8,34.4,0,504.0,2,3,3,1,3,1,0,1,0,0,2,0,Generic,1
1898,0.33805,udp,pop3,CON,7,8,819.0,36.0,16.687,31,254,1935.957,497.695,3,0,7.297,3.036,3.511,17.997,0,1778863879,1942611817,0,0.090685,0.011683,0.013184,34.8,11.4,1,168.0,3,2,3,1,3,1,0,0,0,2,2,0,Normal,0
1899,0.353499,tcp,ftp,FIN,14,9,154.0,1828.0,65.124,254,254,258.772,3621.731,0,1,30.852,7.06,2.658,0.552,255,292985088,2249980354,0,0.007116,0.020475,0.02921,85.8,1.6,0,301.0,5,2,1,3,2,1,0,0,0,6,1,0,Normal,0
1900,0.430028,tcp,pop3,REQ,10,9,48.0,62.0,0.537,254,254,1528.879,193.561,0,3,0.176,11.107,0.513,1.064,0,717065574,205465859,255,0.071604,0.018319,0.005075,65.0,5.2,2,29.0,1,3,3,2,1,2,0,0,0,1,2,0,Normal,0
1901,0.672501,tcp,smtp,INT,17,9,1711.0,87.0,9.426,128,128,3722.741,765.905,1,3,5.372,2.419,5.18,2.373,255,2476643184,177396722,255,0.057786,0.013391,0.002468,40.0,104.3,0,19.0,3,0,0,0,0,1,0,0,0,2,3,0,Generic,1
1902,0.241246,tcp,ftp,CON,10,4,563.0,387.0,160.835,31,128,299.934,474.83,2,2,20.697,12.407,10.893,6.904,255,2816297846,1407835872,255,0.013078,0.022079,0.014029,314.8,25.2,0,142.0,3,2,1,4,1,1,0,0,0,4,3,1,Normal,0
1903,0.020474,udp,dns,FIN,19,4,235.0,190.0,84.489,128,31,82.456,519.542,1,1,0.378,9.579,0.368,12.452,0,68153251,3458202331,0,0.163422,0.004247,0.013205,119.7,15.5,1,350.0,3,2,3,3,1,2,0,0,0,4,1,0,Fuzzers,1
1904,0.976973,udp,ssh,REQ,10,5,928.0,187.0,36.025,31,128,837.226,1889.035,1,1,27.74,6.393,3.729,0.597,0,2101218643,27086714,255,0.027716,0.00848,0.003829,523.2,36.6,1,123.0,3,3,1,4,3,2,0,0,0,2,6,0,Normal,0
1905,0.428056,tcp,dhcp,RST,40,7,3761.0,525.0,96.352,62,62,1140.371,22.948,1,1,1.048,2.545,0.658,2.838,0,3856309867,2871470501,0,0.052865,0.024504,0.01996,52.0,100.3,1,10.0,3,0,2,2,3,1,1,0,1,5,2,0,Generic,1
1906,0.238284,tcp,dns,CON,16,8,40.0,904.0,15.117,31,128,1677.635,2235.329,1,1,2.909,11.382,45.944,10.92,255,629006323,175280419,0,0.044239,0.03641,0.029362,86.3,21.0,0,103.0,1,0,2,0,0,2,0,0,0,1,4,1,Normal,0
1907,0.425654,udp,ftp,REQ,14,6,109.0,1715.0,41.718,254,128,73.576,377.443,1,0,6.992,0.649,16.77,25.104,0,2440071426,2902511603,255,0.008848,0.007664,0.043227,117.8,94.9,0,3.0,2,2,2,2,1,1,0,1,1,5,6,0,Normal,0
1908,0.125983,tcp,pop3,RST,9,8,341.0,18.0,15.505,31,31,70.119,3544.602,1,1,4.688,15.065,6.421,1.001,0,1191326646,1045641525,255,0.092192,0.059387,0.015758,154.7,30.0,1,154.0,4,1,3,2,4,2,0,0,1,2,2,0,Normal,0
1909,0.213844,arp,smtp,REQ,25,6,845.0,81.0,13.719,62,254,76.467,1107.685,3,0,9.57,18.612,0.96,1.583,0,443795370,3715491593,0,0.025658,0.019458,0.017386,59.3,37.2,1,45.0,2,4,3,1,3,1,0,1,1,1,1,0,Fuzzers,1
1910,0.599612,udp,dns,REQ,31,9,821.0,941.0,3.612,128,128,822.344,1223.223,1,1,0.991,0.63,1.104,0.804,0,445355533,3188509429,0,0.060625,0.060037,0.003916,3.7,13.0,0,81.0,3,1,1,4,3,2,0,0,0,1,8,0,DoS,1
1911,0.503107,tcp,dns,CON,11,4,2911.0,97.0,0.587,62,62,2595.354,468.424,1,1,39.03,38.496,22.778,0.386,0,2835815194,767372494,0,0.011989,0.005718,0.001755,94.0,79.8,1,5.0,7,4,1,2,2,4,0,0,0,0,3,1,Normal,0
1912,1.415151,tcp,smtp,ECO,18,6,160.0,138.0,65.028,62,254,329.594,2104.123,2,3,1.4,21.669,7.174,1.889,255,1681366997,1844838394,0,0.025772,0.020999,0.027983,78.3,128.9,0,386.0,0,0,4,2,3,3,0,0,0,1,4,0,Normal,0
1913,0.172426,udp,http,ECO,34,6,5292.0,286.0,34.107,62,128,1483.959,1168.684,2,2,15.447,9.225,12.37,1.797,255,2730371582,1598931561,255,0.048736,0.000741,0.00309,81.9,84.3,0,391.0,6,1,1,1,1,2,0,0,1,3,5,0,Reconnaissance,1
1914,0.424751,tcp,-,RST,12,9,280.0,32.0,30.049,31,31,591.871,397.614,1,0,3.776,10.699,0.072,0.158,255,3624265644,3770386682,0,0.025051,0.036181,0.087482,97.9,188.2,1,118.0,3,2,3,6,0,0,0,0,0,2,0,0,Normal,0
1915,0.344164,udp,ssh,ECO,8,4,4.0,354.0,76.677,31,31,2775.255,1395.428,2,0,22.843,7.224,4.858,7.326,255,54672829,4050407348,0,0.035002,0.007054,0.003369,138.3,101.8,1,44.0,1,0,1,4,2,3,1,0,0,5,3,0,Normal,0
1916,0.024409,tcp,http,REQ,14,9,1206.0,125.0,40.221,254,128,2362.151,1032.561,0,0,3.786,2.843,2.809,7.023,0,3881024735,384880425,0,0.071092,0.016894,0.012513,72.7,46.4,0,1028.0,0,2,4,1,5,2,0,1,1,2,8,0,Normal,0
1917,0.144812,tcp,smtp,REQ,28,8,1668.0,378.0,82.016,128,254,19.536,96.101,0,0,3.893,5.058,0.152,1.172,255,788417690,3619744265,255,0.013318,0.016821,0.005207,11.0,24.4,0,235.0,4,7,1,4,1,2,0,0,0,4,2,0,Generic,1
1918,1.48915,tcp,pop3,RST,28,5,1176.0,787.0,42.909,128,128,3068.213,582.11,2,1,3.162,5.666,0.68,0.789,255,3248538327,3143115168,0,0.104571,0.011012,0.000949,169.2,21.8,0,326.0,6,2,3,2,3,1,0,0,0,1,4,1,Exploits,1
1919,0.255346,udp,http,FIN,37,3,1430.0,646.0,37.203,128,62,2307.638,2037.966,1,2,17.803,6.645,2.728,6.145,255,4105223312,936729785,255,0.065962,0.010179,0.005523,21.8,1.3,1,2.0,3,0,5,2,3,3,0,0,2,2,2,1,Generic,1
1920,0.053139,arp,dns,CON,25,6,2561.0,10.0,7.219,128,128,1580.849,435.553,1,0,23.357,20.844,0.544,1.328,255,3519342535,1759667796,0,0.055492,0.00206,0.047185,227.6,2.3,0,126.0,5,3,5,1,2,1,0,1,1,0,2,0,Analysis,1
1921,0.319331,icmp,dhcp,CON,11,4,1453.0,285.0,10.693,62,254,1305.369,213.066,0,0,5.741,16.891,0.021,6.395,0,3440351475,2977702913,255,0.048929,0.02482,0.014129,195.7,64.2,0,92.0,2,2,3,2,0,1,1,0,0,7,1,0,Normal,0
1922,0.672739,tcp,-,REQ,14,13,365.0,167.0,39.192,128,31,483.715,3169.734,1,2,6.672,6.008,3.619,3.678,0,4261484169,1850158862,255,0.028815,0.006613,0.000343,198.0,70.1,0,189.0,3,1,2,3,0,3,0,0,1,2,1,0,Normal,0
1923,1.00911,udp,pop3,CON,18,6,589.0,2057.0,11.49,128,62,352.471,577.237,0,2,8.047,0.384,1.815,3.126,0,3359974407,2672418468,0,0.006583,0.011143,0.041333,86.0,82.2,0,90.0,1,0,2,1,1,3,0,0,0,2,2,0,Normal,0
1924,0.522061,tcp,http,INT,14,8,154.0,372.0,41.744,254,62,1376.981,120.941,0,1,12.862,9.423,3.213,7.837,0,2896583964,2091802246,255,0.08672,0.0382,0.001426,435.5,176.2,0,10.0,2,3,3,4,1,1,1,1,0,3,2,0,Normal,0
1925,0.162573,tcp,dhcp,INT,8,6,781.0,650.0,28.025,62,128,164.641,738.201,0,0,7.337,2.702,3.76,3.316,0,1391539740,4166096110,255,0.003786,0.015154,0.033665,154.1,43.7,0,808.0,6,4,4,1,1,1,0,0,0,1,3,1,Normal,0
1926,0.561887,icmp,dns,RST,13,3,172.0,331.0,3.846,254,254,1722.247,309.001,1,0,30.218,3.494,2.057,2.29,255,202547269,1868732286,0,0.051323,0.011336,0.020782,7.8,118.8,0,34.0,4,3,2,2,0,3,0,1,0,0,2,0,Normal,0
1927,0.510535,tcp,-,REQ,11,8,542.0,667.0,8.613,128,254,578.928,7.074,0,1,14.469,0.24,0.421,0.973,0,1668791698,976762459,255,0.076085,0.009933,0.004993,69.5,66.9,1,3.0,2,0,3,1,2,5,0,0,0,1,3,0,Normal,0
1928,1.279509,arp,ssh,FIN,26,6,111.0,45.0,87.887,128,254,6.749,1166.798,3,0,22.107,12.131,3.926,5.004,255,1050144266,3513574979,0,0.007332,0.034409,0.020205,325.2,25.8,0,75.0,2,3,2,0,0,1,0,0,1,2,1,0,Exploits,1
1929,0.503384,tcp,http,RST,11,1,56.0,444.0,87.343,128,31,956.186,249.141,0,1,2.342,15.052,0.807,2.113,0,2017920387,3149345778,255,0.054974,0.004414,0.004695,62.3,81.0,1,22.0,6,3,1,2,1,2,0,0,2,2,4,0,Normal,0
1930,0.339093,tcp,ftp,INT,10,9,1120.0,150.0,3.848,62,254,257.498,301.333,0,2,0.398,0.95,6.341,6.627,255,1671965256,1298891441,255,0.015587,0.023563,0.000218,29.5,10.8,0,213.0,2,0,1,2,0,2,0,0,1,2,6,0,Normal,0
1931,0.099267,tcp,smtp,FIN,29,9,175.0,141.0,120.047,128,128,533.899,97.009,1,5,10.684,13.546,0.965,2.15,255,471885693,2707373658,255,0.051602,0.018779,0.016384,95.1,44.4,1,872.0,3,1,4,3,2,1,0,0,0,0,1,1,Generic,1
1932,0.381389,icmp,ssh,REQ,33,9,1388.0,638.0,2.806,31,254,2158.528,51.792,1,0,4.499,14.935,9.275,3.521,0,1236208133,1237778468,0,0.079785,0.028981,0.04179,136.0,34.9,0,93.0,4,0,4,3,3,5,0,0,0,2,1,0,Generic,1
1933,0.153585,tcp,dns,CON,36,7,2081.0,44.0,4.896,62,31,2326.909,100.278,0,2,7.418,13.683,18.198,9.081,0,3560147872,843876265,0,0.003896,0.001961,0.02416,38.1,23.1,0,60.0,2,1,3,2,0,0,0,0,0,9,5,0,Exploits,1
1934,0.069266,udp,pop3,INT,26,9,552.0,1030.0,0.168,128,31,816.673,400.021,1,2,0.648,0.368,1.623,5.282,0,1052482958,3227401067,0,0.014051,0.024359,0.006093,116.6,218.0,1,275.0,8,3,3,3,2,4,0,0,0,4,3,0,Fuzzers,1
1935,1.158029,tcp,dns,ECO,32,5,126.0,50.0,10.007,31,62,1800.556,2176.107,2,1,12.253,3.933,0.696,1.574,0,1202032348,3306613018,255,0.028424,0.018821,0.00728,112.2,186.5,0,100.0,2,2,2,1,4,3,0,0,0,4,3,0,Exploits,1
1936,0.229172,udp,ftp,CON,14,12,823.0,343.0,0.881,31,254,340.909,235.026,0,1,2.289,16.417,2.143,4.186,255,2543819662,2444616489,255,0.081546,0.007845,0.007777,66.7,9.7,0,224.0,5,5,1,2,1,2,0,0,0,4,5,0,Normal,0
1937,0.808644,tcp,ftp,ECO,9,9,728.0,211.0,49.905,31,31,1588.902,1090.774,1,2,5.559,2.123,7.34,6.408,0,2783987444,1660871544,255,0.084034,0.000259,0.004384,220.5,143.9,1,321.0,7,4,2,1,2,2,0,0,0,0,3,0,Normal,0
1938,0.752009,tcp,pop3,INT,31,9,5254.0,929.0,14.995,62,254,716.557,207.235,1,1,1.647,21.722,5.251,1.253,255,83755134,2793673536,255,0.01491,0.003702,0.035705,171.7,74.2,1,59.0,3,2,3,0,0,2,0,0,0,1,3,0,Generic,1
1939,0.229062,udp,ssh,ECO,11,7,874.0,572.0,83.885,31,62,2240.431,478.694,1,0,4.251,1.616,17.997,0.302,0,2184297196,3172470773,0,0.047372,0.005709,0.005401,90.6,0.1,0,158.0,4,2,2,1,3,2,0,1,0,2,2,0,Normal,0
1940,0.198334,udp,http,ECO,2,2,337.0,407.0,71.01,254,62,714.577,3.099,1,2,0.621,3.805,8.057,3.681,0,1185262108,510840366,255,0.010342,0.015225,0.022919,350.1,28.0,0,317.0,2,1,1,2,3,1,0,0,0,4,5,0,Normal,0
1941,0.587328,tcp,pop3,RST,5,8,482.0,188.0,76.674,62,31,248.731,1434.119,0,3,13.712,1.391,2.272,5.691,0,2668149922,4182372011,0,0.023385,0.002638,0.023523,24.3,7.1,1,4.0,3,1,1,1,2,3,0,1,0,2,4,0,Normal,0
1942,0.010247,tcp,dns,CON,12,9,290.0,687.0,14.993,62,31,552.406,441.543,0,1,1.746,0.482,3.797,6.628,0,1578112030,1657752318,0,0.016323,0.041554,0.003307,463.5,81.6,1,165.0,2,1,2,2,0,5,0,0,0,1,1,0,Normal,0
1943,0.64682,tcp,ftp,RST,11,6,680.0,35.0,4.842,128,128,3075.229,171.07,1,2,7.249,2.677,3.021,0.7,255,2626546050,1697457560,255,0.02398,0.002087,0.033063,39.8,3.0,0,57.0,0,3,5,2,1,1,0,2,0,1,4,0,Normal,0
1944,0.138945,arp,-,INT,8,7,347.0,332.0,61.355,31,128,1140.546,547.501,2,2,8.221,22.386,13.354,0.72,255,2633159536,3828432249,0,0.015692,0.011169,0.025187,190.1,1.7,0,120.0,2,2,1,2,2,4,0,0,0,3,5,0,Normal,0
1945,0.100343,udp,dhcp,ECO,26,10,2576.0,177.0,42.525,62,31,223.874,743.993,0,0,28.884,10.27,6.207,2.229,255,1113431436,3943200676,255,0.07487,0.017281,0.004885,250.4,47.8,1,281.0,6,5,4,4,5,1,0,0,0,3,1,1,Fuzzers,1
1946,0.122008,udp,-,ECO,30,9,1783.0,780.0,1.699,128,62,827.782,1133.059,0,1,6.184,13.358,0.843,0.304,255,420899758,2673720196,255,0.061639,0.082405,0.049838,31.1,46.1,0,1125.0,0,3,2,1,0,3,0,0,0,3,2,0,Reconnaissance,1
1947,0.921784,udp,dhcp,REQ,9,12,525.0,133.0,41.882,128,128,1082.358,331.641,1,1,26.45,6.158,0.76,7.552,0,892925082,422465426,0,0.090509,0.00988,0.032565,24.8,16.2,0,31.0,1,3,1,1,4,2,0,0,0,4,5,0,Normal,0
1948,1.10511,udp,-,ECO,24,6,77.0,792.0,9.904,254,62,241.228,1061.246,0,3,3.759,4.579,2.499,6.681,255,974810436,1894708976,0,0.040753,0.013802,0.024057,85.3,271.6,0,93.0,4,1,1,4,3,2,0,0,0,1,1,0,Reconnaissance,1
1949,0.229319,tcp,smtp,REQ,12,5,752.0,885.0,90.787,31,31,1585.917,314.492,0,0,35.383,14.057,4.114,3.426,0,1152471954,2299701744,0,0.059271,0.011187,0.013936,38.7,52.5,1,478.0,3,4,2,0,0,1,1,0,0,1,8,0,Normal,0
1950,0.527752,tcp,-,FIN,24,4,1027.0,198.0,30.148,62,31,978.15,1986.808,2,2,3.877,10.46,5.711,1.301,0,4073494135,3703634625,255,0.039886,0.038526,0.010791,136.3,92.2,0,22.0,2,0,2,1,1,3,0,0,0,0,2,0,Reconnaissance,1
1951,2.744242,udp,dns,ECO,23,6,1375.0,470.0,62.458,254,62,2577.793,439.738,0,1,19.637,2.852,1.736,5.034,0,1180406817,1078404679,255,0.172819,0.026033,0.007957,287.6,74.7,0,21.0,3,3,2,3,2,0,0,0,0,5,3,0,Analysis,1
1952,0.088326,tcp,pop3,REQ,13,12,72.0,131.0,57.831,128,31,1386.546,1258.454,3,0,5.141,4.494,1.241,11.48,0,976441014,2659753125,255,0.058946,0.030331,0.000601,177.9,164.2,0,64.0,3,3,1,3,1,2,0,0,0,3,5,0,Normal,0
1953,0.388961,tcp,smtp,FIN,37,9,2191.0,260.0,7.307,62,31,758.763,216.056,1,0,4.811,12.408,0.705,0.265,0,4278908421,1228666102,255,0.072969,0.001778,0.053277,29.5,402.3,2,577.0,4,5,2,2,0,3,0,0,0,1,5,0,Exploits,1
1954,0.106364,udp,smtp,FIN,28,7,382.0,492.0,6.158,128,62,1883.137,1813.83,2,0,1.267,6.848,7.575,3.278,0,3048249669,4136580889,0,0.10868,0.039427,0.017002,103.9,125.5,1,11.0,5,2,1,1,1,1,0,0,0,0,1,0,Backdoor,1
1955,1.352966,icmp,-,RST,36,3,483.0,88.0,34.456,62,254,326.319,433.95,0,2,53.776,2.698,0.566,2.542,0,1290216447,1057937060,255,0.0576,0.065902,0.002014,514.1,94.6,1,199.0,4,2,1,1,0,1,0,0,0,2,2,0,Reconnaissance,1
1956,0.032578,udp,dhcp,ECO,24,7,603.0,221.0,99.589,128,31,173.181,180.614,2,1,0.656,17.08,4.527,3.12,255,3497586775,2169944079,0,0.121143,0.020136,0.02123,20.7,52.3,1,2139.0,3,1,1,5,4,1,0,0,1,1,1,1,Backdoor,1
1957,0.029736,tcp,dns,RST,20,15,623.0,777.0,30.416,31,254,75.606,3132.75,2,1,1.105,11.43,8.706,7.208,0,593642643,3747946534,0,0.038241,0.003729,0.015351,53.8,91.7,0,307.0,1,2,0,3,1,3,0,0,1,1,4,0,Generic,1
1958,0.24685,arp,smtp,INT,14,12,1179.0,50.0,16.16,128,62,2201.532,1605.246,4,4,13.34,37.654,2.649,1.261,0,3166663944,548995284,255,0.346399,0.026459,0.006299,99.2,75.8,0,101.0,3,3,2,3,1,2,0,1,0,3,5,0,Normal,0
1959,0.05277,tcp,dhcp,CON,28,12,3872.0,42.0,67.147,31,128,1165.48,650.839,0,2,9.464,6.985,0.256,6.691,255,3083679927,3065678332,0,0.04009,0.062127,0.002929,2.8,129.3,0,653.0,2,3,1,1,1,3,0,1,1,4,5,0,Fuzzers,1
1960,0.182956,tcp,ssh,INT,28,12,2181.0,353.0,22.245,254,254,4426.808,635.712,0,0,6.225,33.142,0.186,2.069,0,962142965,1829924673,0,0.052723,0.003835,0.014953,25.2,18.2,0,6.0,1,5,3,1,4,1,1,1,0,0,1,0,Generic,1
1961,0.796341,arp,ssh,CON,29,8,2057.0,268.0,8.688,62,254,72.247,1401.055,0,1,9.462,1.947,12.701,1.546,255,877112741,4072887838,255,0.005591,0.022317,0.001727,122.9,4.3,0,169.0,4,6,0,3,0,3,0,0,0,2,6,0,Generic,1
1962,0.204502,udp,http,CON,13,7,148.0,487.0,11.839,62,128,74.968,284.358,1,2,10.001,53.821,9.432,1.25,0,495637143,2670094635,255,0.038791,0.073804,0.014538,110.3,415.3,0,206.0,3,3,2,1,3,1,0,2,1,4,5,0,Normal,0
1963,0.015121,icmp,dns,FIN,32,9,1417.0,345.0,7.295,254,128,859.293,675.817,0,0,0.342,3.652,6.485,2.425,255,1132814454,1914358105,255,0.03668,0.049779,0.028568,88.6,0.4,0,591.0,2,3,2,3,5,2,0,0,0,2,2,0,Generic,1
1964,1.683811,udp,smtp,REQ,11,8,5.0,75.0,6.201,31,254,1946.117,313.061,2,2,1.454,1.349,0.576,10.931,255,4007673261,4232615330,255,0.052023,0.002528,0.008737,95.6,99.1,0,306.0,6,1,2,0,0,0,0,0,0,2,5,0,Normal,0
1965,0.070627,udp,http,CON,22,7,1593.0,662.0,68.51,31,254,1836.303,1130.751,1,0,8.358,18.885,11.485,0.001,0,1959759059,1456430550,255,0.045233,0.015546,0.005095,57.5,159.7,2,41.0,3,3,5,2,3,4,0,0,1,2,6,0,Exploits,1
1966,0.372636,tcp,dns,FIN,8,11,448.0,58.0,28.077,254,128,179.876,996.25,0,2,31.517,15.385,2.128,0.018,255,791409716,1257143182,255,0.124655,0.005097,0.004916,91.6,41.5,0,42.0,3,0,7,2,2,5,0,0,1,2,1,0,Normal,0
1967,0.374678,tcp,pop3,CON,27,8,1782.0,979.0,19.531,128,31,1279.738,905.853,1,1,19.646,43.193,6.777,6.984,255,1905892724,3957304313,0,0.037758,0.032823,0.002919,39.3,58.6,0,105.0,3,3,5,0,3,3,0,0,0,2,5,0,Exploits,1
1968,0.220151,icmp,dhcp,RST,51,10,4263.0,902.0,122.321,62,31,524.148,1343.957,3,1,11.887,3.557,3.003,1.234,255,2594316,1440673722,0,0.136037,0.009502,0.023616,86.5,155.1,1,209.0,5,3,2,2,3,1,0,0,0,0,6,0,Fuzzers,1
1969,0.004963,icmp,pop3,REQ,5,15,1150.0,29.0,36.202,62,128,712.296,730.534,0,0,12.101,8.45,0.39,13.74,0,620577238,1614944785,255,0.021894,0.009042,0.022057,24.0,75.7,0,74.0,3,1,2,1,6,3,0,1,0,3,1,0,Normal,0
1970,0.28991,tcp,dhcp,INT,9,5,402.0,969.0,4.109,254,128,587.011,1747.092,1,1,14.806,0.163,22.479,7.848,0,142929246,3223900748,255,0.018881,0.056312,0.017053,43.7,4.9,0,25.0,1,3,2,3,4,1,0,0,0,2,1,0,Normal,0
1971,0.148736,tcp,dhcp,REQ,10,12,560.0,635.0,41.717,254,62,313.598,1101.245,0,2,8.577,8.943,15.55,0.651,0,211994881,1603559222,255,0.02925,0.016463,0.03184,24.4,166.9,0,227.0,1,0,2,4,1,1,0,1,0,1,0,0,Normal,0
1972,0.54994,tcp,http,REQ,26,8,1114.0,397.0,34.596,62,254,262.541,3.276,1,0,4.33,19.43,15.256,0.513,0,3992450774,2671873600,255,0.023632,0.018804,0.066775,123.1,201.6,0,247.0,3,3,3,2,1,1,0,0,0,1,1,1,Analysis,1
1973,0.025071,tcp,pop3,INT,22,10,2235.0,217.0,41.678,254,62,80.9,679.221,1,1,26.384,1.198,4.943,7.014,255,1076456506,2148678128,0,0.08022,0.016075,0.004918,38.9,32.1,0,141.0,1,1,2,2,2,5,0,0,0,0,2,0,Exploits,1
1974,0.657257,icmp,smtp,ECO,13,6,211.0,367.0,2.553,128,254,658.764,1397.476,0,2,26.411,0.967,14.452,9.934,255,3664870031,2576937227,255,0.040516,0.009272,0.067063,8.0,13.7,0,296.0,3,2,0,2,3,5,0,1,0,2,0,0,Normal,0
1975,0.526358,tcp,pop3,RST,6,10,611.0,565.0,96.165,254,31,1247.679,3819.325,3,3,0.916,2.911,3.999,4.37,0,781622649,3222392817,0,0.010603,0.001389,0.024119,288.3,19.8,1,76.0,3,3,1,2,2,1,0,0,0,2,3,1,Normal,0
1976,0.536964,tcp,ssh,CON,11,11,416.0,314.0,8.708,31,62,104.792,2074.33,1,1,11.437,33.243,0.602,4.154,255,449897043,1353046245,0,0.049854,0.006713,0.01751,20.1,28.3,0,1005.0,3,0,3,4,3,0,0,0,1,0,4,0,Normal,0
1977,0.539032,icmp,-,RST,12,9,346.0,333.0,81.586,254,254,704.94,1819.035,1,1,1.224,2.251,7.363,5.22,255,817816253,184090875,0,0.005595,0.034812,0.001357,193.2,242.6,3,170.0,2,4,5,3,3,1,1,1,0,2,1,0,Normal,0
1978,1.343245,tcp,smtp,CON,25,12,1640.0,889.0,258.614,254,128,213.647,348.752,0,0,8.467,4.761,5.22,16.561,255,4233975088,831471548,255,0.001283,0.032517,0.019111,83.6,142.1,0,184.0,1,2,2,3,3,3,0,0,1,4,2,0,Analysis,1
1979,0.055904,tcp,pop3,FIN,23,5,4373.0,1043.0,5.641,62,254,248.965,1538.927,1,2,5.321,4.382,6.264,17.489,255,4233700321,3595436651,0,0.119463,0.069609,0.000191,77.1,108.5,1,259.0,2,1,6,6,3,2,1,0,0,3,1,0,Exploits,1
1980,0.038736,tcp,-,INT,14,4,53.0,633.0,153.731,128,254,1542.457,2424.676,1,1,5.2,2.833,1.037,5.08,0,948221758,324907922,0,0.039535,0.004909,0.005147,214.9,35.1,1,696.0,3,4,1,2,1,3,0,1,2,3,5,0,Normal,0
1981,0.037259,tcp,smtp,INT,32,8,533.0,1068.0,3.282,254,128,3364.609,1741.701,0,0,17.319,19.411,1.549,6.94,0,3096858599,2647530661,0,0.049777,0.005709,0.00017,81.8,159.4,2,4.0,1,2,2,0,0,3,0,0,0,2,3,0,DoS,1
1982,0.357096,tcp,ssh,RST,15,9,51.0,273.0,15.77,31,31,1720.654,94.621,3,2,11.195,11.067,4.555,8.772,0,2290923366,1845701761,255,0.023881,0.012749,0.009242,92.5,194.1,1,691.0,5,2,1,3,2,2,0,0,0,2,4,0,Normal,0
1983,0.054184,tcp,dns,RST,38,4,5347.0,637.0,28.132,31,128,113.082,231.501,1,1,7.598,1.686,4.534,0.078,0,3779118473,1650820093,0,0.017566,0.039698,0.020537,93.6,53.8,1,819.0,3,4,1,0,2,0,0,0,0,3,3,0,DoS,1
1984,0.366284,tcp,pop3,FIN,12,6,1887.0,326.0,85.361,31,128,318.916,514.217,0,1,8.006,2.583,9.781,4.77,0,3089886979,867340828,255,0.024713,0.018254,0.007773,24.8,113.0,0,163.0,1,2,5,2,2,2,0,0,1,0,3,0,Normal,0
1985,0.398703,tcp,http,INT,27,10,483.0,839.0,25.949,62,254,714.544,1074.958,0,1,15.689,1.505,3.658,3.24,255,3846832237,3645987876,255,0.062174,0.008719,0.007634,263.6,106.6,0,699.0,1,3,3,2,3,1,0,0,0,4,5,0,Generic,1
1986,0.0549,tcp,ftp,RST,22,8,1525.0,523.0,106.334,31,254,481.175,314.134,0,1,12.986,19.681,4.434,6.725,255,2157906322,3338656089,255,0.012323,0.005753,0.011354,26.5,37.4,0,68.0,1,4,0,4,1,4,0,1,0,2,4,0,Reconnaissance,1
1987,0.79774,tcp,dhcp,RST,12,7,600.0,294.0,118.512,254,62,1901.293,2704.973,3,1,11.574,1.751,0.67,0.329,255,277130637,4117656088,255,0.149014,0.043974,0.048164,224.2,121.9,1,42.0,2,2,0,1,1,5,0,0,0,3,2,0,Normal,0
1988,0.209823,arp,smtp,REQ,22,11,184.0,1407.0,54.799,254,254,909.233,1846.487,0,2,13.024,0.335,5.384,0.17,0,2312322890,924965557,255,0.024637,0.002959,0.006965,7.9,17.0,1,310.0,4,1,1,2,3,3,0,0,1,1,2,0,Exploits,1
1989,0.55396,tcp,http,REQ,25,6,2028.0,428.0,25.264,254,62,1604.256,672.753,0,3,5.791,2.541,0.208,12.415,0,4149717106,2400908369,255,0.173505,0.002319,0.003851,51.5,40.9,0,145.0,4,1,1,5,2,2,0,0,0,2,1,0,Shellcode,1
1990,0.561306,tcp,-,REQ,11,7,575.0,547.0,12.083,128,62,800.209,223.231,1,2,2.888,1.369,5.976,6.019,255,3707875280,904097191,0,0.042982,0.022535,0.000871,2.1,32.8,2,47.0,1,4,3,3,2,1,0,0,0,2,5,0,Normal,0
1991,0.087896,icmp,smtp,CON,12,12,1455.0,564.0,29.071,62,62,917.182,589.932,2,0,1.242,2.222,9.834,5.271,0,544331040,3216129852,255,0.048172,0.022497,0.021927,178.9,99.7,1,113.0,1,0,2,3,6,4,0,0,0,3,0,0,Normal,0
1992,1.111468,tcp,dhcp,REQ,29,8,913.0,163.0,18.156,31,254,213.504,642.543,1,1,12.975,13.556,6.582,8.72,0,2286306560,2765253375,0,0.160414,0.03352,0.020498,103.9,37.5,1,328.0,1,2,1,1,5,2,0,0,1,2,3,0,Generic,1
1993,0.152796,tcp,-,RST,9,5,869.0,143.0,102.364,128,254,1360.98,497.607,1,0,0.568,0.177,1.31,1.154,0,859389076,3831920679,255,0.06514,0.021658,0.021156,2.4,46.8,1,88.0,2,3,2,3,1,2,0,0,0,1,3,0,Normal,0
1994,1.604235,udp,-,FIN,8,6,167.0,245.0,23.858,62,254,517.794,239.969,2,1,0.82,23.363,4.515,10.52,255,1174574648,2732100502,0,0.104175,0.017394,0.000603,74.7,12.0,1,18.0,4,2,2,0,3,1,0,0,1,2,2,0,Normal,0
1995,0.046631,tcp,dns,RST,18,8,135.0,9.0,8.77,254,31,3490.606,750.279,2,1,35.741,9.005,0.284,0.508,0,2496669474,4091810312,0,0.002624,0.03133,0.001582,31.3,144.5,0,54.0,5,2,1,3,1,1,0,0,0,2,1,0,Normal,0
1996,0.007339,tcp,http,CON,31,8,3130.0,141.0,85.825,254,254,1542.802,460.667,3,0,30.018,0.384,6.477,1.298,255,3834136441,234659684,255,0.009953,0.006771,0.021752,4.2,123.7,2,239.0,3,3,2,0,4,2,0,0,0,2,1,0,Exploits,1
1997,0.094731,udp,-,FIN,11,9,840.0,47.0,65.494,31,31,47.429,558.833,2,0,1.977,3.034,11.852,0.15,0,2381124579,1561743514,0,0.054982,0.015321,0.051033,51.9,139.3,0,231.0,3,0,3,4,2,4,0,0,0,4,2,0,Normal,0
1998,0.301674,udp,ftp,RST,8,9,576.0,377.0,36.28,128,62,1721.259,379.315,2,3,1.493,9.905,3.124,0.748,0,3825845368,3555862301,0,0.135111,0.014821,0.02506,78.0,15.6,0,718.0,1,3,4,4,3,4,0,0,1,1,3,0,Normal,0
1999,0.371521,tcp,ssh,INT,42,7,802.0,54.0,11.239,62,31,50.535,173.188,2,0,5.616,2.059,32.719,6.076,255,3819121693,1658275806,255,0.041127,0.03975,0.026662,87.1,95.9,1,61.0,1,1,0,1,0,3,0,0,1,0,1,0,Fuzzers,1
2000,0.518781,tcp,pop3,INT,9,6,244.0,855.0,35.289,128,62,32.702,337.443,2,0,0.963,13.482,6.391,8.096,0,672122947,677075925,255,0.012638,0.007719,0.042357,42.4,49.1,4,85.0,3,5,2,5,3,4,0,0,0,5,0,0,Normal,0
2001,0.441424,tcp,ftp,REQ,35,11,1203.0,169.0,13.037,31,254,214.55,809.088,1,1,0.127,0.762,2.614,2.066,255,298076662,4255470629,0,0.056642,0.00333,0.025257,20.7,63.9,0,278.0,3,3,2,5,2,5,0,0,0,1,4,1,Fuzzers,1
2002,0.188277,udp,ssh,REQ,11,6,73.0,340.0,240.639,31,128,9.835,642.25,1,2,9.668,0.248,0.714,6.879,255,239257555,625563149,0,0.014988,0.028243,0.037486,0.7,237.3,0,123.0,1,1,2,2,2,1,0,2,0,3,5,0,Normal,0
2003,0.612557,tcp,pop3,REQ,36,11,430.0,608.0,65.286,254,128,331.797,899.519,2,0,6.066,34.422,3.123,6.601,0,3356849541,1092525292,255,0.002167,0.014978,0.037836,11.9,57.8,0,136.0,2,2,1,2,0,3,0,0,0,3,3,0,Analysis,1
2004,0.034196,tcp,-,ECO,29,9,5334.0,2006.0,185.663,31,62,108.697,1116.745,1,1,16.43,20.564,2.929,1.235,0,4082125821,1479282461,255,0.036185,0.018928,0.030183,6.3,43.9,2,248.0,0,5,2,2,0,2,0,0,1,2,3,0,Generic,1
2005,0.016585,tcp,pop3,REQ,3,13,890.0,216.0,92.264,254,254,459.181,553.887,3,1,1.409,9.118,2.823,6.075,0,2440656724,1885088266,0,0.032221,0.042393,0.011525,9.0,102.7,0,93.0,1,3,2,3,4,3,0,0,0,4,6,0,Normal,0
2006,0.066946,icmp,http,FIN,32,7,672.0,249.0,166.212,31,31,365.425,1356.007,3,1,9.296,2.257,3.863,1.576,255,1013401439,690906718,255,0.005027,0.018796,0.00048,126.9,50.3,0,315.0,3,0,1,2,3,0,0,0,0,3,2,0,DoS,1
2007,0.068524,tcp,ssh,CON,7,4,762.0,232.0,9.774,62,31,0.619,3000.276,1,1,16.474,5.609,6.823,0.671,0,2108195379,1642303756,255,0.092298,0.012786,0.016301,1.0,20.5,0,645.0,5,3,2,3,3,1,0,0,1,4,1,0,Normal,0
2008,0.242004,tcp,pop3,INT,17,6,37.0,1266.0,32.717,62,62,38.354,1586.853,0,3,23.26,12.373,1.009,3.054,255,3389276688,2761545386,255,0.007632,0.065498,0.009713,95.3,108.4,0,45.0,7,1,2,2,1,1,0,0,1,3,6,0,Normal,0
2009,0.457276,tcp,pop3,INT,9,10,1867.0,340.0,110.653,62,62,7022.173,319.463,0,0,4.667,24.915,1.544,0.042,0,341215982,4107891889,0,0.089611,0.021958,0.01178,81.0,40.6,0,240.0,3,2,4,5,3,2,0,0,0,3,8,0,Normal,0
2010,1.891988,udp,dns,INT,39,6,1476.0,38.0,70.673,128,254,2658.962,1181.689,2,1,11.48,0.801,3.493,1.059,0,3787401431,1065773319,255,0.132514,0.004891,0.035499,16.1,21.4,1,16.0,3,1,1,2,2,3,0,1,0,2,1,0,Generic,1
2011,0.1289,tcp,ssh,CON,6,4,11.0,425.0,24.935,128,62,2019.324,199.284,1,0,9.937,7.332,2.872,4.829,255,929181245,1956992766,255,0.017554,0.010077,0.005269,218.7,7.2,0,141.0,4,1,0,4,3,4,0,0,0,1,0,0,Normal,0
2012,0.450558,icmp,-,FIN,6,5,803.0,675.0,47.147,31,62,4701.459,672.654,2,0,19.858,13.999,0.017,4.507,0,2794340160,110813,255,0.031475,0.026611,0.032038,0.2,83.7,1,21.0,4,0,2,1,4,5,0,1,1,3,4,0,Normal,0
2013,0.077544,tcp,dns,FIN,12,8,489.0,299.0,6.8,31,31,135.79,706.361,1,0,3.582,1.471,7.846,1.142,0,1971221066,261633113,0,0.077894,0.007568,0.015585,27.3,15.5,1,10.0,4,2,1,3,4,0,0,0,0,1,2,1,Normal,0
2014,0.02651,tcp,dhcp,ECO,7,8,310.0,648.0,53.722,254,62,2397.07,592.233,0,2,1.731,1.039,4.936,2.222,0,17676777,3150520724,0,0.084308,0.00233,0.000437,28.7,144.1,0,195.0,3,1,1,4,3,2,0,0,0,4,1,0,Normal,0
2015,0.014773,tcp,http,INT,5,11,324.0,617.0,1.581,62,128,86.6,126.702,2,0,3.986,0.181,4.772,4.291,255,883963612,2053117639,0,0.00202,0.009585,0.004988,229.9,56.9,1,132.0,2,4,4,1,2,3,0,0,0,3,5,0,Normal,0
2016,0.645994,tcp,http,ECO,12,4,72.0,683.0,43.207,62,128,2993.446,1311.215,1,3,24.36,36.466,2.812,2.172,0,94352118,3580252750,0,0.047758,0.01773,0.040912,35.6,115.1,0,187.0,5,1,3,3,1,1,0,0,1,2,1,0,Normal,0
2017,1.966096,tcp,ssh,INT,11,4,49.0,197.0,56.473,254,128,2767.043,1294.592,0,1,1.044,11.29,11.913,6.996,0,3451044095,2726223659,255,0.011343,0.007141,0.0039,41.0,83.5,1,105.0,3,3,1,3,3,1,0,0,0,0,2,0,Normal,0
2018,1.35051,udp,smtp,CON,11,10,918.0,21.0,168.772,31,128,289.656,376.948,0,0,8.408,10.612,8.794,3.294,0,1668564811,3471410230,255,0.068519,0.007512,0.002363,42.8,84.2,1,21.0,7,1,3,3,3,4,0,0,1,1,3,1,Normal,0
2019,0.285463,tcp,dns,INT,33,5,953.0,730.0,29.718,31,128,240.052,1574.316,0,5,1.695,5.359,3.74,4.312,255,1773275917,3513370202,0,0.114164,0.049576,0.0043,127.0,323.7,0,6.0,3,4,2,1,1,4,0,0,2,4,4,0,Generic,1
2020,0.022756,udp,http,ECO,13,5,218.0,135.0,86.029,128,254,2294.21,359.973,1,4,0.208,7.313,7.189,1.552,255,1196896309,166828717,0,0.011042,0.008855,0.004867,95.9,142.3,1,208.0,4,1,1,3,4,1,0,0,0,2,3,0,Normal,0
2021,0.091569,tcp,http,REQ,26,6,925.0,53.0,4.203,128,128,5310.854,258.061,0,1,6.984,0.079,3.165,10.711,0,1285575692,1559357186,0,0.01255,0.013321,0.03652,261.0,86.0,1,1003.0,0,2,3,2,0,2,0,0,0,2,3,0,Generic,1
2022,0.793727,tcp,ssh,FIN,10,9,45.0,1006.0,2.0,128,62,360.095,178.808,2,0,2.718,6.991,2.921,3.024,255,357046637,1230717199,255,0.016088,0.016624,0.006775,200.5,63.7,3,9.0,2,2,2,2,3,5,0,1,0,4,2,0,Normal,0
2023,0.123732,tcp,ftp,CON,11,6,1127.0,59.0,42.403,128,254,2014.598,199.979,2,2,21.811,5.544,0.38,3.917,0,205996377,3759203705,0,0.030894,0.058616,0.015211,68.9,8.5,1,79.0,3,3,2,1,2,1,0,0,0,3,5,0,Normal,0
2024,0.437919,tcp,pop3,ECO,9,4,132.0,644.0,45.128,62,31,83.536,434.873,0,0,21.149,5.55,1.775,2.072,255,309839766,4167406565,0,0.048926,0.018743,0.001777,16.8,28.8,1,152.0,2,2,0,1,2,5,1,0,1,0,5,0,Normal,0
2025,0.180513,tcp,dns,FIN,5,11,748.0,15.0,132.96,254,31,1964.689,25.169,0,0,3.248,8.627,1.87,13.389,0,3951431178,4003548036,0,0.121465,0.023985,0.040394,48.6,12.1,0,357.0,1,1,4,4,2,4,0,0,3,0,5,1,Normal,0
2026,0.355847,arp,dns,ECO,10,7,137.0,129.0,0.891,128,31,259.58,631.358,3,0,4.576,31.992,11.247,1.217,255,2630449637,3059914634,255,0.000102,0.004354,0.012709,46.1,3.3,1,143.0,2,0,2,1,4,1,0,0,0,3,1,0,Normal,0
2027,0.814037,icmp,http,ECO,30,3,2229.0,93.0,2.17,62,128,140.858,625.636,3,2,11.209,6.957,4.597,4.742,0,2224166492,3046735898,255,0.024467,0.010363,0.004356,2.8,89.4,1,48.0,5,4,0,3,3,2,0,0,0,3,1,0,Fuzzers,1
2028,0.290295,udp,ssh,CON,9,6,1939.0,900.0,41.688,31,62,414.193,232.839,1,0,6.239,3.37,14.251,0.735,0,2627126874,3666888822,255,0.096357,0.065659,0.006745,165.8,51.9,2,510.0,1,0,3,3,1,1,0,0,1,2,2,0,Normal,0
2029,2.443099,icmp,ftp,REQ,10,10,776.0,40.0,71.896,31,128,617.559,895.924,0,0,6.48,0.255,5.14,0.386,255,107442181,1660822618,0,0.160968,0.010257,0.007733,84.9,111.7,1,729.0,3,3,0,1,1,2,0,0,0,5,6,0,Normal,0
2030,0.230364,tcp,dhcp,REQ,33,5,3859.0,116.0,68.216,31,31,1358.552,115.873,2,1,1.769,2.731,0.787,11.113,255,2936577142,1332242976,0,0.051269,0.004297,0.050819,51.4,110.0,0,15.0,3,3,0,2,0,1,0,1,0,4,3,0,Generic,1
2031,0.222038,tcp,dns,RST,9,6,611.0,350.0,0.056,62,31,1175.331,2052.461,2,1,0.426,2.481,0.457,2.015,0,4102534792,1115438818,255,0.094965,0.164111,0.013078,306.5,231.2,2,434.0,3,3,2,4,2,3,0,0,0,2,6,0,Normal,0
2032,0.333286,tcp,pop3,RST,14,9,969.0,1408.0,97.232,128,31,733.858,359.655,0,1,11.136,9.737,1.973,5.448,0,4247235620,119568032,0,0.113847,0.000227,0.004544,6.7,38.6,1,7.0,5,2,1,1,2,2,0,0,0,0,2,0,Normal,0
2033,0.029666,icmp,dns,FIN,9,9,34.0,238.0,37.865,128,62,498.22,881.166,1,3,7.202,2.345,2.455,4.67,0,2371689437,2116689685,0,0.042859,0.014811,0.017532,44.3,107.6,0,69.0,4,4,2,0,1,1,0,0,0,3,2,0,Normal,0
2034,0.816442,tcp,dns,CON,10,8,495.0,867.0,119.937,31,31,445.066,354.805,0,1,8.724,6.887,6.373,6.3,0,23075170,97596726,0,0.009334,0.005066,0.005612,124.6,234.3,0,8.0,8,5,2,3,2,2,0,0,0,1,4,0,Normal,0
2035,0.238387,tcp,dns,ECO,10,2,419.0,74.0,32.039,128,31,474.275,379.634,1,0,10.414,10.466,1.295,2.467,0,2897335021,2406475076,255,0.015765,0.010139,0.009106,54.9,193.0,1,390.0,1,0,1,4,1,0,0,0,0,1,4,0,Normal,0
2036,0.595706,udp,dns,INT,28,7,1322.0,176.0,127.794,31,62,2591.738,85.85,0,1,21.332,13.889,5.44,22.994,255,1834258889,3716881781,0,0.065731,0.009775,0.007077,89.5,45.8,1,397.0,3,5,1,2,0,2,0,1,0,1,3,1,Exploits,1
2037,0.384014,tcp,dns,CON,35,8,307.0,11.0,13.114,128,31,489.904,72.921,1,1,24.883,3.175,1.685,4.013,0,521000809,251673848,255,0.07105,0.010648,0.014898,214.0,10.9,0,280.0,0,4,1,3,4,3,0,0,2,2,3,0,Analysis,1
2038,0.43985,udp,dhcp,REQ,13,8,59.0,517.0,25.561,31,254,664.488,731.051,0,2,2.971,1.876,3.372,0.26,0,2457457947,2508248878,255,0.100294,0.050093,0.00135,37.5,138.1,0,115.0,4,2,1,3,1,4,0,0,0,2,1,0,Normal,0
2039,0.492061,tcp,ssh,CON,39,4,777.0,936.0,73.427,62,128,812.501,3584.942,0,2,4.875,1.575,3.113,1.182,255,3349838350,3736031087,0,0.017975,0.031697,0.010715,1.0,111.9,0,264.0,1,1,6,2,2,4,0,0,1,2,4,0,Generic,1
2040,0.144363,udp,-,FIN,30,7,396.0,49.0,80.954,128,254,3062.725,315.263,1,2,5.125,2.903,18.862,4.688,255,1356281837,3541549138,255,0.021529,0.052842,0.002478,224.4,43.0,0,68.0,1,1,3,0,0,3,0,1,0,2,3,0,Exploits,1
2041,0.799465,icmp,-,RST,10,7,478.0,121.0,6.778,128,128,2182.346,1559.491,1,0,9.673,0.402,1.436,4.539,255,4157357073,2544779333,0,0.041399,0.013166,0.01404,83.5,15.5,0,380.0,5,1,2,2,3,1,0,2,0,1,4,0,Normal,0
2042,0.00037,udp,-,FIN,19,13,9643.0,119.0,10.462,31,62,560.765,585.159,1,0,15.869,17.106,3.518,0.782,0,3688016107,3406158309,255,0.08579,0.035573,0.001499,201.2,72.7,0,163.0,2,2,1,3,4,2,0,0,0,3,2,1,Exploits,1
2043,0.037485,tcp,ssh,ECO,36,9,2498.0,148.0,4.571,62,31,2353.489,51.487,2,0,4.709,22.126,0.973,4.437,255,2526009970,1466622906,255,0.153075,0.012338,0.013158,112.2,127.2,0,6.0,6,2,4,3,1,4,0,0,0,3,4,0,Generic,1
2044,0.664855,tcp,http,CON,33,9,2043.0,228.0,383.906,254,62,481.426,504.398,1,0,33.73,2.965,0.143,6.154,0,370281095,2350522246,255,0.023615,0.014983,0.006619,145.2,28.0,0,210.0,2,1,2,1,2,1,0,0,1,4,6,0,Reconnaissance,1
2045,1.365075,tcp,dns,FIN,25,7,2843.0,61.0,38.165,254,31,239.274,331.872,1,1,2.639,0.482,3.436,0.701,255,2029065264,3316671251,255,0.031002,0.001721,0.002377,40.3,31.3,0,97.0,3,0,2,0,3,2,0,0,1,0,6,1,Backdoor,1
2046,0.143945,tcp,pop3,RST,14,7,58.0,182.0,104.943,254,254,4632.508,92.837,1,1,13.293,25.16,7.862,2.761,255,4044711072,3085988069,255,0.159396,0.005766,0.046057,106.5,160.4,1,829.0,4,3,2,3,2,1,0,0,1,3,2,0,Normal,0
2047,0.077045,tcp,http,CON,13,7,133.0,53.0,1.637,128,31,430.567,863.777,1,1,4.201,3.172,1.258,3.645,0,2153612440,4092769745,255,0.091462,0.043513,0.022387,42.3,46.8,0,448.0,4,1,0,0,2,1,0,0,1,4,4,0,Normal,0
2048,0.330756,tcp,http,INT,11,10,437.0,420.0,28.92,128,31,598.621,225.4,1,1,17.307,2.473,3.196,11.514,0,3177650461,3895125784,255,0.215607,0.013601,0.017066,434.7,154.9,2,4.0,2,1,2,3,3,5,1,0,0,2,5,1,Normal,0
2049,0.072917,tcp,-,INT,5,13,118.0,634.0,161.886,31,128,20.513,42.408,0,0,23.505,0.759,3.55,0.907,0,3520007721,4013388256,0,0.022889,0.08874,0.02256,8.4,215.4,0,254.0,4,2,4,1,3,3,0,0,0,0,1,0,Normal,0
2050,0.012832,tcp,ftp,REQ,14,9,512.0,926.0,44.504,31,254,190.455,146.013,1,0,5.916,0.284,14.719,13.602,0,982746618,3759717688,255,0.076842,0.01089,0.003719,5.3,1.0,2,1026.0,3,1,3,3,1,2,0,0,0,0,3,0,Normal,0
2051,0.33757,icmp,-,INT,29,7,218.0,811.0,233.964,128,62,1758.37,2652.349,0,0,10.013,7.919,5.028,0.066,255,2132391582,650578591,0,0.010147,0.010842,0.017728,110.0,52.8,0,460.0,2,1,2,0,4,1,0,0,0,0,0,0,Shellcode,1
2052,0.05353,tcp,ssh,CON,13,4,8.0,92.0,63.905,128,62,3154.491,769.462,2,1,12.373,2.639,3.546,1.355,255,1102442675,138215389,255,0.251686,0.06051,0.018969,68.2,219.9,0,177.0,3,3,3,2,3,1,0,0,0,1,3,1,Normal,0
2053,0.467907,tcp,ssh,CON,6,7,361.0,108.0,54.953,31,128,2729.245,2024.021,1,1,6.292,3.035,0.581,2.173,0,2209985746,3883949249,255,0.006068,0.018413,0.02062,12.1,138.7,1,68.0,6,0,3,2,0,3,0,0,0,2,2,0,Normal,0
2054,0.227818,tcp,http,CON,18,7,4977.0,652.0,25.777,254,62,377.351,1757.654,1,0,6.716,2.509,0.149,1.514,0,29702018,2879146843,0,0.002741,0.025036,0.001833,17.9,83.7,0,313.0,3,1,2,3,3,4,0,1,0,1,3,0,Fuzzers,1
2055,1.323044,tcp,smtp,FIN,11,7,354.0,919.0,5.548,31,31,1079.787,1128.127,0,0,8.357,2.676,0.327,3.66,255,300406177,3534216092,0,0.04674,0.004107,0.024001,150.7,103.4,0,7.0,5,2,0,4,1,1,0,0,0,0,3,0,Normal,0
2056,0.412959,icmp,ftp,REQ,11,7,359.0,92.0,142.918,31,31,1076.218,1995.54,2,1,4.209,11.466,3.38,3.356,255,3942793934,4229136869,0,0.051126,0.082192,0.017238,14.9,17.5,1,3.0,5,1,1,3,1,2,0,0,0,1,3,0,Normal,0
2057,0.614692,tcp,-,INT,21,9,3953.0,87.0,35.706,31,31,563.374,170.258,2,1,27.119,0.189,7.025,1.47,0,3271161704,1368246214,0,0.053822,0.008801,0.001813,89.3,204.1,3,8.0,6,3,0,0,0,3,0,0,0,4,5,0,Backdoor,1
2058,0.314178,udp,dns,FIN,11,9,134.0,11.0,39.454,62,31,841.684,3967.698,1,0,1.798,9.37,2.609,2.164,0,1705132535,3069851600,255,0.017898,0.000343,0.046026,115.2,50.0,0,850.0,1,1,1,1,1,1,0,0,0,2,1,0,Normal,0
2059,0.520973,udp,ssh,CON,7,5,704.0,1017.0,31.897,254,254,2705.235,244.868,0,0,1.328,3.97,3.198,2.044,0,2057836381,4260043107,255,0.024411,0.009015,0.02035,182.5,240.6,0,408.0,0,2,1,2,1,4,0,0,1,2,2,0,Normal,0
2060,0.828486,udp,http,RST,9,13,557.0,67.0,16.012,254,62,815.995,3784.353,1,2,7.928,22.7,1.447,6.472,0,1132251901,3424994652,255,0.058092,0.005238,0.013787,105.9,42.2,0,29.0,1,3,2,1,3,3,0,0,0,2,1,0,Normal,0
2061,0.338078,udp,pop3,CON,26,8,339.0,143.0,90.83,31,31,2108.37,269.966,1,3,32.853,2.734,1.939,7.187,0,55021703,4253989631,0,0.0203,0.018636,0.016623,173.2,21.9,0,22.0,1,5,0,1,4,1,0,0,0,1,3,0,Analysis,1
2062,0.336552,udp,dhcp,INT,8,7,509.0,277.0,62.396,62,128,1165.307,1086.466,0,0,6.662,4.407,26.312,1.035,0,3840560830,552364967,0,0.110534,0.00978,0.048502,180.3,27.4,0,228.0,3,3,2,1,2,0,0,1,0,3,2,0,Normal,0
2063,0.087888,tcp,-,RST,13,11,676.0,287.0,91.153,128,31,611.657,165.931,0,2,3.398,5.998,6.21,6.236,0,1095536429,3404736297,255,0.012475,0.00982,0.000456,115.1,38.1,0,6.0,3,3,1,4,3,5,0,0,1,3,3,0,Normal,0
2064,0.012938,tcp,http,RST,5,7,1193.0,36.0,19.488,254,62,197.329,1705.04,2,1,3.336,4.674,0.619,2.183,0,1685827566,3713491136,0,0.015113,0.00479,0.019736,128.0,66.7,0,145.0,4,0,4,1,0,1,0,0,0,2,2,0,Normal,0
2065,0.160701,udp,ftp,RST,8,11,199.0,67.0,25.4,62,31,684.185,481.565,3,1,4.403,23.079,5.84,0.032,0,999967643,2003816117,255,0.030059,0.048251,0.009863,4.2,67.0,1,203.0,2,0,0,1,2,3,0,0,0,1,4,1,Normal,0
2066,0.365747,tcp,pop3,INT,33,10,2640.0,155.0,43.162,31,128,1111.022,2226.249,3,3,1.351,4.546,1.342,2.544,0,2033198291,1144102771,0,0.018003,0.01311,0.009298,12.5,52.3,0,278.0,4,2,5,2,2,2,0,0,0,1,6,0,Reconnaissance,1
2067,0.727267,tcp,http,INT,16,6,206.0,536.0,108.919,254,62,50.443,917.063,0,2,12.212,9.503,0.018,10.504,0,898294516,869193538,255,0.046888,0.009908,0.00394,25.4,38.2,2,228.0,3,1,1,2,1,1,0,0,0,1,3,0,Normal,0
2068,0.336581,tcp,dns,ECO,25,13,2523.0,1036.0,68.549,128,254,92.795,1631.872,2,1,0.12,3.531,3.985,0.79,0,770286701,1695542045,0,0.003358,0.012086,0.005996,90.0,31.4,2,84.0,6,1,6,1,3,2,0,0,1,3,6,0,Backdoor,1
2069,1.395199,tcp,smtp,ECO,10,7,552.0,151.0,21.329,62,128,1354.934,542.029,1,3,1.12,1.682,6.983,0.017,255,3402073076,1819383304,255,0.089844,0.033498,0.031311,157.5,105.5,0,125.0,2,5,2,2,1,4,0,0,1,1,4,0,Normal,0
2070,0.48911,tcp,http,FIN,7,8,225.0,182.0,80.744,128,62,31.194,259.471,0,1,27.416,4.27,3.306,3.461,255,3621707940,2680419656,0,0.014962,0.000911,0.011568,15.7,38.4,1,95.0,0,2,3,3,2,1,0,0,0,2,4,0,Normal,0
2071,0.882258,tcp,-,ECO,28,11,2531.0,194.0,3.846,254,128,199.462,1606.724,1,1,0.121,14.461,5.671,1.465,0,383700307,883922851,255,0.199474,0.008544,0.045322,54.5,61.8,0,166.0,2,1,3,1,1,3,0,0,0,2,4,0,DoS,1
2072,2.821781,tcp,-,ECO,10,8,1.0,653.0,23.68,31,31,21.628,1049.874,2,0,7.764,40.725,4.175,9.213,255,906932445,1046556873,0,0.21053,0.026467,0.021317,99.9,72.5,1,50.0,6,3,2,1,2,4,0,0,0,1,3,0,Normal,0
2073,1.175086,tcp,-,ECO,7,8,367.0,523.0,37.996,128,128,1015.947,890.122,0,3,6.924,4.058,14.476,5.101,0,3258447458,1235022189,0,0.100184,0.00507,0.032021,3.0,41.3,0,580.0,3,0,3,0,2,0,0,1,0,1,4,0,Normal,0
2074,1.493236,tcp,smtp,CON,37,16,5837.0,31.0,3.044,128,31,693.119,1055.073,0,0,28.057,2.634,0.087,2.002,255,2124530765,2482942605,255,0.074427,0.019117,0.006018,75.8,14.2,0,262.0,2,2,4,1,3,2,0,1,0,2,1,0,DoS,1
2075,0.266863,udp,dhcp,REQ,13,11,1227.0,308.0,128.846,254,254,184.523,273.138,0,0,2.643,6.15,4.282,1.993,0,2665788701,1602670662,0,0.024188,0.012627,0.02156,183.8,119.6,1,206.0,6,0,2,2,3,3,0,0,1,3,2,0,Normal,0
2076,0.08759,tcp,ftp,FIN,7,10,141.0,140.0,113.575,128,62,273.091,1812.566,2,1,6.254,0.841,1.703,3.123,255,3748723817,4143934982,255,0.05608,0.000232,0.049411,41.0,61.4,0,82.0,1,0,2,2,1,1,0,0,0,1,2,0,Normal,0
2077,0.216474,udp,ftp,FIN,27,6,4589.0,691.0,3.676,31,254,4.817,1.662,1,1,3.831,0.649,8.606,10.605,255,3465996398,3441725109,0,0.036007,0.018836,7.1e-05,107.0,122.4,1,200.0,2,0,1,1,2,4,0,0,0,1,3,0,Backdoor,1
2078,0.042445,tcp,http,REQ,15,14,1673.0,108.0,17.004,254,254,1060.344,338.002,0,3,0.387,7.932,12.229,6.657,255,3066402998,2261088120,0,0.000527,0.023397,0.00507,104.8,122.4,0,687.0,1,0,2,1,2,2,0,0,0,3,5,0,Normal,0
2079,0.06149,tcp,dhcp,CON,7,7,660.0,307.0,13.507,62,31,340.326,455.328,1,0,8.678,5.605,28.369,2.306,255,61667385,571375751,0,0.052566,0.033139,0.049819,93.7,135.4,0,658.0,6,0,2,1,3,2,0,0,0,0,3,0,Normal,0
2080,0.011257,udp,dhcp,CON,12,8,404.0,164.0,123.406,254,31,149.21,839.111,1,2,0.242,4.11,3.92,5.183,0,3352432198,1699182690,255,0.001806,0.035352,0.000346,44.9,62.1,2,45.0,0,2,0,0,1,1,0,0,0,5,2,0,Normal,0
2081,0.000733,udp,ssh,CON,10,9,774.0,31.0,20.905,128,128,542.715,197.179,1,0,1.313,5.321,7.373,0.222,255,4140634861,1520030004,255,0.014376,0.011922,0.001985,107.7,179.2,0,220.0,5,3,0,2,1,1,0,0,0,3,2,0,Normal,0
2082,1.158235,udp,dns,INT,14,9,538.0,129.0,22.235,128,254,2281.369,794.35,1,1,32.784,8.474,0.041,3.165,0,2257386692,3964642298,255,0.084487,0.022101,0.02328,202.6,12.9,0,96.0,0,3,2,3,3,0,0,0,2,0,5,0,Normal,0
2083,1.742054,udp,http,FIN,31,10,1511.0,311.0,5.371,254,254,32.571,111.291,0,1,5.559,6.855,1.06,2.058,255,2522695524,3958850382,0,0.08636,0.081362,0.002131,129.4,21.3,0,15.0,4,0,2,3,2,5,0,0,0,4,2,0,Generic,1
2084,0.559713,udp,dhcp,RST,9,6,104.0,100.0,11.65,31,62,577.802,1400.929,1,2,10.571,5.061,4.429,1.875,255,1768995764,3014670705,0,0.085954,0.003444,0.029265,20.4,31.7,0,43.0,4,1,1,3,0,2,0,0,3,2,3,0,Normal,0
2085,0.430693,udp,-,RST,29,7,1563.0,166.0,6.515,31,128,339.796,23.375,2,1,1.605,5.584,8.903,0.503,255,2174408131,208641142,0,0.108942,0.027229,0.003724,73.6,3.2,1,495.0,4,1,1,3,3,5,0,0,0,1,3,0,Generic,1
2086,0.338308,udp,http,RST,11,11,653.0,908.0,3.63,128,254,275.461,428.765,2,1,14.427,15.887,0.08,6.535,255,3825051194,3075452321,0,0.000788,0.057031,0.038314,65.0,13.4,0,201.0,4,1,2,2,0,3,0,0,0,1,2,0,Normal,0
2087,1.820621,udp,ssh,ECO,17,10,37.0,266.0,74.521,62,31,763.419,85.776,1,2,8.569,5.682,2.299,0.962,0,987796535,2696869043,255,0.029563,0.0204,0.036081,196.3,32.7,0,157.0,5,1,1,0,1,1,0,0,0,2,0,0,Normal,0
2088,0.194177,tcp,http,REQ,15,4,312.0,54.0,61.777,31,62,2100.878,1267.51,1,0,14.55,2.376,2.181,12.77,255,1421141761,1076744339,255,0.005805,0.025113,0.004172,61.9,206.5,0,119.0,4,2,2,0,1,1,0,0,0,1,4,0,Normal,0
2089,0.760725,tcp,-,INT,33,6,2731.0,629.0,305.589,31,128,1396.775,2167.998,0,1,8.356,7.938,5.246,0.71,0,3810204363,3567972825,0,0.04623,4.1e-05,0.024838,59.7,48.1,0,28.0,1,1,0,1,0,2,0,1,0,0,1,0,Exploits,1
2090,0.136977,tcp,smtp,ECO,10,10,28.0,84.0,18.42,254,128,2959.418,988.618,1,2,0.649,12.482,3.839,2.971,255,1631643710,1905429139,0,0.132456,0.011379,0.020087,31.1,83.8,0,298.0,3,2,1,1,3,1,0,0,0,0,6,0,Normal,0
2091,0.14,tcp,-,REQ,7,8,832.0,183.0,9.877,128,31,19.587,105.104,1,0,5.222,17.03,0.764,1.139,0,2755936708,4225016959,0,0.011106,0.029818,0.008511,57.5,121.3,0,154.0,1,4,2,2,0,2,0,1,1,0,4,0,Normal,0
2092,0.614582,udp,ftp,INT,35,11,3013.0,78.0,11.183,62,62,1329.223,1354.094,2,1,12.238,5.773,14.516,1.475,255,2802895406,792718662,0,0.047558,0.001246,0.005562,124.0,144.7,1,257.0,4,1,6,2,2,2,0,0,0,4,4,0,DoS,1
2093,0.724586,tcp,ssh,INT,34,4,2194.0,276.0,19.125,254,62,563.522,2982.859,1,2,2.6,5.628,5.322,0.651,255,2172358921,4096973050,255,0.001262,0.014403,0.043905,126.1,301.9,0,124.0,1,2,1,2,0,1,0,0,0,1,1,0,Generic,1
2094,0.061702,tcp,http,FIN,9,9,1142.0,90.0,46.505,62,31,522.965,1219.45,1,3,76.611,5.725,0.156,11.843,0,1095972855,1960831384,255,0.020595,0.001831,0.008341,74.1,22.6,1,5.0,4,2,1,3,0,3,0,0,0,4,5,0,Normal,0
2095,0.535872,udp,pop3,ECO,24,9,2553.0,113.0,31.182,128,254,2858.207,1584.945,2,1,28.839,0.188,1.477,1.884,0,1301345548,1247766494,0,0.050342,0.012727,0.001872,60.3,20.0,3,8.0,1,2,3,2,3,5,0,1,0,3,3,0,Reconnaissance,1
2096,0.504882,tcp,-,RST,12,4,194.0,154.0,15.366,31,31,1183.283,38.595,1,2,2.685,5.352,1.501,27.44,0,2410256926,182379845,255,0.038514,0.04659,0.001463,237.2,118.4,1,6.0,7,2,1,1,2,5,0,0,0,6,2,0,Normal,0
2097,0.108346,udp,smtp,RST,10,7,1061.0,828.0,76.48,128,254,1518.07,285.211,3,2,34.321,0.49,5.697,39.392,0,3586080137,3959589535,0,0.087352,0.002371,0.003046,311.1,35.2,0,19.0,1,4,1,1,0,1,0,1,1,4,2,0,Normal,0
2098,1.280266,tcp,-,CON,10,5,1004.0,234.0,13.536,254,254,1163.557,1178.099,0,2,4.06,8.722,13.421,10.197,255,2569676320,1615343372,0,0.000798,0.026313,0.009019,69.4,192.0,1,211.0,4,1,2,2,0,3,0,0,0,1,3,0,Normal,0
2099,0.339467,tcp,ssh,ECO,7,8,45.0,287.0,9.891,62,254,8.331,466.946,2,4,6.101,6.732,2.315,1.215,255,1814155308,2568053667,255,0.041854,0.056537,0.007355,47.2,85.2,0,0.0,3,1,2,5,2,0,0,1,1,4,1,0,Normal,0
2100,0.211035,tcp,pop3,CON,10,2,18.0,1860.0,63.358,62,254,4162.997,316.678,1,2,2.137,18.381,0.261,3.351,0,2201806131,2190347424,0,0.030605,0.003134,0.056157,138.0,73.4,2,174.0,5,2,3,1,2,3,0,0,0,2,2,0,Normal,0
2101,0.20625,tcp,pop3,CON,28,7,2364.0,1074.0,50.533,31,254,333.43,1887.093,2,0,25.585,45.436,6.116,0.952,255,2500189781,2935909996,0,0.000458,0.014299,0.023123,8.5,77.9,0,128.0,1,4,3,1,0,2,1,0,1,8,3,1,Exploits,1
2102,0.213815,tcp,ftp,FIN,6,8,182.0,104.0,87.333,254,62,957.991,308.972,0,1,3.898,2.671,3.358,8.785,255,2449259916,254415535,255,0.018586,0.007551,0.026581,121.4,5.7,2,226.0,2,4,2,2,4,1,0,0,0,3,5,1,Normal,0
2103,0.025013,tcp,http,CON,26,11,676.0,31.0,14.805,31,62,740.921,4517.36,1,2,20.809,2.149,15.375,1.281,0,3793159002,2495090106,0,0.013943,0.009794,0.038473,23.1,116.5,1,151.0,3,2,0,4,1,4,0,0,0,2,3,0,Fuzzers,1
2104,0.698425,tcp,dhcp,CON,32,4,2905.0,123.0,114.176,31,31,131.92,753.392,0,1,13.433,13.728,3.09,1.899,255,3223902423,1089857344,0,0.050055,0.021799,0.066775,60.8,23.8,0,156.0,2,2,1,0,1,1,0,0,0,3,3,0,Reconnaissance,1
2105,1.480444,tcp,ssh,RST,27,6,3176.0,38.0,13.355,254,62,5.687,1248.204,0,1,12.206,19.402,0.882,12.197,0,2069999937,3854672142,0,0.037731,0.045713,0.022511,457.6,16.5,0,129.0,4,2,0,2,3,1,0,0,1,2,2,0,Generic,1
2106,1.07509,udp,http,CON,28,7,2433.0,299.0,56.178,62,31,179.152,242.011,0,1,29.758,2.473,2.648,10.242,0,2212102212,2124506428,0,0.024062,0.025481,0.029942,54.3,5.1,0,139.0,6,1,2,3,1,3,0,0,1,5,3,0,Exploits,1
2107,0.230535,tcp,-,ECO,31,8,1905.0,8.0,70.507,128,31,1106.935,37.732,3,2,15.498,8.713,5.66,2.19,255,399856648,3011611690,255,0.016793,0.030795,0.0003,118.3,0.6,0,65.0,3,3,1,1,2,2,0,1,0,1,3,0,Exploits,1
2108,0.631118,tcp,ftp,CON,31,13,5023.0,143.0,11.598,31,31,382.969,12.088,0,1,16.638,1.589,5.493,2.158,0,1957978806,378687273,255,0.026424,0.003617,0.009454,102.6,141.7,0,210.0,6,4,0,0,3,0,0,0,0,0,6,0,Shellcode,1
2109,0.205502,tcp,ssh,REQ,13,11,377.0,96.0,12.626,62,128,1034.378,19.697,0,0,17.761,2.894,3.946,3.58,0,3125784540,650331828,255,0.028168,0.007083,0.016114,44.8,0.4,2,397.0,3,3,1,3,3,4,0,1,0,0,4,0,Normal,0
2110,0.079701,icmp,ftp,REQ,10,10,99.0,31.0,16.022,128,31,2222.027,611.92,0,1,24.013,20.713,27.583,17.057,255,3990064157,2794236759,255,0.135292,0.000773,0.013479,10.7,3.8,0,19.0,3,1,2,3,4,0,0,0,0,1,1,0,Normal,0
2111,0.228272,udp,pop3,RST,7,5,119.0,39.0,22.705,128,31,874.43,5184.115,2,1,11.169,3.12,3.962,0.046,0,3774221781,211330703,255,0.046629,0.069331,0.009785,62.0,134.1,2,298.0,6,2,0,2,1,1,0,0,1,0,3,0,Normal,0
2112,0.234045,ospf,smtp,RST,6,8,2833.0,357.0,122.113,128,62,1177.048,691.681,1,1,5.718,0.415,1.139,3.988,255,1004152918,429873045,255,0.05457,0.009343,0.008018,10.5,33.6,0,86.0,2,2,2,2,0,1,0,0,0,2,4,0,Normal,0
2113,0.098167,icmp,dhcp,ECO,6,11,561.0,655.0,58.061,128,31,503.922,307.793,1,1,0.414,24.764,2.93,23.85,0,1869709981,3205239978,255,0.132955,0.002897,0.048871,122.0,101.6,1,31.0,4,1,0,0,1,2,0,0,0,1,2,0,Normal,0
2114,0.251135,tcp,pop3,ECO,23,4,1051.0,553.0,34.14,128,62,801.347,663.606,3,2,25.975,5.427,2.873,11.148,0,292779125,3064394477,0,0.045917,0.001155,0.009633,4.7,4.7,0,213.0,3,4,5,0,0,1,0,0,0,2,0,0,Generic,1
2115,0.299893,udp,dns,FIN,12,3,468.0,357.0,10.739,254,128,897.184,1194.544,0,1,1.844,0.44,7.031,2.116,0,4182341153,3117900219,0,0.002319,0.021597,0.00255,13.6,242.5,1,157.0,5,1,4,1,3,6,0,0,0,1,3,1,Normal,0
2116,0.14753,tcp,pop3,FIN,26,10,2602.0,1513.0,9.336,254,31,35.688,979.692,0,2,3.267,16.768,3.989,7.374,0,923842897,58735931,255,0.039687,0.017241,0.013387,220.2,166.0,2,195.0,2,1,2,4,0,4,1,1,0,1,2,0,Reconnaissance,1
2117,0.02738,icmp,dns,INT,9,8,108.0,23.0,13.457,254,62,215.04,479.126,1,3,0.508,28.437,7.882,4.938,0,2254908386,3071245875,0,0.094409,0.003482,0.007529,0.8,164.8,1,20.0,4,2,1,2,1,4,0,0,1,0,3,0,Normal,0
2118,0.126165,tcp,-,FIN,10,10,872.0,659.0,3.702,254,128,517.014,283.754,1,4,11.694,54.144,4.316,3.192,0,3660499235,993416409,255,0.109166,0.017529,0.010086,128.8,1.6,0,12.0,4,3,3,1,2,5,0,0,0,0,4,0,Normal,0
2119,1.026684,tcp,ftp,INT,12,9,350.0,253.0,11.252,31,128,2864.631,1356.844,0,1,2.375,15.596,3.105,1.969,255,1698130415,3147777647,0,0.028844,0.038178,0.005945,61.6,92.2,0,61.0,2,1,1,1,1,4,0,0,0,0,3,0,Normal,0
2120,0.407692,icmp,dns,REQ,7,8,453.0,579.0,38.961,254,31,209.747,1543.123,1,1,3.412,0.734,1.853,3.004,0,1105724433,1375926991,255,0.148235,0.032395,0.025196,1.8,96.7,0,263.0,3,2,1,1,1,2,0,0,0,3,3,0,Normal,0
2121,0.18877,udp,dhcp,CON,6,6,335.0,404.0,59.23,31,62,1227.806,250.371,1,1,20.945,4.957,3.155,0.294,255,1317139328,3018890911,0,0.008867,0.019021,0.016062,111.9,25.7,1,14.0,1,1,2,2,1,3,0,0,0,1,3,0,Normal,0
2122,0.148323,arp,pop3,FIN,15,9,46.0,831.0,1.629,62,254,175.927,566.071,0,5,2.443,6.817,5.643,9.061,0,1076292552,348121222,0,0.037689,0.00366,0.000295,250.8,220.3,1,165.0,3,2,1,1,3,1,0,0,0,5,2,0,Normal,0
2123,0.510043,tcp,http,ECO,11,7,186.0,277.0,0.274,62,254,983.977,342.631,1,1,0.63,1.956,5.344,14.387,255,3356273419,713412637,0,0.016223,0.007024,0.038301,90.0,234.9,0,223.0,5,2,3,1,3,0,0,0,1,0,2,0,Normal,0
2124,0.100272,tcp,-,INT,9,7,26.0,978.0,29.775,62,128,1132.052,690.667,2,0,31.312,5.957,9.036,11.3,255,1486747659,615390112,0,0.005151,0.035109,0.016215,180.5,17.0,1,304.0,1,2,4,3,3,1,0,0,0,2,3,0,Normal,0
2125,0.121989,tcp,smtp,ECO,12,4,32.0,581.0,1.659,31,254,244.033,775.909,1,1,3.982,6.675,3.177,2.143,255,2805583167,3664785861,255,0.015815,0.028987,0.018421,155.0,111.4,1,292.0,3,2,1,2,3,1,0,0,0,1,3,0,Normal,0
2126,0.882279,tcp,smtp,REQ,8,6,1819.0,455.0,34.405,128,31,284.2,183.912,1,0,38.896,1.053,21.839,13.732,0,3112467651,1479825528,255,0.021324,0.014906,0.005929,1.4,445.6,2,352.0,3,1,3,1,2,0,0,0,1,2,4,0,Normal,0
2127,0.285439,tcp,ssh,REQ,8,8,74.0,194.0,10.185,128,62,1590.665,550.702,0,2,22.403,6.716,1.681,1.649,0,3251132734,2026454975,0,0.053423,0.0118,0.005143,366.2,10.9,1,179.0,1,1,2,5,2,2,0,0,1,1,0,0,Normal,0
2128,0.084555,tcp,ftp,RST,12,10,29.0,42.0,40.65,128,31,3402.07,560.674,1,1,1.0,1.514,1.169,4.084,0,564706996,1906695222,0,0.025404,0.021207,0.001564,16.5,40.5,1,99.0,1,4,1,2,2,3,0,0,0,0,10,0,Normal,0
2129,0.013563,udp,pop3,CON,12,9,716.0,184.0,30.554,62,254,509.36,354.592,0,0,4.946,0.655,2.658,3.711,255,1977482649,1134823865,255,0.252386,0.018014,0.003355,34.4,12.0,2,573.0,2,2,0,2,4,0,0,0,1,6,2,0,Normal,0
2130,1.681359,tcp,dns,CON,12,5,1334.0,313.0,22.353,62,31,2854.162,264.629,1,1,3.409,5.17,2.522,5.646,0,2924306797,2294306221,0,0.002881,0.021466,0.038013,164.3,121.1,3,4.0,2,3,0,2,1,1,0,1,0,1,4,0,Normal,0
2131,0.001032,udp,ftp,ECO,8,8,21.0,640.0,61.88,31,254,1198.566,527.865,2,0,0.548,2.125,0.577,7.302,255,4171038582,270975463,0,0.000152,0.005396,0.007833,76.0,4.0,0,27.0,3,2,1,3,3,3,0,0,0,4,0,0,Normal,0
2132,0.361639,icmp,dns,RST,33,3,1360.0,2.0,169.949,128,62,1802.673,215.776,2,1,5.607,1.145,8.586,10.18,255,555003224,3887108480,0,0.00722,0.005504,0.025385,14.8,87.3,1,141.0,1,3,2,2,5,1,0,0,0,4,1,0,Exploits,1
2133,0.507542,udp,dhcp,CON,31,11,5841.0,202.0,94.894,254,62,794.39,329.714,0,0,2.863,16.821,2.159,2.594,255,4009820057,4072101512,0,0.002428,0.026627,0.029441,46.3,79.9,2,701.0,5,0,2,2,1,3,0,0,0,4,4,0,Shellcode,1
2134,0.388228,tcp,dns,REQ,30,10,381.0,30.0,67.581,62,31,358.876,1297.272,1,1,19.151,11.689,0.508,1.633,255,429383439,2386187227,255,0.011335,0.030261,0.008225,53.5,11.1,0,134.0,5,2,1,0,2,1,0,0,0,2,1,0,Reconnaissance,1
2135,0.234956,tcp,smtp,INT,6,5,2.0,70.0,31.811,254,254,3563.888,120.983,1,0,5.768,13.421,5.384,0.953,0,3946697977,2012742284,255,0.007112,0.005008,0.006796,52.7,89.6,0,326.0,6,2,0,0,1,1,0,0,0,1,5,0,Normal,0
2136,0.921783,tcp,dhcp,ECO,7,7,1846.0,977.0,18.652,254,62,69.425,1273.526,1,0,15.461,20.914,8.753,16.407,255,1700777399,2809541135,255,0.009411,0.008859,0.011254,30.4,86.2,0,230.0,3,1,5,0,1,4,0,0,0,3,4,0,Normal,0
2137,1.024546,udp,-,REQ,6,11,447.0,73.0,17.35,62,62,142.437,874.327,1,0,7.935,1.313,2.883,2.293,0,1852895422,540141782,0,0.024715,0.016441,0.026614,44.8,23.0,0,42.0,0,2,3,2,1,2,0,0,0,2,3,0,Normal,0
2138,0.24684,tcp,smtp,CON,23,8,2345.0,183.0,2.053,31,31,1442.475,647.823,2,0,6.39,0.324,5.63,8.197,0,4185566871,3278992097,255,0.052104,0.012492,0.010771,19.3,205.3,0,464.0,0,2,3,6,4,3,0,0,1,3,1,0,Exploits,1
2139,0.340378,tcp,ssh,RST,45,6,1191.0,477.0,2.171,31,62,2305.791,118.711,1,0,13.656,8.827,9.245,1.75,0,2768926940,1170011895,255,0.04245,0.06563,0.082874,16.3,101.9,1,203.0,2,0,0,5,2,0,0,0,1,2,4,0,Exploits,1
2140,0.344186,ospf,dhcp,RST,36,7,734.0,96.0,46.161,62,62,328.354,448.197,2,2,14.981,35.342,4.268,5.035,0,546454692,2713416930,255,0.008077,0.013042,0.017676,13.9,4.7,0,370.0,0,1,4,5,1,3,0,0,0,0,2,0,Fuzzers,1
2141,0.533336,udp,-,INT,25,9,8385.0,308.0,110.176,62,31,1623.386,21.362,1,2,1.299,33.199,9.012,0.199,255,2609083065,34920751,255,0.083496,0.003664,0.0084,129.2,119.2,2,75.0,3,3,2,1,1,3,0,0,0,4,1,0,DoS,1
2142,0.105012,udp,ssh,RST,10,4,290.0,321.0,23.475,128,62,265.156,235.533,1,0,22.533,5.699,1.45,2.028,255,732637613,3563554713,0,0.025616,0.044261,0.00175,36.8,22.5,0,17.0,5,4,1,2,5,3,0,0,0,1,7,0,Normal,0
2143,0.031343,tcp,pop3,CON,25,7,321.0,121.0,28.478,128,254,2114.913,210.247,2,1,1.079,3.917,0.42,5.483,0,2553999298,1100240101,255,0.049789,0.042007,0.018773,73.5,135.2,1,433.0,4,2,3,0,3,4,0,0,0,3,5,0,Exploits,1
2144,0.258444,arp,ftp,CON,33,9,2334.0,23.0,66.635,128,254,678.037,204.493,1,0,3.647,29.476,1.297,1.282,255,2209161303,3066278081,0,0.306458,0.024873,0.019541,56.4,275.5,1,98.0,2,4,1,4,2,1,0,1,2,1,5,0,Fuzzers,1
2145,0.052662,tcp,ssh,RST,9,9,244.0,260.0,22.438,31,62,1510.513,276.642,0,3,12.453,18.854,3.224,6.492,255,2520388815,3818941598,0,0.020803,0.032536,0.022612,42.6,54.5,1,56.0,5,4,0,2,1,2,0,0,0,2,0,0,Normal,0
2146,0.301145,tcp,dns,REQ,28,8,357.0,215.0,34.714,31,31,317.392,219.443,2,0,15.208,7.584,7.876,10.042,255,3065548739,3833649950,0,0.013854,0.021247,0.004047,101.8,57.1,1,40.0,2,1,1,0,4,2,0,0,0,0,7,0,Reconnaissance,1
2147,0.75297,icmp,ssh,FIN,9,7,746.0,147.0,3.994,254,254,74.402,2.821,3,0,11.794,6.548,2.712,1.692,0,3568524669,2132373185,0,0.040674,0.003491,0.01079,277.8,49.4,3,187.0,3,1,2,0,3,1,0,0,0,3,0,1,Normal,0
2148,0.290451,icmp,dns,RST,31,7,1576.0,454.0,66.185,128,62,591.641,69.391,1,1,5.857,8.561,6.614,10.911,0,236427005,3254190082,255,0.035438,0.002441,0.002115,85.3,16.6,0,30.0,4,4,2,2,2,1,0,0,1,3,2,0,Shellcode,1
2149,0.359548,tcp,http,CON,29,13,1160.0,27.0,4.249,128,62,1553.249,1005.789,1,0,1.277,11.589,2.022,0.472,0,1290125762,299758456,255,0.13511,0.012742,0.012521,73.9,85.6,2,149.0,4,0,0,3,0,1,0,0,1,1,2,0,Exploits,1
2150,0.426376,tcp,pop3,CON,2,11,107.0,174.0,15.211,62,254,282.019,1211.963,1,1,12.093,4.244,1.332,6.389,255,952008565,24922462,255,0.01615,0.000193,0.017872,20.7,88.7,0,29.0,2,1,1,1,3,1,0,0,0,2,3,0,Normal,0
2151,0.638159,tcp,http,INT,32,8,583.0,2003.0,12.782,62,31,828.459,487.067,2,1,20.717,5.928,5.427,12.31,255,792359348,4218258422,255,0.353584,0.00575,0.002483,122.2,136.8,2,281.0,3,1,3,0,2,3,0,0,1,1,1,0,Generic,1
2152,0.397498,udp,http,INT,9,4,433.0,979.0,78.753,254,128,493.976,134.651,1,0,0.04,11.543,10.985,4.612,0,3622609106,779749509,0,0.207974,0.01975,0.004464,51.9,69.6,0,123.0,4,1,4,3,4,1,0,0,0,2,0,0,Normal,0
2153,0.260232,udp,dhcp,ECO,31,11,2364.0,100.0,15.781,128,31,393.963,44.582,1,0,22.747,15.957,0.098,4.52,0,506708840,1392144015,0,0.087646,0.022472,0.005622,172.3,94.9,0,94.0,1,3,2,1,2,0,0,0,1,2,3,0,Exploits,1
2154,0.249885,tcp,dhcp,INT,34,9,731.0,832.0,19.132,31,31,583.86,526.253,1,2,2.957,8.537,8.035,6.184,255,2492052153,3609745070,255,0.003612,0.028312,0.021337,77.0,165.8,0,26.0,2,0,1,1,0,1,0,0,0,2,2,0,Fuzzers,1
2155,0.097044,tcp,smtp,CON,28,7,1360.0,253.0,71.753,62,31,208.3,744.119,1,0,20.336,2.564,0.499,6.494,0,3242518123,2079412764,255,0.079629,0.002468,0.003614,20.2,53.7,2,257.0,1,1,3,1,1,1,0,0,0,2,6,0,Generic,1
2156,0.256356,udp,smtp,RST,35,11,3611.0,223.0,92.717,128,31,519.166,385.062,1,0,23.346,3.032,18.126,6.968,255,64108820,3669507952,0,0.032304,0.006319,0.048425,89.3,78.0,0,75.0,3,1,2,1,2,2,0,1,0,1,5,0,DoS,1
2157,0.66616,udp,ftp,REQ,5,5,384.0,166.0,21.016,254,128,1390.016,1726.086,3,0,0.584,2.12,4.936,15.971,255,965405995,1095156447,0,0.02018,0.061211,0.00832,151.2,115.5,0,684.0,7,1,0,2,2,5,0,0,1,0,6,0,Normal,0
2158,0.23431,tcp,smtp,FIN,11,6,725.0,194.0,27.716,31,31,734.2,548.465,2,0,8.475,6.411,14.221,3.093,255,3396938994,2077956752,255,0.011074,0.013711,0.033556,139.8,11.5,0,392.0,3,1,4,3,3,1,0,0,1,3,4,0,Normal,0
2159,0.204242,tcp,smtp,REQ,7,7,333.0,21.0,108.426,254,128,491.666,399.57,0,1,1.913,1.104,0.092,10.371,0,1927000306,2719768095,255,0.01421,0.022975,0.005078,42.3,7.7,0,26.0,4,3,1,0,0,0,0,0,0,2,6,0,Normal,0
2160,0.372604,ospf,smtp,REQ,11,7,635.0,1582.0,81.038,31,31,3547.348,3.304,0,0,11.248,19.822,3.036,9.309,255,384800667,1016084762,0,0.141126,0.00989,0.010611,28.7,13.2,2,13.0,6,2,7,2,2,5,0,0,0,3,3,0,Normal,0
2161,0.083247,tcp,ssh,REQ,11,8,666.0,1168.0,42.151,254,62,1645.748,31.462,1,0,19.782,1.08,0.934,9.073,0,1015892567,3513560224,0,0.036213,0.016033,0.004803,57.9,111.9,1,220.0,3,0,0,2,1,3,0,0,0,0,1,0,Normal,0
2162,0.041657,tcp,smtp,CON,9,6,1035.0,538.0,0.834,128,254,2260.214,21.314,0,2,7.425,3.928,1.738,2.443,255,2790342049,762767532,0,0.003078,0.018876,0.014302,38.6,71.8,1,86.0,4,3,4,2,1,0,0,0,0,3,2,0,Normal,0
2163,0.584768,udp,dhcp,INT,9,6,658.0,18.0,5.569,62,254,256.457,316.669,1,1,5.605,14.819,3.802,1.21,0,2763708952,2089980249,0,0.066819,0.014959,0.012484,248.4,54.1,1,24.0,4,0,1,3,4,6,0,2,0,2,5,1,Normal,0
2164,0.153586,tcp,ssh,REQ,8,9,101.0,190.0,3.802,128,62,2169.247,29.727,0,0,1.673,0.483,2.035,5.624,255,2222789146,3978367493,0,0.010603,0.013913,0.000552,202.8,0.7,1,448.0,7,1,2,0,3,3,0,1,0,3,1,0,Normal,0
2165,0.136635,icmp,dns,RST,28,8,1042.0,42.0,80.146,254,31,440.644,953.731,1,2,8.664,2.58,9.216,8.843,255,4257652257,3979494036,0,0.047298,0.075081,0.002264,191.4,12.6,1,303.0,4,3,1,0,3,1,0,0,1,3,0,0,DoS,1
2166,0.927236,udp,ssh,RST,6,12,753.0,424.0,30.43,31,128,1804.917,24.4,0,1,2.254,15.696,3.602,2.656,0,2772879653,2788223746,0,0.016898,0.003011,0.001249,20.4,90.5,0,77.0,4,1,4,2,2,0,0,0,0,0,4,0,Normal,0
2167,1.086772,tcp,http,ECO,23,8,1794.0,647.0,3.919,254,31,492.83,2110.918,1,1,26.207,10.034,0.017,0.658,255,4250776160,3787857559,0,0.05489,0.017403,0.061771,13.7,228.8,0,17.0,3,1,3,1,4,2,0,0,0,2,1,0,DoS,1
2168,0.315736,tcp,http,REQ,4,6,7.0,76.0,89.261,128,128,830.41,852.921,0,1,0.671,4.699,4.299,6.288,0,2674920507,3410515505,255,5e-05,0.013196,0.009515,63.4,57.4,0,95.0,4,4,2,3,0,6,0,0,1,3,3,1,Normal,0
2169,0.446534,udp,pop3,INT,10,4,835.0,8.0,18.908,254,128,1273.154,161.348,3,0,6.307,1.696,7.712,9.093,255,3848306650,3678140408,0,0.244572,0.004296,0.004738,157.1,299.2,0,83.0,1,0,6,4,2,0,0,0,0,2,5,0,Normal,0
2170,1.520327,tcp,smtp,REQ,4,7,253.0,339.0,133.005,62,254,3653.126,540.414,0,2,8.708,11.345,4.073,3.638,0,2000776251,3027501291,255,0.143598,0.018856,0.022985,91.3,51.9,1,63.0,0,0,2,2,1,3,0,0,0,1,2,1,Normal,0
2171,0.229211,tcp,-,CON,12,7,776.0,54.0,20.67,128,31,389.9,669.657,0,2,38.653,0.622,11.104,12.015,0,3015715571,4284294361,0,0.023628,0.021541,0.002293,58.5,118.0,0,37.0,2,1,3,4,5,3,0,0,0,0,3,0,Normal,0
2172,0.889345,tcp,ftp,CON,19,3,1432.0,9.0,55.731,31,31,2964.141,417.67,1,1,0.606,10.218,1.865,1.89,0,2804217621,423245098,255,0.021146,0.00609,0.002606,7.5,71.8,0,316.0,2,1,3,1,3,4,0,1,0,2,2,0,Normal,0
2173,0.592479,tcp,dhcp,RST,8,7,941.0,1464.0,18.879,62,128,4291.807,194.041,3,0,1.587,7.798,1.359,3.684,255,4033542627,3496974077,0,0.021903,0.010245,0.009534,142.2,75.0,0,145.0,4,2,4,1,0,2,0,0,0,0,0,1,Normal,0
2174,1.348096,ospf,ssh,CON,10,8,724.0,89.0,57.027,128,254,16.296,98.696,1,3,2.181,3.362,0.344,6.268,255,3424025066,614816865,0,0.01096,0.015374,0.013917,52.6,126.1,0,111.0,4,4,2,1,1,1,0,0,0,3,0,0,Normal,0
2175,0.11524,udp,pop3,RST,10,6,1428.0,71.0,1.594,254,31,1092.939,1716.18,1,1,15.509,32.84,6.395,0.313,0,2684617235,1278481004,0,0.033438,0.010331,0.018136,82.3,101.5,0,86.0,0,0,3,3,1,4,0,0,0,0,3,0,Normal,0
2176,0.735559,udp,smtp,RST,31,3,887.0,817.0,8.355,62,128,10334.355,1108.485,0,1,0.317,5.554,2.547,2.063,0,2936875083,3684539405,0,0.006014,0.003499,0.017438,19.1,343.0,1,230.0,3,2,4,2,1,1,0,1,0,3,5,0,Generic,1
2177,0.077356,tcp,-,ECO,12,13,318.0,244.0,105.632,128,62,1627.56,55.919,0,0,1.312,0.476,7.18,4.975,0,1843920148,4081526870,255,0.001542,0.006735,0.036828,129.8,37.8,4,19.0,1,1,1,2,1,2,0,0,0,4,1,0,Normal,0
2178,0.733534,tcp,http,FIN,31,9,1948.0,1056.0,37.218,128,62,564.294,521.955,2,1,8.336,18.681,6.482,2.532,0,796192051,2627880680,255,0.353774,0.019152,0.045531,3.7,45.0,1,69.0,4,1,0,1,2,2,0,0,0,1,2,1,Fuzzers,1
2179,0.173415,arp,-,INT,9,10,350.0,106.0,0.818,31,62,1350.401,353.124,0,2,9.314,11.549,3.936,9.329,0,138240551,1098984300,0,0.015688,0.010625,0.01618,38.2,168.3,0,67.0,2,1,7,0,1,1,0,1,0,1,3,0,Normal,0
2180,0.025795,tcp,ssh,RST,34,7,865.0,323.0,52.877,31,62,268.022,371.179,2,2,0.432,9.169,6.577,0.858,255,3815165048,369639873,0,0.08334,0.016266,0.015727,68.7,16.5,1,144.0,3,0,1,3,2,0,1,0,0,3,3,0,Analysis,1
2181,0.788701,udp,pop3,INT,22,5,2690.0,702.0,143.688,254,31,1427.84,698.659,0,1,2.78,27.107,3.661,11.547,255,373982946,1152558384,0,0.153003,0.015876,0.033369,15.1,7.8,0,73.0,0,3,2,2,1,2,0,0,0,1,2,0,Exploits,1
2182,0.023761,tcp,dns,REQ,25,2,1508.0,237.0,119.921,62,62,522.891,647.682,0,0,11.086,40.041,3.106,5.485,0,3330824630,2558184355,255,0.014575,0.043596,0.006592,23.5,81.1,1,75.0,1,2,3,0,8,4,0,1,2,2,2,1,Analysis,1
2183,0.835181,tcp,ssh,RST,22,10,4049.0,656.0,51.184,31,128,535.46,216.324,0,2,7.24,4.81,5.183,3.444,255,4117107953,2145565978,0,0.105913,0.056402,0.028645,111.9,45.4,0,350.0,3,2,3,1,2,4,0,0,1,2,0,0,Fuzzers,1
2184,0.095701,tcp,smtp,ECO,11,5,1244.0,471.0,37.612,31,31,5313.148,131.729,2,2,10.91,8.615,0.33,5.612,255,710715862,638679517,255,0.056603,0.003305,0.011639,72.0,94.3,2,36.0,1,0,3,2,4,0,0,0,1,1,3,0,Normal,0
2185,0.371909,tcp,ssh,CON,9,7,783.0,488.0,52.275,128,62,310.383,284.617,1,0,5.734,7.916,1.879,1.094,255,2141066973,1765268228,0,0.01882,0.003081,0.019517,77.5,90.4,1,93.0,2,4,2,2,2,1,0,1,0,4,5,0,Normal,0
2186,0.014712,tcp,ssh,CON,13,7,17.0,412.0,57.886,62,31,491.058,914.903,0,0,0.953,10.654,0.725,6.447,255,113033049,4163543279,255,0.011862,0.024967,0.017512,111.7,219.7,0,190.0,1,3,4,1,1,1,0,0,0,3,2,0,Normal,0
2187,0.034903,tcp,dns,INT,33,10,3392.0,535.0,10.078,128,62,1163.475,3240.688,2,0,7.159,11.831,3.207,0.938,255,3952541744,2979990610,0,0.064612,0.013922,0.006122,236.8,157.8,0,164.0,7,1,1,3,0,0,0,0,0,2,4,0,Fuzzers,1
2188,0.131767,tcp,ssh,REQ,34,7,630.0,1426.0,57.455,62,31,641.336,196.682,1,1,11.225,34.733,3.996,12.446,255,78192387,2821112831,0,0.153634,0.040095,0.03794,65.8,78.9,1,25.0,2,3,5,3,3,2,0,0,1,3,4,0,Generic,1
2189,0.200509,tcp,ftp,ECO,9,4,473.0,199.0,197.782,254,62,47.444,1356.11,1,2,18.474,31.156,1.304,5.907,255,1836168227,3617831556,255,0.339094,0.011812,0.012537,34.2,52.1,3,32.0,0,2,5,3,2,2,0,0,1,0,3,0,Normal,0
2190,0.086246,icmp,ssh,FIN,25,7,1307.0,457.0,73.801,31,128,1197.463,90.576,0,0,1.31,9.7,7.5,5.788,0,844413642,1411693776,255,0.046218,0.016202,0.008737,148.7,46.6,0,44.0,2,1,0,2,2,5,1,1,0,4,3,0,Reconnaissance,1
2191,0.053471,tcp,dhcp,CON,8,3,49.0,2121.0,49.804,128,254,107.11,162.63,1,3,2.015,20.544,12.248,0.796,0,1569736999,2947541500,0,0.135069,0.027066,0.022723,149.3,30.7,0,59.0,4,1,1,3,1,2,0,0,0,3,2,0,Normal,0
2192,0.068539,udp,http,ECO,34,8,3868.0,1026.0,12.372,254,62,948.197,1393.89,1,1,11.833,0.6,4.754,0.169,255,2712655212,1345180540,255,0.132112,0.000455,0.00142,146.3,49.2,2,172.0,8,3,0,3,2,3,0,0,0,0,3,0,Generic,1
2193,0.298434,tcp,ssh,REQ,21,16,2667.0,10.0,3.509,128,31,2060.173,259.996,2,0,8.741,0.884,7.67,2.835,0,3972692530,307734966,0,0.018798,0.013044,0.032419,23.0,101.4,0,15.0,7,3,1,3,2,1,0,0,1,3,2,0,Exploits,1
2194,0.026655,tcp,-,RST,13,10,864.0,1382.0,2.413,31,31,2843.297,368.718,0,2,1.623,8.045,11.438,15.962,255,299930102,3841096422,0,0.003747,0.009695,0.062135,52.9,119.0,2,91.0,3,1,2,2,1,4,0,0,0,1,2,0,Normal,0
2195,1.078721,tcp,dns,CON,31,11,392.0,23.0,21.045,62,254,727.474,588.86,2,0,10.996,0.046,7.984,29.975,0,1132775027,1128493236,255,0.076867,0.005337,0.009002,229.1,24.3,2,160.0,2,1,2,3,1,1,0,0,0,0,2,0,Generic,1
2196,1.104528,icmp,ssh,REQ,30,6,2401.0,139.0,23.538,254,62,2671.257,857.675,0,0,18.313,1.92,4.655,1.659,0,2580247587,2948315603,0,0.000258,0.024386,0.011494,13.2,407.5,1,217.0,5,3,0,3,2,2,0,1,1,4,2,0,Fuzzers,1
2197,0.029447,udp,ftp,INT,12,6,465.0,466.0,15.035,254,31,147.771,353.562,0,0,10.05,3.662,6.379,1.376,0,2261973161,4017247163,0,0.071982,0.029576,0.016276,199.4,87.3,1,461.0,1,1,2,2,2,0,0,1,1,6,2,0,Normal,0
2198,0.550737,icmp,http,RST,8,9,7.0,89.0,18.347,62,31,238.207,70.882,0,1,0.559,0.848,0.024,1.537,0,2677696670,2580057065,0,0.033752,0.013746,0.005866,85.9,103.8,0,265.0,3,0,3,3,1,1,0,0,0,2,3,0,Normal,0
2199,0.513427,tcp,dns,FIN,9,7,376.0,597.0,107.259,62,128,3035.474,121.676,1,0,4.554,7.637,2.583,3.228,255,1118101122,883975340,255,0.019197,0.053419,0.015944,130.7,157.6,0,16.0,3,4,1,1,1,0,0,0,0,0,3,0,Normal,0
2200,0.360804,udp,-,CON,32,8,310.0,66.0,13.749,128,254,1920.062,1850.879,1,0,4.37,5.089,8.102,1.492,0,406385065,1785338864,255,0.015521,0.04125,0.028408,62.8,34.6,0,122.0,1,2,2,2,2,3,0,0,1,2,6,0,Generic,1
2201,0.127607,udp,ssh,REQ,6,7,617.0,1092.0,61.818,62,62,3576.53,642.491,1,0,2.254,8.262,2.366,0.643,255,3042607252,824509650,0,0.093268,0.003383,0.000682,181.6,95.4,0,378.0,6,1,3,0,2,0,0,0,0,3,2,0,Normal,0
2202,0.362332,arp,http,REQ,25,9,763.0,1029.0,43.433,31,128,1290.627,762.445,0,0,4.384,5.344,8.998,12.059,255,998506738,2409767361,0,0.061038,0.012053,0.008776,152.6,36.1,1,171.0,2,4,3,1,1,0,0,0,0,4,4,0,Reconnaissance,1
2203,0.855361,tcp,ftp,ECO,33,10,1537.0,58.0,10.558,62,31,3546.21,370.446,2,1,35.054,12.704,1.478,13.711,0,3366330204,1221356997,255,0.088508,0.010327,0.019914,466.2,39.0,0,165.0,3,4,0,3,5,2,0,0,0,1,3,0,DoS,1
2204,0.153205,arp,ftp,RST,12,4,186.0,1084.0,3.513,62,128,2570.335,671.797,0,1,20.047,13.329,2.712,1.458,0,3037717192,4011194260,0,0.014249,0.035989,0.006689,87.9,142.6,0,53.0,0,2,1,2,2,8,0,1,0,1,2,1,Normal,0
2205,0.698552,tcp,dhcp,FIN,14,12,616.0,1138.0,59.689,128,62,4936.832,1730.588,0,2,29.304,0.111,0.696,3.469,255,2545182784,823648434,255,0.020686,0.046539,0.00445,33.9,28.9,1,7.0,9,4,5,0,1,0,0,0,0,2,5,0,Normal,0
2206,0.277282,udp,dhcp,FIN,35,8,3981.0,287.0,34.117,62,128,156.329,1236.507,1,1,3.149,1.844,1.187,1.68,0,1526429701,3843414905,255,0.01971,0.000477,0.027838,59.4,89.2,0,68.0,1,1,2,1,0,4,0,0,0,3,6,0,Generic,1
2207,0.990031,tcp,-,INT,36,10,2049.0,12.0,58.134,62,62,60.151,35.509,0,1,0.238,20.719,1.162,0.537,255,3937659913,708373588,0,0.095185,0.003168,0.005077,83.1,46.1,0,732.0,7,3,3,1,2,2,0,0,0,3,2,0,Exploits,1
2208,0.426748,tcp,http,ECO,9,7,457.0,888.0,46.914,254,31,102.808,300.434,1,2,1.417,10.201,3.434,0.327,0,1313303264,840245918,0,0.020463,0.005031,0.006019,28.7,70.0,2,105.0,6,1,0,3,3,3,0,1,0,3,1,0,Normal,0
2209,0.775483,tcp,ssh,INT,8,8,136.0,98.0,3.809,31,62,401.28,707.496,0,2,2.516,49.866,1.516,13.834,255,322425640,1785817639,255,0.007551,0.009093,0.023407,96.7,86.9,0,582.0,11,0,2,2,3,2,0,0,0,2,3,0,Normal,0
2210,1.348689,udp,ftp,ECO,7,6,329.0,322.0,26.664,62,31,225.55,1200.761,1,1,0.557,7.328,3.561,2.835,255,2626922959,1898820322,0,0.016266,0.004108,0.011302,216.3,27.3,0,6.0,1,1,5,2,2,1,0,0,1,1,4,0,Normal,0
2211,0.252322,tcp,ssh,FIN,38,13,3376.0,274.0,50.77,254,128,871.099,557.282,0,1,15.084,3.535,1.361,3.225,0,3294623048,4192045607,255,0.059292,0.001402,0.0365,118.2,27.8,1,407.0,5,2,0,2,4,1,0,0,0,0,1,0,Worms,1
2212,0.502451,tcp,dhcp,ECO,13,9,746.0,534.0,10.738,128,254,346.559,977.742,1,1,12.702,9.942,19.285,7.132,255,828893401,2059360805,0,0.112529,0.086323,0.029563,6.6,57.1,0,49.0,8,2,0,0,0,2,0,0,0,4,0,0,Normal,0
2213,1.578041,tcp,http,FIN,43,8,952.0,229.0,8.739,62,128,2305.078,755.324,1,1,5.86,5.482,0.873,1.568,255,3586010739,1331185676,0,0.067315,0.007115,2.3e-05,105.5,82.2,0,199.0,1,2,3,3,2,1,1,0,0,1,5,0,DoS,1
2214,2.479909,udp,dhcp,RST,14,5,1080.0,324.0,33.345,128,62,3283.396,791.354,2,3,9.396,14.774,5.319,0.568,255,1480090605,3036312649,255,0.066819,0.013864,0.013832,59.6,221.0,0,9.0,0,2,1,4,0,2,0,0,0,2,1,0,Normal,0
2215,0.368999,tcp,-,ECO,31,14,1470.0,750.0,33.326,254,31,465.239,2028.689,1,0,2.289,6.106,0.158,7.058,0,247163051,2361719418,255,0.122608,0.031232,0.043527,285.0,127.2,0,159.0,1,2,1,1,0,3,0,0,0,2,4,0,Reconnaissance,1
2216,1.277118,udp,http,CON,10,7,342.0,788.0,29.852,254,254,1433.465,377.729,1,2,8.3,16.286,2.07,2.485,0,820386627,108847748,0,0.026154,0.036588,0.020516,9.6,24.1,0,47.0,2,4,1,1,4,3,0,0,0,1,4,0,Normal,0
2217,0.203646,tcp,smtp,CON,10,11,1244.0,228.0,11.267,62,254,3716.427,15.098,0,0,7.596,8.452,3.939,1.557,0,4205861194,1006247503,255,0.012021,0.010223,0.033921,181.1,15.6,0,77.0,2,1,2,1,1,2,0,0,1,2,5,0,Normal,0
2218,0.229259,udp,dhcp,REQ,36,6,1539.0,62.0,52.262,254,128,1673.315,173.93,0,1,9.608,17.305,10.633,2.503,255,3191630351,1196727897,0,0.052665,0.001848,0.022764,114.3,106.4,0,140.0,4,0,1,2,3,1,0,0,0,3,5,0,Reconnaissance,1
2219,1.234684,udp,smtp,RST,30,11,3661.0,168.0,18.301,254,128,178.755,168.869,0,1,13.023,5.666,3.97,0.17,255,3313427342,2316388999,255,0.053583,0.004085,0.061216,81.7,23.1,0,1.0,2,2,3,1,0,0,0,0,0,1,4,1,Analysis,1
2220,0.443646,udp,http,FIN,14,7,146.0,1078.0,21.541,254,31,1568.904,55.55,2,2,2.731,15.468,0.334,3.67,0,40001770,1421016142,255,0.00967,0.003076,0.009383,8.7,17.4,0,478.0,3,2,2,2,4,3,0,0,0,3,5,0,Normal,0
2221,0.797155,udp,http,CON,10,6,208.0,255.0,56.708,31,31,1673.847,148.936,1,0,3.467,3.715,0.817,13.942,255,3261768078,986203445,0,0.001191,0.025345,0.005021,109.8,328.6,0,225.0,2,1,1,0,1,3,0,0,0,0,1,1,Normal,0
2222,0.206371,tcp,pop3,RST,5,9,180.0,534.0,22.378,62,254,221.572,732.674,1,1,29.624,6.34,0.29,6.543,0,2036074929,293524086,255,0.022303,0.008497,0.020491,290.9,2.2,3,122.0,2,1,2,1,2,2,0,0,0,1,2,0,Normal,0
2223,0.731851,tcp,smtp,RST,11,8,761.0,200.0,52.931,254,31,1953.532,663.383,3,0,5.786,8.687,3.074,5.155,255,1827576613,2377575464,0,0.024665,0.017348,0.01726,28.1,53.6,2,115.0,4,1,4,1,1,1,0,0,0,2,6,0,Normal,0
2224,0.857774,udp,-,FIN,15,6,647.0,165.0,5.464,128,31,937.356,1530.73,1,1,1.986,5.712,9.265,2.883,255,3988983582,2597222505,255,0.001693,0.013591,0.001037,0.9,54.9,1,112.0,2,2,1,2,2,2,0,0,0,1,3,0,Normal,0
2225,0.220541,tcp,smtp,ECO,28,9,5685.0,883.0,67.768,62,128,288.06,2272.415,0,0,26.662,1.188,2.286,4.187,255,930994088,3209680760,255,0.008622,0.003191,0.00545,29.0,79.8,0,61.0,4,4,3,2,0,3,0,0,0,1,5,0,DoS,1
2226,0.321757,tcp,dns,ECO,7,7,128.0,128.0,54.481,31,31,277.05,735.224,0,0,16.465,5.61,1.359,1.061,255,2885253938,1535032717,0,0.064443,0.065485,0.077302,69.3,25.0,0,144.0,2,3,1,2,1,3,0,0,0,2,1,0,Normal,0
2227,0.182148,udp,-,ECO,38,9,674.0,819.0,32.573,62,128,1288.039,610.556,1,4,12.865,8.186,3.371,0.251,255,1103071492,2556636041,0,0.09444,0.013328,0.01362,26.1,20.0,0,312.0,4,0,0,1,1,1,0,0,0,3,3,1,Exploits,1
2228,0.975585,tcp,http,CON,13,3,2054.0,160.0,51.145,254,128,2658.888,634.159,2,1,0.071,16.962,0.257,0.977,0,2184522137,4217425442,0,0.105321,0.00772,0.004337,133.2,143.8,1,66.0,6,0,1,3,1,2,0,0,0,5,0,0,Normal,0
2229,0.53879,tcp,dhcp,RST,10,13,139.0,814.0,20.884,128,128,530.549,717.774,0,0,0.142,5.353,0.278,0.356,0,3061596730,3712158708,255,0.008445,0.00193,0.038156,85.9,38.8,0,76.0,3,3,1,0,4,2,0,1,0,2,1,0,Normal,0
2230,0.081497,ospf,ssh,FIN,42,12,1297.0,1076.0,43.132,62,31,1137.42,813.847,0,1,0.924,2.892,0.71,2.08,255,934301902,2090488183,255,0.008958,0.029581,0.039018,65.7,14.2,0,43.0,3,1,2,5,3,2,1,0,0,3,2,0,Generic,1
2231,1.393477,tcp,-,CON,15,8,1737.0,84.0,7.72,128,128,422.163,480.99,1,3,3.633,4.193,0.144,5.35,255,3160396697,1107560256,0,0.066076,0.035369,0.020109,9.5,53.3,1,326.0,4,0,1,2,1,2,0,0,0,5,2,0,Normal,0
2232,0.475403,tcp,-,FIN,40,13,1879.0,352.0,36.453,254,128,426.555,490.881,0,0,4.17,45.177,5.741,3.333,0,2395979150,1878695393,255,0.032878,0.033077,0.005841,26.0,42.6,1,318.0,0,0,0,3,5,1,0,1,0,2,4,0,Generic,1
2233,0.223897,tcp,ftp,INT,10,7,966.0,72.0,30.024,254,254,679.423,326.098,0,1,3.607,23.74,6.317,0.931,255,70615404,3522571168,255,0.012256,0.012794,0.027728,63.1,0.8,0,264.0,2,2,3,1,0,0,0,2,0,0,3,0,Normal,0
2234,0.442057,tcp,dns,RST,39,8,1242.0,1125.0,6.024,62,128,1348.123,300.29,0,0,2.957,16.734,7.076,4.051,255,922346271,2963641842,0,0.049451,0.037797,0.005764,39.8,390.0,0,351.0,0,3,2,0,2,0,0,1,0,2,3,0,Analysis,1
2235,0.108434,udp,dns,CON,32,13,1522.0,973.0,68.878,62,31,2092.508,17.892,0,1,3.123,0.818,20.087,21.307,255,3643647196,996743135,255,0.029105,0.012259,0.006231,123.1,42.8,0,390.0,4,6,5,3,3,0,0,0,0,0,3,0,Exploits,1
2236,0.169641,udp,ssh,CON,25,5,1389.0,573.0,191.039,62,31,5394.786,252.606,0,0,13.741,32.844,12.399,3.715,255,3760118253,3801678986,0,0.008244,0.011213,0.022922,72.3,50.7,0,8.0,3,1,2,3,2,5,0,0,0,1,3,0,DoS,1
2237,0.874579,tcp,http,CON,6,5,370.0,448.0,1.827,62,31,928.357,971.493,1,1,28.032,5.246,7.648,8.933,0,4158244656,3629452804,255,0.031961,0.002884,0.008994,157.0,46.7,1,26.0,1,0,1,0,4,2,0,1,0,1,7,0,Normal,0
2238,0.16765,tcp,-,CON,8,10,156.0,482.0,71.143,62,254,199.628,178.661,0,3,1.576,13.963,0.389,15.404,255,3762593200,2318667063,0,0.060801,0.04105,0.010488,75.1,37.1,0,31.0,3,3,2,1,0,3,0,1,1,2,4,0,Normal,0
2239,1.757512,tcp,ssh,RST,17,8,386.0,162.0,76.804,31,31,657.168,686.8,1,0,0.067,36.109,4.599,17.19,255,3153930628,3555654516,255,0.007233,0.063173,0.025539,50.1,39.3,0,289.0,2,1,1,2,1,4,0,0,1,3,2,0,Normal,0
2240,0.121426,tcp,dhcp,CON,15,10,102.0,321.0,12.257,254,62,115.317,611.141,1,1,4.579,4.551,2.375,12.436,0,3108205940,1881944835,0,0.02126,0.029923,0.008938,34.8,23.1,1,108.0,2,1,2,5,1,3,0,0,0,6,3,0,Normal,0
2241,1.005846,udp,http,CON,13,5,686.0,287.0,7.728,31,128,1352.891,1546.212,2,0,19.318,0.93,9.432,18.846,255,2496614607,3085091435,0,0.061385,0.035819,0.012578,15.5,0.6,0,214.0,4,1,3,3,2,1,0,0,0,2,5,0,Normal,0
2242,1.022104,udp,ftp,CON,6,14,217.0,167.0,16.365,254,128,304.045,7.563,0,2,18.242,52.143,1.934,0.835,0,135311510,3526119282,255,0.013851,0.033841,0.000765,147.9,464.0,2,603.0,1,1,0,2,3,3,0,0,0,4,5,1,Normal,0
2243,0.573813,tcp,ssh,CON,12,5,51.0,1373.0,50.48,31,128,1.171,25.215,0,1,4.891,3.87,3.615,8.42,255,2423286065,320687680,0,0.005952,0.019348,0.076384,20.8,132.2,1,28.0,0,2,2,3,1,2,0,1,0,4,2,0,Normal,0
2244,0.115984,udp,http,ECO,15,7,414.0,187.0,65.51,254,128,178.784,4365.651,1,0,30.389,26.749,3.611,2.394,255,4247807939,1853663616,255,3.8e-05,0.007618,0.00793,4.7,41.9,0,95.0,1,1,2,2,2,0,0,1,0,3,1,0,Normal,0
2245,0.212151,udp,pop3,CON,8,6,10.0,796.0,132.374,31,128,3170.696,143.755,2,4,3.129,16.289,4.052,9.982,0,385866419,842949042,0,0.031921,0.006395,0.004224,45.5,19.8,0,14.0,2,1,4,2,0,2,0,0,0,2,2,0,Normal,0
2246,0.334859,tcp,http,INT,7,13,1138.0,208.0,51.614,254,254,264.669,368.475,0,2,0.454,5.1,2.921,10.041,0,2528441752,1938873157,0,0.19273,0.013119,0.008764,545.0,52.0,0,161.0,3,4,1,1,1,2,0,0,2,2,2,0,Normal,0
2247,0.684622,udp,smtp,REQ,12,8,103.0,38.0,8.319,62,31,37.279,2104.491,0,1,1.503,1.01,4.787,2.154,0,376596156,4098564051,255,0.051621,0.141004,0.000634,39.1,159.5,2,250.0,4,3,0,0,1,1,0,0,1,2,2,0,Normal,0
2248,1.806858,udp,ftp,CON,22,7,5339.0,803.0,6.864,128,254,139.491,797.951,2,0,1.935,24.482,4.314,0.07,255,3960081065,1567753535,0,0.078405,0.005444,0.019763,166.5,138.8,2,151.0,4,1,4,3,1,1,0,0,0,1,2,0,Generic,1
2249,0.516891,tcp,ssh,INT,6,9,67.0,139.0,8.075,254,62,155.15,3218.064,1,2,0.11,20.248,27.677,5.292,0,2501211880,2671956229,255,0.067571,0.090447,0.019416,52.1,40.9,0,85.0,3,5,1,2,3,3,0,0,0,3,6,0,Normal,0
2250,0.544191,tcp,http,CON,6,5,602.0,491.0,97.775,31,128,306.722,820.43,1,2,11.958,5.638,15.244,14.177,255,2947953152,3308484316,0,0.030363,0.035008,0.013537,6.2,251.7,0,65.0,3,3,1,4,3,1,0,0,0,2,3,0,Normal,0
2251,0.702405,udp,-,INT,9,5,446.0,55.0,108.632,128,31,1949.476,764.856,1,0,2.69,0.137,1.891,2.456,0,2248056581,3273549231,0,0.070422,0.015738,0.018967,38.0,56.7,2,97.0,2,1,2,4,1,2,0,0,0,4,4,0,Normal,0
2252,0.277213,icmp,smtp,FIN,27,6,446.0,127.0,27.407,31,254,97.823,9.354,3,1,2.199,8.793,6.928,0.683,0,814628843,288344390,0,0.047808,0.03837,0.044769,0.2,131.3,1,108.0,5,2,1,3,2,1,0,0,0,3,4,0,Exploits,1
2253,0.11592,tcp,pop3,INT,6,12,935.0,375.0,124.524,62,128,228.441,245.639,2,0,1.323,16.159,4.372,10.309,0,2952457400,1567909076,255,0.103986,0.018641,0.009894,29.4,33.5,0,125.0,2,1,2,3,1,2,0,1,0,1,1,0,Normal,0
2254,1.06978,tcp,ssh,INT,31,6,2235.0,479.0,15.889,62,31,456.72,151.494,0,0,2.737,0.764,4.511,0.53,0,957389099,243500916,0,0.00225,0.010493,0.002335,93.1,103.6,0,210.0,3,1,3,0,2,1,0,0,0,0,2,0,Generic,1
2255,1.892052,udp,pop3,INT,31,12,2082.0,204.0,18.329,62,128,1950.692,1623.746,1,1,3.524,1.245,2.541,0.958,0,2121983182,726563986,0,0.064062,0.008326,0.031833,53.8,41.9,0,281.0,2,0,3,5,2,4,0,0,0,0,5,0,Analysis,1
2256,0.785039,tcp,dns,FIN,8,10,146.0,460.0,18.617,254,128,42.348,767.668,0,1,24.385,1.559,0.171,0.099,0,663799934,1253595466,0,0.021918,0.014287,0.032351,139.5,36.9,0,126.0,0,1,2,3,2,1,0,0,1,3,6,0,Normal,0
2257,0.150043,tcp,http,ECO,16,12,558.0,34.0,84.769,62,62,1167.146,2197.824,1,2,7.041,9.686,6.493,0.072,255,1542097048,1234110960,255,0.029017,0.025424,0.044663,93.7,6.3,2,139.0,0,1,2,1,4,2,0,0,0,2,3,0,Reconnaissance,1
2258,0.470143,tcp,dns,FIN,33,13,1239.0,616.0,72.666,62,31,1588.824,423.417,0,1,2.973,15.029,3.829,18.544,255,2443960874,108740241,255,0.015879,0.03568,0.000809,128.0,157.6,0,89.0,3,4,5,0,1,2,0,1,0,1,4,0,Fuzzers,1
2259,0.536782,icmp,dhcp,FIN,13,8,709.0,838.0,32.036,62,31,2127.456,340.337,1,2,14.675,44.034,4.043,7.622,255,4137201258,1908469294,0,0.007199,0.021249,0.004072,112.3,80.9,0,30.0,4,2,1,0,3,0,0,0,1,1,3,0,Normal,0
2260,0.254868,udp,pop3,FIN,14,7,73.0,88.0,14.111,62,254,656.316,26.757,2,0,17.107,3.392,1.556,3.162,0,947752601,746267600,0,0.04998,0.001143,0.032773,53.1,8.0,0,310.0,3,1,0,0,3,3,0,0,0,3,4,0,Normal,0
2261,0.514668,icmp,ssh,ECO,35,5,3770.0,66.0,8.05,128,31,780.012,37.644,1,0,5.024,10.201,2.816,7.763,0,1879420617,3591115347,255,0.018057,0.061581,0.002644,95.5,15.1,0,30.0,4,1,1,3,0,3,0,0,0,4,2,0,Exploits,1
2262,1.65758,tcp,ftp,CON,32,8,2760.0,45.0,8.917,254,128,856.579,612.021,2,1,1.767,14.157,5.276,1.568,0,202400008,1681075561,0,0.037446,0.034081,0.038153,198.1,32.1,0,476.0,2,2,2,0,2,0,0,0,2,0,2,0,Shellcode,1
2263,0.320552,tcp,smtp,INT,10,5,1149.0,311.0,38.922,128,128,2981.498,1.602,1,1,22.371,12.58,3.153,14.388,0,3941066110,1807007303,255,0.018966,0.031344,0.016753,289.9,40.7,0,9.0,1,3,1,2,2,3,0,0,0,2,2,0,Normal,0
2264,0.352907,tcp,smtp,RST,9,3,856.0,221.0,4.727,128,254,49.965,435.493,1,0,9.322,6.695,8.311,15.37,255,4163818415,479070384,0,0.050723,0.03953,0.000186,8.3,51.6,1,130.0,1,3,0,2,2,2,0,0,0,3,3,1,Normal,0
2265,0.543876,tcp,ssh,FIN,30,7,465.0,1222.0,76.396,128,128,617.631,181.354,0,1,10.481,12.26,1.612,8.646,255,2380936667,552514429,0,0.085835,0.007191,0.02529,199.7,26.2,2,102.0,4,3,2,1,1,2,0,0,0,1,3,0,Generic,1
2266,0.331769,tcp,dhcp,FIN,13,9,39.0,1670.0,5.505,254,128,1659.134,4505.829,1,1,16.103,0.935,1.988,9.644,0,2756014411,3480380116,0,0.032886,0.003648,0.001139,102.0,62.6,0,101.0,4,1,3,2,1,2,1,1,0,3,2,1,Normal,0
2267,0.873669,udp,ssh,CON,29,10,814.0,13.0,72.308,128,254,75.214,1092.881,1,1,6.057,6.238,9.15,2.048,255,3922168863,2067002094,255,0.152105,0.001283,0.010397,32.9,77.8,1,122.0,5,0,3,1,2,0,0,0,0,2,2,0,Exploits,1
2268,0.254517,udp,http,RST,16,8,116.0,168.0,86.685,31,254,1698.794,35.997,1,2,21.285,3.275,0.503,14.757,255,2292704142,4290710578,0,0.027754,0.013861,0.002017,111.1,14.4,0,137.0,2,4,1,0,3,2,0,0,0,1,3,0,Normal,0
2269,0.482959,udp,http,ECO,27,6,4078.0,183.0,54.955,254,128,43.813,618.257,2,0,7.826,13.492,0.531,4.028,255,2899412899,2586897070,0,0.010975,0.013139,0.010728,127.1,44.1,0,50.0,2,2,1,6,0,0,0,1,0,1,2,0,Exploits,1
2270,0.736254,tcp,smtp,REQ,28,10,2781.0,484.0,116.438,254,254,596.039,1356.106,1,0,0.271,15.812,4.846,2.309,0,766009848,739506897,0,0.033713,0.01038,0.029881,82.6,101.9,1,164.0,3,4,3,2,4,0,0,1,0,2,5,0,DoS,1
2271,0.127524,tcp,pop3,ECO,37,7,1744.0,1124.0,39.959,31,254,1635.431,1109.943,0,0,29.494,13.709,4.464,1.048,0,2806281224,3955913382,255,0.03752,0.052752,0.001319,23.8,80.5,4,184.0,0,3,2,1,4,3,0,0,0,2,2,0,Generic,1
2272,0.350742,tcp,dhcp,ECO,14,9,1150.0,21.0,59.276,62,254,2050.966,437.249,1,1,25.246,8.855,10.29,1.724,0,3707397385,2849731160,255,0.048914,0.027669,0.021034,196.9,185.6,0,77.0,1,3,2,2,3,0,0,0,0,2,2,0,Generic,1
2273,0.309497,tcp,smtp,CON,23,4,3816.0,912.0,69.653,31,128,1105.84,418.728,0,1,15.058,3.033,14.967,9.942,0,3492334071,1180875841,0,0.098101,0.027324,0.01763,58.0,81.7,0,84.0,3,2,3,2,7,0,0,0,0,5,4,0,Exploits,1
2274,0.279912,tcp,smtp,CON,31,13,1372.0,390.0,30.282,31,31,105.646,2178.305,1,1,21.604,3.388,8.506,0.457,255,2826354265,3304741970,0,0.096217,0.036984,0.006717,4.6,54.6,0,82.0,4,3,2,2,0,3,0,0,0,3,2,0,Fuzzers,1
2275,0.239199,tcp,pop3,FIN,23,4,2018.0,22.0,20.894,31,62,249.204,272.008,0,0,28.733,3.278,0.518,9.63,0,857560620,1225339077,255,0.090878,0.049715,0.012425,25.3,51.4,1,61.0,4,2,1,0,2,1,0,0,0,1,5,0,DoS,1
2276,0.092883,arp,dhcp,RST,8,10,88.0,188.0,53.919,31,31,336.678,271.143,2,0,11.293,4.651,0.983,1.706,0,4115665679,2286542198,0,0.05462,0.000295,0.016316,75.4,58.0,0,138.0,4,2,4,2,1,2,0,1,1,0,1,0,Normal,0
2277,0.586575,tcp,-,RST,31,3,206.0,39.0,0.561,254,254,2849.329,1430.665,2,1,0.182,6.33,7.184,11.03,0,440746228,2197419829,0,0.047359,0.030296,0.036314,63.9,168.6,0,181.0,2,4,2,2,5,2,0,1,0,2,2,0,Generic,1
2278,0.054363,tcp,ftp,ECO,10,14,337.0,361.0,70.83,128,31,1051.867,907.079,3,1,3.159,30.64,5.465,9.268,0,1290288203,3451355589,255,0.004787,0.010827,0.018532,292.4,1.1,0,394.0,1,3,0,0,2,3,0,0,0,2,2,0,Normal,0
2279,1.056391,tcp,ftp,REQ,31,3,1922.0,127.0,67.343,62,254,2223.221,1944.297,3,1,4.636,10.212,2.307,7.759,0,2969811188,2333602129,0,0.002344,0.000395,0.001983,53.7,847.5,0,401.0,10,0,4,3,2,4,0,0,0,0,3,0,DoS,1
2280,0.203179,udp,smtp,ECO,32,7,350.0,186.0,110.856,62,62,156.979,1395.782,2,2,3.007,30.946,5.027,3.723,255,3080523307,2211708672,255,0.001263,0.025965,0.012717,250.8,27.2,0,36.0,3,0,2,0,1,1,0,0,0,3,7,0,Generic,1
2281,0.172827,tcp,ftp,ECO,7,8,1244.0,136.0,5.641,128,62,665.646,216.38,1,0,1.052,2.545,4.688,8.541,255,3367339931,3603930992,0,0.034791,0.019554,0.002986,17.5,47.9,2,68.0,4,3,2,5,2,5,0,0,1,1,1,1,Normal,0
2282,0.19471,tcp,ftp,RST,8,7,122.0,3.0,5.819,62,128,488.382,330.685,0,0,5.132,7.874,8.924,11.147,0,51788547,2506390756,255,0.029588,0.009808,0.007463,272.7,151.4,0,256.0,3,3,0,3,2,4,0,0,0,2,2,1,Normal,0
2283,1.199337,tcp,-,RST,7,11,1134.0,72.0,159.062,31,31,460.981,1085.618,0,1,9.613,2.619,1.562,4.614,0,2430225929,2829547065,0,0.212811,0.00117,0.010518,102.5,110.9,1,174.0,5,1,0,2,1,3,0,1,0,4,4,0,Normal,0
2284,0.208963,tcp,-,FIN,32,9,3506.0,60.0,27.667,31,254,212.035,2499.104,1,0,33.662,1.429,0.816,7.241,0,2973860391,510428434,255,0.098409,0.008105,0.033633,71.2,114.5,0,455.0,4,4,3,2,4,2,0,0,0,4,1,0,Exploits,1
2285,0.399652,udp,dns,RST,5,3,596.0,458.0,15.674,31,62,1284.458,198.045,2,1,20.692,3.081,0.313,0.301,255,4118070537,3140709858,0,0.256606,0.018509,0.001765,12.0,69.2,1,252.0,4,3,0,4,1,2,1,0,1,1,1,1,Normal,0
2286,0.060862,tcp,dhcp,ECO,13,7,630.0,1503.0,22.499,254,62,583.58,281.117,0,1,1.659,2.023,0.152,20.394,0,253188703,2728028074,255,0.025243,0.003199,0.034469,5.9,17.9,1,359.0,1,2,0,3,1,2,0,0,0,2,0,0,Normal,0
2287,0.914782,tcp,ftp,CON,42,9,4690.0,111.0,42.235,254,128,2625.417,1341.497,3,1,8.667,0.855,1.396,6.687,255,2732297810,49992986,255,0.031735,0.006351,0.014083,151.0,41.4,0,53.0,1,1,1,5,2,2,0,1,0,0,7,0,DoS,1
2288,1.083309,udp,http,RST,40,8,821.0,188.0,45.87,62,254,721.443,613.168,2,0,8.185,18.128,7.221,9.15,255,4108345685,580321798,255,0.011315,0.024949,0.006644,272.5,22.5,0,264.0,2,2,4,1,7,0,0,0,1,1,0,0,Exploits,1
2289,0.019518,tcp,ftp,INT,10,10,832.0,348.0,113.109,31,128,217.966,996.286,0,1,4.395,3.701,7.664,7.311,255,3860255595,4221868390,255,0.215654,0.046641,0.009181,59.4,45.7,0,220.0,1,2,2,5,3,5,0,0,0,2,6,0,Normal,0
2290,0.182569,udp,dhcp,CON,8,8,406.0,438.0,5.991,128,62,680.271,1395.919,0,0,1.085,2.789,1.385,1.444,0,1611898420,1716883928,0,0.066866,0.014699,0.017233,20.9,209.9,0,22.0,1,3,2,1,0,4,0,0,0,2,3,0,Normal,0
2291,0.093362,tcp,ssh,RST,31,6,3267.0,492.0,32.34,254,62,937.162,55.245,1,1,6.347,2.087,0.296,4.952,0,1271152948,3436971960,255,0.131116,0.00186,0.027382,49.5,4.1,0,136.0,2,2,0,1,1,2,0,0,0,3,3,0,Backdoor,1
2292,1.897892,udp,ssh,FIN,28,10,1459.0,523.0,107.154,62,128,2524.688,1446.29,0,2,4.815,6.297,20.018,8.017,255,3936361987,66052407,255,0.078404,0.006377,0.043439,5.0,61.6,0,204.0,4,1,0,2,2,0,0,2,0,0,5,0,Exploits,1
2293,0.124324,tcp,http,INT,27,12,668.0,37.0,8.274,31,254,1876.07,495.564,0,1,9.476,0.662,0.438,8.107,255,332816586,3875551063,0,0.010337,0.019401,0.013266,29.0,27.2,0,957.0,3,2,2,2,3,0,0,0,0,1,1,1,Generic,1
2294,0.681669,tcp,dhcp,ECO,12,7,887.0,753.0,39.049,31,62,983.85,11.942,2,5,35.28,1.759,1.063,1.776,0,2122652379,1921150341,0,0.005912,0.004645,0.001583,78.2,429.0,0,74.0,6,2,4,1,1,0,0,0,0,2,4,0,Normal,0
2295,0.784372,tcp,http,FIN,10,6,162.0,23.0,4.372,254,31,1170.971,1401.848,1,0,0.559,5.599,7.476,4.335,255,2708545772,1035182522,0,0.013345,0.000269,0.003786,55.4,53.8,1,601.0,3,2,2,0,0,0,0,0,1,2,5,0,Normal,0
2296,1.330173,ospf,dhcp,FIN,10,10,317.0,210.0,44.755,254,62,167.205,1259.869,1,0,3.998,13.77,6.391,7.245,255,3403351728,2199160503,255,0.048592,0.019677,0.047128,454.8,3.6,3,202.0,4,6,2,4,2,2,0,0,0,3,2,0,Normal,0
2297,0.23029,tcp,dhcp,ECO,23,7,3163.0,21.0,24.629,62,31,35.823,5.985,0,2,6.948,15.828,0.919,6.758,0,882222972,2229523950,255,0.027889,0.001467,0.03152,246.9,17.0,0,77.0,7,2,0,1,1,4,0,0,1,3,4,1,Exploits,1
2298,0.06218,icmp,smtp,RST,7,11,1064.0,136.0,72.244,128,62,40.655,331.933,1,1,9.007,0.791,5.244,7.172,255,2073154571,2667661716,0,0.02721,0.023023,0.019221,75.4,17.4,0,1.0,6,2,1,1,2,1,0,0,0,2,3,0,Normal,0
2299,0.041893,icmp,pop3,INT,14,15,919.0,148.0,57.22,254,254,861.197,1209.7,2,1,5.492,8.029,2.313,4.275,0,4124791083,1626308200,255,0.006476,0.00078,0.048859,29.2,65.1,0,84.0,3,1,4,2,3,2,0,0,2,4,3,1,Normal,0
2300,0.463604,tcp,dhcp,INT,28,10,444.0,236.0,68.211,128,128,1809.005,3055.936,1,0,1.542,12.336,4.179,4.591,255,2393177497,3697328444,0,0.040321,0.014456,0.004436,189.5,62.2,0,143.0,2,3,0,1,1,2,0,0,0,2,3,0,Exploits,1
2301,0.597545,tcp,smtp,ECO,32,8,3863.0,590.0,22.749,128,128,1919.932,127.787,1,1,22.348,2.265,1.937,7.324,255,4253087798,2160872194,0,0.036942,0.011819,0.003744,15.2,50.0,0,700.0,5,2,4,1,2,2,0,0,1,2,4,0,Analysis,1
2302,0.255126,tcp,pop3,RST,32,5,5596.0,351.0,48.955,128,31,3006.135,9.329,3,1,20.471,3.252,9.544,1.771,255,2826565546,2581720061,255,0.033854,0.007639,0.038382,113.2,76.6,1,111.0,2,2,2,2,0,2,0,1,1,3,4,0,Exploits,1
2303,0.505389,ospf,smtp,ECO,12,8,85.0,234.0,2.958,254,31,508.795,1023.229,0,2,34.681,26.547,2.896,9.874,255,939021982,217763143,255,0.042181,0.007854,0.026323,230.8,74.4,3,132.0,2,2,3,2,1,3,0,0,0,2,2,0,Normal,0
2304,0.395523,udp,smtp,FIN,10,4,480.0,742.0,51.252,254,62,526.323,1553.824,0,0,9.14,40.074,7.013,2.463,255,3866493848,2421973690,255,0.030271,0.001572,0.043593,74.2,366.0,1,366.0,9,2,1,1,5,1,0,0,0,2,3,0,Normal,0
2305,0.287196,tcp,ftp,REQ,12,5,524.0,324.0,4.319,62,31,333.558,458.063,2,1,10.339,7.817,5.823,15.609,255,3589593032,3722584186,255,0.108048,0.008101,0.001058,8.7,188.5,0,36.0,4,2,0,1,3,1,0,0,0,5,2,0,Normal,0
2306,0.56308,tcp,ssh,RST,9,6,229.0,57.0,62.039,31,62,144.896,412.543,2,0,7.903,15.887,0.987,0.553,255,963694057,1980608927,0,0.102966,0.038858,0.103873,118.9,88.5,0,137.0,4,1,4,3,2,1,0,1,0,1,0,1,Normal,0
2307,0.061639,udp,ftp,FIN,5,6,687.0,689.0,22.122,31,62,1237.948,436.959,1,2,3.654,17.966,5.05,0.202,0,3860340124,815060716,255,0.012138,0.00978,0.009589,128.1,35.9,0,326.0,4,1,1,3,5,1,0,0,1,0,2,0,Normal,0
2308,0.09772,tcp,http,REQ,10,7,1378.0,689.0,11.077,254,31,4357.081,315.499,1,2,0.998,17.872,4.268,2.149,0,2743834805,1978122799,0,0.005514,0.006767,0.022905,107.9,3.8,0,176.0,5,3,1,2,0,3,0,0,0,1,4,1,Normal,0
2309,0.607609,tcp,ftp,FIN,26,8,1921.0,449.0,32.835,128,31,475.516,621.662,0,1,3.325,17.248,13.185,12.001,0,954906873,358266727,255,0.017201,0.013053,0.003458,30.3,67.5,1,51.0,1,2,2,4,1,2,0,0,0,3,0,0,Generic,1
2310,2.080716,tcp,-,ECO,32,9,928.0,253.0,33.142,128,128,941.183,798.3,0,0,8.162,8.356,1.264,9.359,0,2962119199,3741285492,0,0.019177,0.032121,0.015139,58.2,112.2,1,361.0,2,3,1,2,1,0,0,0,0,2,3,0,DoS,1
2311,0.522636,tcp,dhcp,RST,28,9,1021.0,153.0,14.54,128,254,2133.726,2415.967,1,2,6.486,8.496,4.117,2.024,255,342522490,4104910432,255,0.027126,0.003918,0.002413,172.5,0.7,0,252.0,5,1,2,2,2,0,0,1,1,2,2,0,Worms,1
2312,0.287014,icmp,ftp,CON,9,9,1572.0,415.0,11.381,128,62,412.776,446.648,0,1,1.778,3.651,0.794,3.356,255,1397636232,519495011,255,0.044643,0.036522,0.00431,126.1,106.9,0,166.0,1,3,2,2,0,2,0,1,1,2,1,0,Normal,0
2313,0.736866,udp,pop3,REQ,10,7,1244.0,449.0,79.412,128,62,215.854,167.536,2,1,7.391,15.089,3.116,0.449,255,3872098949,2425251217,255,0.08924,0.04184,0.019764,20.9,15.2,0,74.0,1,1,3,1,2,0,0,0,0,4,2,0,Normal,0
2314,2.165642,tcp,dns,FIN,17,12,514.0,250.0,3.204,31,254,2503.731,621.628,2,1,3.094,15.229,1.759,4.516,255,1351242968,1475915182,255,0.013162,0.022954,0.075219,67.6,52.1,0,426.0,2,1,4,0,4,1,0,0,0,5,1,1,Normal,0
2315,0.198774,tcp,ftp,RST,10,4,8.0,121.0,85.605,254,62,1317.738,1947.48,0,2,3.592,4.773,0.581,0.643,0,2769128910,1999699036,255,0.105354,0.003115,0.015147,250.8,46.5,1,162.0,3,1,2,2,1,4,0,0,0,2,0,0,Normal,0
2316,0.199504,udp,http,CON,5,8,1680.0,717.0,59.758,31,62,102.81,2682.504,1,0,7.293,2.963,3.33,0.366,255,513478527,2197917908,0,0.060745,0.022876,0.037919,11.4,219.0,1,231.0,4,1,1,2,6,3,1,0,0,4,1,0,Normal,0
2317,0.002931,tcp,pop3,REQ,8,3,400.0,1176.0,101.824,31,128,1379.35,1406.157,3,1,3.296,3.651,0.425,27.23,255,1417563602,4137350794,0,0.027348,0.002909,0.00849,135.8,59.9,0,386.0,3,2,3,3,3,0,0,0,0,3,3,0,Normal,0
2318,0.237947,tcp,smtp,FIN,27,2,3395.0,339.0,32.15,254,254,570.828,289.272,2,1,5.497,14.71,2.941,14.353,0,1529316940,2636869743,0,0.13786,0.017723,0.006288,11.2,13.1,0,386.0,2,4,1,2,4,1,0,0,1,1,4,0,Exploits,1
2319,0.050801,tcp,dns,FIN,12,13,159.0,479.0,7.42,254,128,1480.613,393.306,0,2,39.962,7.329,4.4,5.78,0,221811468,1713317711,0,0.009728,0.024306,0.021277,2.7,91.4,0,207.0,7,2,0,3,6,3,0,1,0,2,0,0,Normal,0
2320,1.190181,udp,ssh,ECO,30,6,1772.0,8.0,209.22,254,31,408.515,113.018,1,0,2.495,18.223,5.443,1.169,255,1734492968,2050506418,255,0.02722,0.067237,0.017749,83.2,299.2,1,526.0,5,2,3,1,1,1,0,0,0,0,3,0,Reconnaissance,1
2321,1.536539,arp,pop3,INT,9,11,87.0,334.0,60.804,128,128,1072.828,127.655,3,0,27.668,0.665,0.976,5.497,255,1566340415,4085327696,255,0.053076,0.002013,0.001164,75.2,106.1,0,934.0,0,4,0,1,2,2,0,0,0,3,5,0,Normal,0
2322,0.075341,udp,ssh,FIN,12,9,9.0,153.0,18.978,128,254,1851.458,1455.997,0,3,6.387,1.152,6.88,2.059,0,2037350735,3066325772,255,0.017999,0.018804,0.000164,70.7,8.5,2,21.0,2,1,3,2,1,1,0,0,0,0,5,0,Normal,0
2323,2.102548,tcp,dns,RST,9,7,643.0,231.0,31.469,254,128,66.635,477.585,1,1,3.386,12.677,3.035,1.025,255,3251508218,2936983150,0,0.06405,0.021414,0.000741,191.2,22.4,0,24.0,1,2,3,4,0,2,0,0,0,2,5,0,Normal,0
2324,0.369952,udp,dhcp,CON,8,9,1447.0,231.0,6.641,254,62,236.799,230.315,1,2,7.295,10.41,2.195,14.129,0,2765317818,4243270889,0,0.036861,0.015731,0.010341,258.5,15.7,1,1068.0,2,3,2,3,2,1,0,0,1,4,3,0,Normal,0
2325,0.010288,tcp,dhcp,REQ,9,10,919.0,685.0,17.799,31,254,151.077,3979.703,1,0,54.55,11.95,2.937,0.631,255,3570576698,3461933052,0,0.034467,0.008097,0.012417,239.0,71.5,0,119.0,0,1,2,7,1,1,0,0,0,3,5,0,Normal,0
2326,1.368594,icmp,dhcp,RST,28,8,290.0,481.0,21.41,62,254,228.995,970.247,4,1,0.087,12.079,1.45,9.101,0,290001198,3655161946,0,0.049098,0.038396,0.01625,68.1,88.4,1,457.0,2,2,1,1,2,4,0,0,0,0,1,0,Shellcode,1
2327,0.24095,tcp,-,RST,14,8,550.0,453.0,13.941,31,254,456.516,1074.512,2,3,1.839,31.264,1.338,8.443,255,3737950790,380804207,0,0.015416,0.001332,0.02073,269.3,25.0,1,220.0,2,1,3,3,2,2,0,0,0,2,3,0,Normal,0
2328,0.909505,tcp,dhcp,CON,2,4,992.0,802.0,10.162,62,254,259.303,731.508,0,0,18.898,10.03,7.314,11.13,0,60896620,3757783714,255,0.001707,0.024639,0.014952,105.6,106.7,1,261.0,1,0,5,3,3,1,0,0,0,6,4,0,Normal,0
2329,0.230839,tcp,http,CON,33,4,1237.0,261.0,279.039,31,31,1044.714,2346.507,1,3,17.391,3.356,1.803,1.132,255,3497523488,1830278761,0,0.075771,0.013061,0.010701,34.7,143.5,0,2.0,1,2,1,2,1,3,0,0,0,6,3,0,Generic,1
2330,0.135509,tcp,smtp,CON,7,12,555.0,898.0,134.991,62,62,63.822,811.28,0,2,6.582,12.031,4.811,2.464,0,845531503,243391410,0,0.004246,0.003535,0.002433,1.2,46.4,0,76.0,3,1,3,1,1,2,0,0,0,1,4,0,Normal,0
2331,0.422719,tcp,ssh,REQ,26,7,1268.0,16.0,31.54,254,62,3530.976,278.716,1,1,10.638,31.912,4.752,1.19,255,2489811120,3864485296,255,0.019564,0.000836,0.022417,35.0,52.2,0,233.0,4,2,3,4,4,2,0,1,0,5,3,0,Generic,1
2332,0.084371,tcp,http,RST,9,6,1420.0,250.0,13.747,62,128,1825.224,1744.55,0,0,11.743,1.338,9.477,7.631,255,4188727965,1449238227,255,0.003366,0.013559,0.004488,14.1,223.8,0,169.0,9,0,2,0,5,0,0,0,0,2,2,0,Normal,0
2333,0.738818,udp,-,REQ,22,8,1015.0,38.0,53.708,31,31,1040.843,108.717,1,2,0.492,14.032,1.225,0.885,255,1396742119,929392865,255,0.022739,0.042004,0.003891,35.2,83.8,0,40.0,4,0,2,1,0,1,0,0,1,1,2,0,Fuzzers,1
2334,0.879135,udp,dhcp,INT,8,5,308.0,333.0,350.545,62,31,1750.07,199.898,0,1,1.978,3.18,5.883,3.346,0,4279772671,3294474539,255,0.078239,0.007258,0.000733,486.6,267.7,0,359.0,1,2,6,0,2,3,0,1,0,3,2,0,Normal,0
2335,0.125058,tcp,dhcp,FIN,3,3,76.0,31.0,40.047,62,62,237.708,36.157,1,0,1.021,4.906,21.301,8.164,0,3089430688,1908179322,255,0.024017,0.008336,0.019961,29.1,44.8,0,19.0,2,1,2,2,3,0,0,0,0,0,5,0,Normal,0
2336,0.692933,tcp,http,ECO,34,11,3996.0,205.0,109.679,254,128,2152.203,1539.831,1,0,10.989,5.852,1.867,14.737,255,3365235552,2630299717,0,0.03319,0.005161,0.002013,22.4,15.8,0,30.0,2,2,2,0,2,2,0,0,0,3,4,0,Generic,1
2337,0.611072,tcp,smtp,REQ,24,12,1554.0,285.0,3.974,254,31,354.662,1487.517,2,4,32.171,28.688,1.065,8.708,255,839654173,376189184,0,0.007859,0.011201,0.007094,136.7,68.7,0,186.0,4,0,1,3,2,2,0,0,0,1,2,0,DoS,1
2338,1.598616,tcp,http,REQ,8,8,1785.0,163.0,27.641,128,62,705.192,399.712,3,1,9.827,3.198,1.697,7.238,255,1758762782,768472269,255,0.027697,0.025386,0.013388,18.0,176.2,1,354.0,2,3,1,3,0,4,0,0,1,1,4,0,Normal,0
2339,0.054606,tcp,smtp,FIN,30,7,2715.0,157.0,70.257,254,128,84.486,3200.176,0,1,0.521,11.172,10.602,1.461,0,4255592970,4166291531,0,0.088748,0.030828,0.002162,297.7,240.7,0,68.0,2,2,2,1,4,3,0,0,0,2,5,0,Generic,1
2340,0.097925,icmp,ftp,CON,7,7,575.0,121.0,1.401,128,254,1133.401,329.944,1,1,2.051,0.398,10.106,1.859,255,4091647400,49747774,255,0.062807,0.039431,0.003849,2.1,471.8,0,113.0,3,2,1,2,2,6,0,0,1,2,6,0,Normal,0
2341,0.233715,arp,pop3,CON,6,7,75.0,308.0,33.381,128,128,1686.458,366.422,2,1,9.876,2.925,3.927,5.316,255,3860261962,1918562065,0,0.000493,0.008625,0.010333,93.7,101.7,0,361.0,2,1,3,2,2,3,0,1,2,0,2,0,Normal,0
2342,0.110421,tcp,smtp,REQ,5,12,1686.0,1420.0,22.059,254,254,471.208,276.857,0,2,4.602,24.448,11.519,2.357,0,3394111109,1595282790,255,0.012114,0.004943,0.010698,74.8,92.3,1,26.0,4,3,2,3,4,3,0,0,1,1,1,0,Normal,0
2343,0.261615,udp,dns,RST,26,4,665.0,612.0,7.366,31,31,123.599,476.796,0,3,17.536,6.463,1.391,1.306,255,2957510464,2159950654,0,0.081076,0.000725,0.031805,220.4,1.4,0,554.0,4,2,3,3,3,0,0,0,0,0,0,0,Exploits,1
2344,0.043822,udp,ssh,ECO,10,11,16.0,126.0,70.16,31,254,3614.991,899.338,3,0,38.138,6.166,3.745,1.213,0,4143037665,2386996270,0,0.028665,0.000797,0.002187,54.4,128.9,0,270.0,4,1,3,3,2,0,0,0,0,0,0,0,Normal,0
2345,0.758824,tcp,dns,REQ,20,11,2814.0,294.0,2.929,128,128,459.552,44.604,2,0,11.432,0.631,14.104,8.421,255,713588099,4027021069,255,0.038072,0.0011,0.008893,16.5,55.9,1,242.0,7,6,1,2,1,2,0,0,1,1,1,0,Exploits,1
2346,0.603392,udp,-,INT,13,3,265.0,964.0,1.377,62,31,17.495,1146.735,0,0,9.748,12.171,1.132,0.743,255,2188960284,532367870,0,0.014898,0.000294,0.007756,67.9,203.4,0,67.0,2,0,5,1,1,2,0,0,0,3,1,0,Normal,0
2347,0.320841,tcp,smtp,INT,29,6,1571.0,16.0,0.191,254,128,1144.932,122.354,0,0,6.045,0.379,13.514,1.986,255,1834678459,3056628082,0,0.004723,0.007989,0.050989,64.4,180.7,2,8.0,2,1,1,2,3,0,0,1,1,1,3,0,DoS,1
2348,1.423751,tcp,pop3,RST,22,8,309.0,166.0,0.845,62,62,495.895,1790.349,0,2,32.16,8.759,9.338,3.222,255,3907185796,2961491474,0,0.007092,0.003227,0.036617,77.8,15.3,1,319.0,5,1,1,3,3,0,0,0,0,2,2,1,Fuzzers,1
2349,2.605421,ospf,dns,CON,9,5,244.0,1781.0,107.489,254,128,1038.175,833.888,0,4,5.791,50.407,4.106,0.185,0,1388122416,3923234108,255,0.010182,0.012449,0.006105,40.4,65.6,1,362.0,4,3,1,4,4,3,0,0,0,2,1,0,Normal,0
2350,0.269111,udp,http,INT,12,6,5.0,573.0,43.554,128,128,732.23,1760.187,2,1,44.018,0.303,2.245,6.761,0,3578125724,2053722667,0,0.137245,0.000524,0.001126,73.3,13.1,0,16.0,2,2,2,1,0,3,0,0,0,4,1,0,Normal,0
2351,1.389658,tcp,-,RST,11,7,85.0,1405.0,89.491,62,128,564.094,174.186,3,0,2.718,6.922,1.121,0.736,0,234850354,351264862,0,0.008919,0.001163,0.006223,13.1,73.0,0,47.0,6,1,0,2,2,3,0,0,0,0,4,0,Normal,0
2352,0.291015,tcp,ftp,REQ,27,5,1084.0,151.0,184.048,128,31,1377.973,317.71,0,1,6.575,5.157,15.416,2.879,0,3016282246,3875442275,0,0.005754,0.01238,0.007496,65.9,26.7,2,197.0,3,0,2,3,2,1,0,0,0,3,3,0,DoS,1
2353,0.844922,arp,pop3,INT,15,13,1412.0,159.0,2.255,31,128,1230.984,972.078,1,1,4.725,5.116,3.62,3.799,0,1556032049,3805630273,0,0.029711,0.035204,0.035814,29.8,92.7,0,198.0,1,4,1,1,1,2,0,0,0,4,2,0,Normal,0
2354,0.89311,tcp,ftp,RST,11,8,964.0,875.0,72.994,254,62,81.836,545.219,1,0,18.658,2.266,5.71,3.458,255,3728456724,231582035,255,0.049227,0.024195,0.026542,167.3,106.7,0,353.0,2,1,1,2,3,1,0,0,0,0,3,0,Normal,0
2355,0.219147,icmp,dhcp,CON,11,11,116.0,122.0,51.933,31,31,567.279,799.164,1,2,18.777,11.257,0.079,4.581,0,3188721609,1326581785,0,0.028675,0.037578,0.026353,54.4,81.2,0,312.0,1,4,3,1,5,6,0,0,0,2,5,0,Normal,0
2356,0.545068,icmp,ftp,FIN,30,7,1872.0,140.0,9.07,128,31,448.329,165.542,0,2,12.688,3.244,7.387,0.543,255,360768083,3101873577,255,0.083324,0.028708,0.043771,25.9,389.4,1,4.0,2,3,5,4,2,1,0,1,0,2,2,0,Fuzzers,1
2357,0.244408,tcp,dns,RST,12,11,701.0,527.0,7.435,31,128,1902.459,894.14,2,2,20.794,10.259,3.772,9.756,0,62356910,1761549432,255,0.032135,0.00763,0.095722,83.3,179.2,0,23.0,2,2,1,6,0,6,0,1,0,5,6,0,Normal,0
2358,0.731081,udp,pop3,INT,12,15,37.0,312.0,26.358,254,62,254.616,200.813,0,0,11.151,2.252,1.158,6.475,255,2416226740,2776852861,0,0.083914,0.0281,0.053781,77.6,74.8,1,211.0,5,3,1,1,1,4,0,1,0,0,2,0,Normal,0
2359,0.264085,udp,smtp,CON,32,9,543.0,473.0,124.262,62,31,37.171,780.238,1,1,47.762,2.092,20.302,3.52,0,1946293728,2899378118,255,0.015434,0.003593,0.005089,209.1,139.7,0,91.0,3,2,3,1,2,2,0,0,0,2,5,0,Shellcode,1
2360,0.080907,udp,-,FIN,9,8,72.0,86.0,19.671,62,254,0.876,548.53,0,2,8.137,10.337,3.986,3.993,255,530795720,1090456453,0,0.011344,0.006524,0.003952,67.1,36.7,0,435.0,2,0,2,2,4,2,0,0,1,1,1,0,Normal,0
2361,0.898876,tcp,-,ECO,27,7,345.0,234.0,70.629,254,254,814.996,219.888,1,0,3.005,2.547,3.016,4.711,0,279907492,2835971263,255,0.013889,0.005829,0.033685,17.6,11.1,1,207.0,6,1,5,2,5,3,0,0,0,3,3,0,Fuzzers,1
2362,0.734582,tcp,http,RST,10,8,574.0,57.0,8.638,254,31,1567.323,517.647,1,0,2.526,0.175,8.375,0.054,255,3077974887,662177415,255,0.143062,0.007497,0.012614,1.0,13.1,0,788.0,1,2,4,2,1,2,0,0,0,1,5,1,Normal,0
2363,0.863291,tcp,pop3,CON,5,11,1745.0,501.0,1.233,31,254,4887.228,490.225,2,1,6.073,3.115,6.848,8.817,255,2583398723,1050819810,255,0.052525,0.022303,0.018041,84.3,114.1,1,242.0,3,1,3,2,2,2,0,0,1,3,1,0,Normal,0
2364,0.654498,udp,-,REQ,24,4,1555.0,472.0,17.552,31,31,481.545,914.229,1,3,33.584,3.11,12.746,11.766,0,891214019,3775155058,0,0.020005,0.004214,0.073414,373.9,29.1,0,405.0,5,3,3,2,3,2,0,0,0,4,3,0,DoS,1
2365,0.868538,udp,-,INT,28,6,5686.0,137.0,12.186,31,31,459.214,190.825,0,2,9.411,5.619,13.524,7.075,255,1808271573,3345776067,0,0.063755,0.015646,0.007335,42.6,115.5,0,167.0,4,4,1,3,3,3,1,0,0,2,2,0,Generic,1
2366,0.121449,udp,pop3,CON,30,6,2210.0,239.0,70.744,62,31,504.016,183.159,1,1,1.506,0.7,0.77,3.39,0,1517284807,1585902548,255,0.075817,0.001416,0.016129,219.7,107.7,0,630.0,7,2,0,6,5,0,0,0,1,2,5,0,Generic,1
2367,0.762357,tcp,smtp,CON,9,4,574.0,700.0,3.695,254,31,675.531,164.175,2,0,9.861,14.247,0.017,8.195,0,4076767693,2533731478,255,0.01067,0.014903,0.033299,121.3,0.6,0,274.0,6,3,3,3,4,3,1,0,0,1,2,0,Normal,0
2368,0.131386,tcp,dhcp,FIN,10,8,463.0,637.0,53.075,254,254,1344.173,923.193,1,0,48.174,2.851,1.935,0.367,255,616297845,116360829,0,0.038195,0.034898,0.031452,82.2,124.2,1,80.0,2,0,1,1,0,1,0,0,0,6,1,1,Normal,0
2369,0.500702,tcp,http,ECO,11,12,232.0,346.0,12.824,128,62,566.994,2737.791,0,0,6.441,7.706,9.515,3.61,255,426221805,2407506855,255,0.021686,0.02967,0.059915,21.0,51.1,1,115.0,4,1,4,0,1,1,0,0,0,3,4,1,Normal,0
2370,0.521451,udp,ssh,ECO,8,6,25.0,189.0,64.356,62,31,2546.214,353.501,0,2,11.665,10.977,9.418,2.096,0,2561913362,3913442912,255,0.010789,0.003281,0.056872,116.6,114.9,0,124.0,0,1,4,1,0,1,0,0,0,1,1,0,Normal,0
2371,0.214093,tcp,http,ECO,11,15,410.0,107.0,28.017,31,128,737.003,2349.832,1,1,0.287,7.778,4.749,6.906,255,1016175423,1835551567,255,0.015331,0.038284,0.01307,239.2,5.0,0,423.0,0,5,2,4,0,3,0,0,0,3,5,0,Normal,0
2372,0.534623,udp,smtp,CON,13,10,167.0,673.0,41.186,62,62,405.165,1397.845,2,1,10.332,29.412,1.98,5.069,0,82346687,1518130188,255,0.095958,0.000678,0.010497,267.5,235.0,0,69.0,1,1,3,5,1,2,1,0,1,2,0,0,Normal,0
2373,0.758339,tcp,-,ECO,12,8,1302.0,1358.0,11.867,62,128,1116.856,798.326,1,3,7.079,15.997,9.772,2.927,255,1417070002,3648614797,0,0.04803,0.011448,0.056863,64.8,38.3,2,18.0,2,3,3,2,7,1,0,0,0,1,2,0,Normal,0
2374,0.388119,tcp,dhcp,CON,4,9,1180.0,435.0,14.672,31,128,1371.208,1382.586,0,1,1.086,5.925,7.329,3.172,0,3561764187,1474686732,255,0.08972,0.005764,0.00712,48.5,74.2,2,104.0,3,3,1,2,3,2,0,1,1,4,2,0,Normal,0
2375,0.069621,icmp,dns,RST,13,8,462.0,362.0,2.719,31,31,914.075,296.04,1,2,11.019,7.995,2.227,0.514,255,4168138428,3582150087,0,0.041093,0.00352,0.017598,2.6,35.9,1,193.0,1,3,2,4,4,0,0,0,1,1,1,0,Normal,0
2376,0.158683,tcp,ftp,FIN,13,12,615.0,579.0,17.784,31,62,896.399,285.305,2,0,1.062,2.123,2.872,3.331,0,2156603620,1292561381,255,0.004184,0.013585,0.047087,47.8,44.4,1,148.0,1,2,0,2,2,1,0,0,0,1,5,0,Normal,0
2377,0.788985,tcp,dhcp,CON,30,8,917.0,6.0,15.196,31,128,1554.233,579.469,1,1,1.417,9.563,0.782,2.412,255,2302568274,2442679907,255,0.029709,0.022238,0.012721,240.0,6.8,1,49.0,1,3,4,0,2,0,0,0,0,1,6,0,DoS,1
2378,0.326485,udp,-,REQ,35,12,2269.0,87.0,13.852,31,128,638.971,439.335,1,1,22.449,1.026,5.872,0.382,0,748711816,3451239170,255,0.03162,0.015037,0.060469,159.0,130.6,0,427.0,1,5,1,2,6,1,0,0,1,2,1,0,Generic,1
2379,0.25216,tcp,pop3,ECO,8,8,971.0,239.0,39.23,128,31,736.055,179.575,2,1,40.104,0.65,0.245,0.646,255,1142598583,254013942,0,0.058393,0.014143,0.011843,92.3,130.0,1,27.0,5,2,1,1,1,1,0,0,2,3,2,0,Normal,0
2380,1.238383,arp,smtp,CON,31,8,889.0,121.0,0.443,128,31,680.138,2871.688,0,1,67.176,12.456,1.099,1.475,255,2229177062,2516338961,0,0.144768,0.010516,0.003481,112.5,56.7,1,12.0,2,1,4,4,2,5,0,0,0,3,3,1,Exploits,1
2381,0.281441,icmp,ssh,INT,38,7,1503.0,33.0,23.488,254,31,32.827,1489.218,0,3,25.547,17.272,2.172,2.287,255,7072414,394017405,255,0.010892,0.003903,0.07273,213.5,11.7,0,15.0,1,1,0,3,3,2,0,2,0,1,4,0,Fuzzers,1
2382,1.81742,udp,ftp,ECO,13,11,842.0,1671.0,61.135,254,128,650.41,557.691,1,1,27.389,3.545,0.453,0.792,0,3007297612,3959083512,255,0.076508,0.002572,0.003179,26.2,22.9,0,104.0,6,2,0,3,4,2,0,0,0,4,3,0,Normal,0
2383,0.612677,tcp,dhcp,INT,10,9,235.0,208.0,105.359,128,62,377.706,985.163,1,2,4.028,1.589,0.661,25.402,0,1222815946,4216102902,0,0.005755,0.00408,0.024953,29.0,90.4,1,113.0,6,1,2,1,1,0,0,2,1,4,4,0,Normal,0
2384,1.077094,tcp,dns,RST,13,12,298.0,871.0,61.146,31,62,735.329,1529.667,0,0,4.921,9.805,0.277,6.807,0,2873085511,4011328451,0,0.087217,0.012421,0.014358,98.5,16.6,1,296.0,3,4,1,4,3,1,0,0,0,3,3,0,Normal,0
2385,0.298923,icmp,dns,INT,9,5,205.0,7.0,1.541,254,31,810.895,149.166,1,0,5.884,9.755,1.205,4.509,255,987965991,2382518217,255,0.042317,0.007336,0.02941,4.3,8.2,0,10.0,3,4,2,0,1,1,0,0,1,0,1,0,Normal,0
2386,0.918067,tcp,dns,FIN,27,6,1134.0,136.0,92.234,31,31,2158.689,559.098,0,0,3.256,4.177,4.395,12.531,0,2839159694,3763994110,0,0.025359,0.021382,0.013455,11.3,134.8,1,274.0,1,3,3,2,0,2,0,0,0,6,4,0,Exploits,1
2387,0.170892,arp,ftp,CON,25,8,3838.0,25.0,143.109,254,254,18.013,155.387,0,1,0.531,15.76,5.426,1.503,0,3037973904,2597880529,255,0.096554,0.017902,0.027962,87.1,17.4,1,210.0,5,4,1,2,4,2,0,0,0,3,3,0,Shellcode,1
2388,0.197558,udp,ftp,REQ,17,12,53.0,5.0,195.825,62,62,520.633,3.965,1,0,1.791,12.444,0.377,5.532,0,2791652486,1519521012,255,0.044592,0.038706,0.053559,230.5,111.1,1,13.0,1,3,2,6,4,0,0,0,0,2,2,0,Normal,0
2389,0.685107,tcp,http,FIN,27,7,8720.0,158.0,23.948,254,31,533.565,68.349,0,2,1.349,3.195,2.481,1.278,0,2142125336,2368859771,0,0.037401,0.002374,0.019199,52.8,108.5,0,21.0,5,2,0,0,1,0,0,0,0,4,2,0,Exploits,1
2390,0.072164,tcp,dns,CON,6,7,628.0,26.0,23.904,128,128,231.273,864.449,1,0,11.533,5.958,8.053,1.566,255,2384662063,3346586258,255,0.033319,0.061448,0.003433,0.5,37.0,1,43.0,0,1,3,2,1,1,0,1,2,1,4,0,Normal,0
2391,0.238826,udp,dns,ECO,34,9,308.0,1017.0,4.703,254,254,1792.142,1213.666,0,0,1.142,0.41,4.941,0.259,0,3797577284,95984976,0,0.072039,0.012979,0.012013,278.1,119.1,1,27.0,4,1,1,2,2,0,0,0,0,3,3,0,Generic,1
2392,0.600835,tcp,dns,FIN,29,5,2121.0,628.0,110.43,254,254,2308.401,789.783,1,0,1.196,37.221,0.01,9.001,0,1363448258,3998972606,255,0.03598,0.00952,0.004118,171.6,15.7,0,453.0,6,0,4,2,0,4,0,0,2,3,4,0,Exploits,1
2393,1.485611,tcp,dhcp,CON,13,4,359.0,217.0,60.192,128,62,3306.719,1652.934,5,0,8.637,0.466,3.431,4.939,255,1143791811,1006600096,0,0.108188,0.006859,0.002492,153.2,62.6,0,90.0,2,1,3,2,2,3,0,0,0,0,0,0,Normal,0
2394,0.146701,udp,-,REQ,9,10,316.0,31.0,106.061,128,62,1077.735,430.866,0,0,7.716,16.375,17.786,4.374,255,2058608040,1596272462,255,0.00673,0.042856,0.018546,67.2,43.9,0,279.0,2,4,1,1,3,3,0,0,1,1,5,0,Normal,0
2395,0.958202,tcp,dhcp,REQ,28,7,769.0,400.0,25.768,62,128,562.715,10.742,1,1,2.714,9.542,0.822,6.595,255,1188465880,472281189,255,0.015209,0.019305,0.009103,140.8,151.8,1,122.0,3,1,2,3,3,0,0,0,0,3,2,0,Generic,1
2396,0.380461,tcp,pop3,CON,29,10,1165.0,2269.0,84.228,62,31,379.695,1308.628,0,1,4.086,1.464,3.533,5.576,255,3477680461,641112724,255,0.023784,0.055292,0.009013,45.7,165.4,0,276.0,3,3,2,5,3,3,0,1,0,2,6,0,Shellcode,1
2397,2.306097,udp,-,FIN,13,8,156.0,42.0,105.992,254,62,462.38,529.774,2,2,8.732,17.504,0.044,6.711,255,2224184798,678487328,0,0.040717,0.021288,0.021554,70.1,97.0,1,334.0,2,0,5,1,1,1,0,1,0,0,1,0,Normal,0
2398,1.148286,udp,ssh,ECO,9,8,225.0,84.0,0.449,254,254,90.841,550.654,1,0,2.385,0.56,0.93,21.87,255,3537746352,2135449268,0,0.070695,0.003776,0.003661,79.9,147.6,0,186.0,1,3,3,2,2,2,0,0,1,0,3,0,Normal,0
2399,0.449316,tcp,http,REQ,7,8,74.0,109.0,0.317,254,254,1020.818,440.006,0,1,13.671,22.676,3.129,3.731,0,1360755389,565273918,0,0.007489,0.035463,0.065301,10.1,84.8,0,71.0,1,2,2,2,4,0,0,0,0,2,5,0,Normal,0
2400,0.813247,arp,-,REQ,33,8,1757.0,137.0,7.755,254,128,339.765,141.887,0,1,14.473,9.234,2.403,7.245,255,3473286985,4121415712,0,0.001632,0.006489,0.023537,192.7,271.1,0,975.0,4,4,1,1,2,0,0,0,0,0,2,0,Generic,1
2401,0.019734,icmp,pop3,FIN,34,9,194.0,195.0,10.381,128,31,888.561,503.345,2,1,4.598,40.136,5.109,7.302,255,1132540308,2508102398,0,0.066974,0.038592,0.02765,24.7,16.1,0,4.0,3,0,1,2,4,3,0,2,0,2,3,0,Generic,1
2402,1.031383,tcp,-,CON,24,5,1566.0,583.0,48.685,254,128,2550.847,2091.652,0,2,0.416,1.604,0.473,3.32,0,1238095111,4073054798,255,0.002204,0.03336,0.022058,103.0,14.2,1,122.0,2,4,1,4,4,1,0,0,0,2,3,1,Fuzzers,1
2403,0.188246,tcp,ftp,FIN,28,6,1544.0,305.0,24.972,62,62,1902.466,675.664,1,1,15.136,5.146,3.988,5.577,255,532939025,1493246854,0,0.049351,0.00922,0.005465,75.0,49.9,0,177.0,2,1,2,1,2,1,0,1,1,2,4,0,Exploits,1
2404,0.766671,udp,-,ECO,25,5,2989.0,1026.0,2.081,31,254,969.572,1216.954,1,1,8.725,0.967,4.584,2.735,0,3862537520,2718278672,0,0.023012,0.010791,0.02779,132.6,38.9,0,140.0,2,1,1,3,5,0,0,1,0,3,2,0,DoS,1
2405,0.453219,tcp,http,RST,25,4,1875.0,344.0,22.061,31,31,1796.845,1087.152,1,2,10.532,3.773,1.269,6.756,255,2002945269,2285048136,255,0.086421,0.010125,0.012902,298.6,88.1,0,6.0,5,0,5,2,4,3,0,0,0,3,2,0,Fuzzers,1
2406,0.222846,udp,-,REQ,7,13,564.0,166.0,37.03,31,128,4802.317,658.3,2,2,7.945,14.308,1.701,1.51,255,1791948786,2061595026,255,0.006625,0.034373,0.029156,242.0,278.5,1,212.0,3,1,5,2,2,1,0,0,1,0,2,0,Normal,0
2407,1.366815,tcp,pop3,RST,26,9,1544.0,42.0,23.588,62,254,500.356,127.699,0,1,7.738,14.17,5.258,0.772,255,1339602024,1336844551,255,0.076932,0.0266,0.010414,235.9,90.2,0,25.0,4,2,3,1,2,2,0,1,1,1,2,0,Generic,1
2408,0.011678,tcp,-,FIN,9,8,18.0,115.0,18.083,254,31,326.419,1024.154,2,0,13.014,3.26,0.146,0.156,0,1648035624,1401250994,255,0.011858,0.002232,0.067536,127.0,51.4,0,43.0,8,2,1,1,4,2,0,0,0,1,3,0,Normal,0
2409,0.286303,tcp,pop3,ECO,10,12,34.0,619.0,1.197,62,62,66.3,141.534,1,1,19.361,11.963,0.943,1.729,255,3008926407,2772486987,0,0.045333,0.007272,0.020673,52.4,168.0,0,495.0,1,2,2,3,5,1,0,0,0,2,3,0,Normal,0
2410,0.21156,tcp,http,REQ,30,1,3980.0,377.0,13.746,62,31,341.222,536.032,0,1,1.559,8.658,4.946,16.185,0,3989964459,952730706,0,0.003153,0.006799,0.021754,74.9,63.1,1,137.0,1,3,2,4,2,1,0,0,0,2,4,0,Reconnaissance,1
2411,0.147415,icmp,dhcp,REQ,30,11,775.0,373.0,1.464,62,31,1439.471,2016.323,1,1,0.136,6.872,1.414,6.992,255,1818351439,4046121346,255,0.017659,0.014274,0.006219,112.9,128.4,0,24.0,3,1,2,2,4,0,0,0,0,1,4,0,Generic,1
2412,0.478804,tcp,pop3,ECO,27,10,5016.0,252.0,54.754,254,62,297.186,1411.486,1,1,32.182,6.756,1.641,4.611,0,2791044807,3327418333,255,0.110956,0.011468,0.015339,17.9,159.0,0,89.0,1,2,0,2,3,3,0,0,1,1,5,0,Backdoor,1
2413,0.478492,icmp,ssh,FIN,9,8,309.0,903.0,0.468,254,62,205.335,1954.25,0,1,8.536,45.247,4.928,11.559,0,3221657588,296771408,255,0.020211,0.027717,0.025909,229.8,6.0,0,20.0,2,2,0,3,2,4,0,1,0,1,1,0,Normal,0
2414,0.419315,tcp,pop3,INT,14,14,402.0,400.0,25.181,128,31,1535.563,1638.168,2,0,2.899,2.612,2.846,6.085,255,4068349330,1860852652,0,0.001362,0.00738,0.007907,385.8,30.4,1,29.0,2,1,3,1,2,1,0,1,0,0,6,0,Normal,0
2415,0.57288,udp,ftp,FIN,13,7,613.0,175.0,16.39,31,31,2393.51,487.717,1,0,33.524,6.634,0.189,3.92,255,1156463898,1688891927,255,0.049772,0.057256,0.010168,58.0,45.6,0,49.0,5,1,5,3,0,3,0,2,0,0,1,0,Normal,0
2416,0.169621,icmp,pop3,INT,7,5,1161.0,119.0,35.496,128,62,104.336,743.251,1,0,12.514,2.079,6.628,3.019,255,418934917,703677392,0,0.031321,0.017065,0.003844,108.0,11.0,1,203.0,5,4,1,3,2,4,0,1,0,2,4,0,Normal,0
2417,1.624571,tcp,http,CON,13,4,582.0,560.0,15.559,128,62,3840.488,258.996,0,1,3.329,5.98,10.128,4.029,255,3041711555,616473377,0,0.126774,0.020721,0.013357,335.8,33.7,0,54.0,6,1,6,3,3,4,1,0,1,1,12,0,Normal,0
2418,0.03326,tcp,smtp,INT,12,10,391.0,195.0,15.342,254,254,929.854,866.713,2,0,15.482,3.048,2.604,5.314,255,1541655508,2949660022,0,0.0656,0.016845,0.050991,336.1,155.2,1,405.0,2,1,2,1,3,3,0,0,1,3,3,1,Normal,0
2419,1.353548,udp,dhcp,RST,13,9,211.0,864.0,91.975,128,62,648.226,630.814,2,0,2.205,3.509,3.163,1.115,255,2927093430,2618228975,255,0.159365,0.042547,0.05471,57.0,166.0,0,219.0,1,2,3,1,2,1,0,0,0,1,3,0,Normal,0
2420,0.036949,udp,ssh,CON,25,8,3156.0,480.0,82.786,128,31,1207.361,737.956,1,1,12.313,17.622,23.331,0.554,255,2262913030,4044778907,255,0.065903,0.018771,0.00715,93.6,328.2,1,149.0,3,1,3,2,1,2,0,0,0,4,0,0,Reconnaissance,1
2421,0.219039,tcp,ftp,FIN,10,5,691.0,214.0,72.703,31,128,156.814,250.162,1,0,17.586,16.08,7.471,0.945,0,1416882549,2893955173,255,0.034578,0.022603,0.008515,141.1,125.8,0,155.0,1,4,1,2,3,1,0,0,0,3,4,0,Normal,0
2422,0.344288,tcp,ssh,FIN,12,6,935.0,119.0,0.442,254,128,268.256,401.989,0,0,2.206,0.686,4.518,2.401,0,2310166372,1494976340,255,0.083452,0.028208,0.039568,56.5,28.2,0,54.0,2,4,2,2,1,0,0,1,1,2,1,0,Normal,0
2423,0.114234,udp,dhcp,RST,29,10,606.0,42.0,17.383,128,31,2058.664,1852.391,1,2,18.004,17.096,14.878,1.14,255,1616590254,2003001734,255,0.004517,0.018212,0.029705,33.1,39.7,0,71.0,1,4,3,1,5,1,0,0,2,4,8,0,Exploits,1
2424,0.303125,tcp,dhcp,REQ,10,11,275.0,34.0,41.811,31,254,339.89,727.763,0,0,1.078,0.781,1.829,1.353,255,3314836440,2974676653,0,0.043881,0.000509,0.002538,380.4,49.9,0,170.0,0,1,1,2,1,2,0,1,0,3,2,0,Normal,0
2425,0.271199,udp,ssh,ECO,20,8,1743.0,217.0,92.673,128,254,1626.33,2889.48,4,1,10.973,2.958,2.384,0.968,0,227749813,1862795025,0,0.05848,0.093816,0.015912,18.7,38.8,0,104.0,3,2,0,1,4,5,0,0,0,2,3,0,Reconnaissance,1
2426,0.63286,tcp,ssh,ECO,24,6,2681.0,471.0,162.487,31,31,6204.757,378.887,0,1,1.822,1.685,2.122,2.432,255,2760669797,1004349967,0,0.15128,0.00744,0.010769,473.9,33.1,1,53.0,2,2,3,2,1,3,0,0,1,2,2,0,Exploits,1
2427,0.245688,tcp,pop3,FIN,6,6,494.0,538.0,31.655,254,254,2090.722,231.832,1,1,6.294,13.585,1.757,2.707,255,3586665576,3307151308,0,0.131531,0.02656,0.005994,2.0,70.4,3,158.0,0,2,1,2,1,4,0,1,0,3,3,0,Normal,0
2428,0.322492,udp,ssh,RST,32,10,1589.0,645.0,25.735,62,62,529.803,933.394,0,0,3.698,0.146,0.165,11.237,0,881586744,225173702,0,0.025359,0.004883,0.018752,73.4,19.5,0,122.0,3,2,2,3,5,1,0,0,1,1,6,1,Exploits,1
2429,0.20004,tcp,http,FIN,34,7,1095.0,849.0,6.225,254,62,3408.306,743.313,3,0,15.902,7.745,0.051,3.255,255,2809306252,1836111029,255,0.077485,0.013971,0.030531,121.5,706.3,0,6.0,2,5,5,2,3,0,0,0,0,1,5,0,Generic,1
2430,2.260146,icmp,pop3,FIN,35,8,941.0,183.0,73.699,254,62,2508.047,282.157,1,1,20.368,0.787,2.806,1.041,0,3377326036,2173836724,0,0.036817,0.028458,0.004866,26.7,39.0,2,266.0,4,2,2,3,1,2,0,0,0,3,1,0,Exploits,1
2431,0.129469,tcp,http,RST,33,10,747.0,848.0,50.157,254,31,150.786,646.983,0,1,10.234,11.826,7.015,0.323,0,25193468,664129108,255,0.077626,0.001939,0.003121,2.4,73.2,2,81.0,4,2,0,1,2,3,0,0,0,2,4,0,Fuzzers,1
2432,0.320956,tcp,smtp,INT,33,9,1571.0,161.0,138.335,128,62,187.144,836.949,1,0,6.169,9.545,4.778,1.825,255,3196137679,3024302315,255,0.045833,0.019057,0.018354,60.5,220.0,0,684.0,1,3,2,1,3,3,0,0,1,10,5,0,Exploits,1
2433,0.496448,tcp,ftp,ECO,37,8,1500.0,265.0,19.632,254,31,573.788,3338.11,0,1,1.277,0.391,11.425,10.896,255,2588618722,1225458512,255,0.025244,0.002323,0.053078,210.0,16.4,0,62.0,3,1,3,1,4,4,0,0,0,1,2,0,Generic,1
2434,0.237068,tcp,http,FIN,6,7,441.0,146.0,144.143,128,254,521.77,2671.52,1,2,29.411,4.59,3.748,23.362,255,1054546351,98789853,255,0.045582,0.002691,0.015782,123.5,15.0,3,484.0,8,0,0,3,7,0,0,0,0,4,1,0,Normal,0
2435,0.012967,udp,ftp,REQ,32,8,2105.0,2053.0,12.534,31,128,6.892,545.819,2,0,21.419,2.31,11.141,3.131,0,1399287023,2772794548,255,0.136055,0.010724,0.036981,66.3,119.2,1,12.0,4,3,5,1,1,3,0,0,0,3,4,1,Exploits,1
2436,0.436382,udp,-,CON,29,4,1173.0,72.0,19.409,62,128,1667.533,164.583,2,0,1.687,12.277,0.526,9.613,255,741723737,4133068574,0,0.002936,0.004997,0.05813,231.4,139.7,3,479.0,3,2,4,3,2,2,0,0,0,0,2,0,Analysis,1
2437,0.317169,udp,dns,ECO,27,5,812.0,114.0,54.181,31,254,527.695,229.2,0,2,7.061,10.192,5.687,3.332,255,4160435747,991577633,255,0.030662,0.003233,0.046854,34.5,295.9,0,440.0,1,0,2,1,1,5,0,1,0,3,1,0,Generic,1
2438,0.009379,tcp,dns,RST,32,12,13816.0,46.0,20.118,254,31,519.478,933.456,1,1,1.192,8.743,3.331,8.995,0,172053465,3128504458,255,0.0509,0.022382,0.002823,6.7,24.9,1,279.0,0,1,1,1,1,1,0,0,0,2,3,0,Generic,1
2439,0.428379,tcp,dns,RST,7,9,330.0,241.0,37.883,254,128,368.748,149.413,2,1,2.155,7.498,6.868,1.805,255,1708645690,3851968702,255,0.146944,0.006449,0.003471,71.7,98.8,0,95.0,3,4,1,2,0,2,0,0,0,1,3,0,Normal,0
2440,0.156113,tcp,-,CON,31,6,2009.0,732.0,52.069,128,31,347.089,150.005,1,0,2.807,2.203,6.275,3.215,255,2788542072,2329985781,255,0.038326,0.037386,0.011076,151.4,51.4,0,84.0,3,2,3,1,3,5,0,0,0,4,1,0,Exploits,1
2441,0.662276,udp,smtp,ECO,22,11,217.0,158.0,18.652,254,128,607.913,51.112,2,2,42.352,8.283,2.052,3.171,255,1025647319,576481980,255,0.000659,0.005288,0.017798,444.7,104.8,0,83.0,1,1,4,1,6,1,0,0,0,0,5,0,Worms,1
2442,0.022708,tcp,http,ECO,11,6,272.0,245.0,180.047,254,31,103.229,26.855,0,1,3.887,1.637,5.771,3.0,0,3765302372,4128507050,255,0.032939,0.024539,0.023639,77.7,127.1,1,688.0,1,0,4,0,2,1,0,1,2,2,2,0,Normal,0
2443,0.285687,tcp,pop3,RST,4,12,218.0,376.0,19.079,31,254,350.287,846.753,1,1,35.654,3.852,5.279,2.371,0,2688597041,2035507247,0,0.137676,0.035761,0.021415,52.4,20.6,1,122.0,4,3,3,4,5,3,0,0,1,1,2,0,Normal,0
2444,0.163682,tcp,-,INT,4,10,6.0,231.0,78.149,62,254,753.117,147.678,0,2,35.108,3.924,0.112,6.376,255,2758521031,1734526898,0,0.121814,0.065478,0.001092,37.4,38.5,0,622.0,3,4,2,0,1,4,0,0,0,1,2,0,Normal,0
2445,0.031302,tcp,-,ECO,12,14,1966.0,94.0,43.982,62,31,1252.371,1907.617,0,0,15.917,3.474,5.976,2.073,0,3909614622,3464910439,0,0.265668,0.019849,0.007079,134.9,42.2,1,58.0,6,2,2,2,3,2,0,0,1,0,5,0,Normal,0
2446,1.083488,udp,ftp,RST,30,3,2027.0,297.0,3.581,62,62,69.976,526.123,0,0,10.164,7.811,0.839,6.791,0,563723033,1783011061,255,0.07275,0.009525,0.006098,258.7,13.7,0,861.0,2,2,3,1,2,1,0,0,0,3,2,0,Generic,1
2447,0.32196,udp,dns,FIN,8,9,39.0,162.0,7.738,128,128,2327.499,2560.225,2,0,3.138,22.707,0.494,1.119,0,3045841067,1146742373,255,0.106653,0.001634,0.035178,157.1,37.9,1,357.0,3,1,0,2,1,0,0,0,1,1,4,0,Normal,0
2448,0.229894,arp,dhcp,ECO,9,4,1464.0,170.0,41.46,62,128,996.593,222.106,1,0,6.916,7.152,4.416,17.979,0,3966293840,677262282,255,0.006713,0.037774,0.004903,318.0,134.5,1,95.0,3,1,1,1,4,1,1,0,0,4,4,0,Normal,0
2449,0.785051,tcp,smtp,FIN,21,5,2301.0,250.0,9.797,62,254,861.56,616.484,2,2,12.507,0.052,3.408,1.343,0,580180413,3485530468,0,0.017854,0.011272,0.014848,36.7,31.0,1,41.0,3,1,3,2,1,1,0,0,0,2,5,0,Generic,1
2450,0.304394,tcp,dns,RST,43,5,783.0,37.0,139.46,31,31,786.561,340.59,0,2,5.292,7.846,1.274,1.263,255,3507814837,2718055154,0,0.029953,0.00836,0.00836,253.1,205.4,0,122.0,2,1,1,0,2,2,0,0,0,1,3,1,Generic,1
2451,0.537299,tcp,pop3,CON,23,17,1048.0,245.0,165.11,31,31,8174.701,497.784,3,2,18.315,4.076,7.987,0.582,255,1956146672,2730275662,255,0.047169,0.002033,0.032159,43.9,6.9,0,143.0,5,4,0,2,0,1,0,0,0,1,4,0,Generic,1
2452,0.318435,udp,http,ECO,31,5,282.0,262.0,52.143,254,62,828.115,1153.974,1,3,3.527,14.877,1.115,1.226,255,3286310993,2457173499,0,0.03203,0.055183,0.010575,191.9,149.2,1,51.0,2,2,2,3,2,2,0,0,0,2,3,0,Exploits,1
2453,0.27936,udp,dhcp,RST,27,9,167.0,539.0,45.28,254,128,1650.729,241.487,0,1,2.711,2.596,3.853,25.0,0,121266015,4160586338,255,0.017846,0.039257,0.023601,7.2,101.6,2,255.0,5,1,3,1,2,1,0,0,0,2,4,0,Generic,1
2454,0.552578,tcp,dns,RST,27,9,368.0,443.0,64.816,62,254,1263.133,443.406,2,0,21.482,8.019,0.025,1.994,0,3787666973,1466077950,0,0.006017,0.032175,0.045678,94.2,6.4,1,74.0,4,3,0,1,1,1,0,0,1,1,3,0,Fuzzers,1
2455,0.016685,udp,ftp,RST,38,9,1352.0,89.0,105.737,31,62,514.189,2892.377,3,0,16.884,13.341,6.053,9.04,0,2539446417,2758606214,0,0.154967,0.027884,0.004856,31.0,58.8,1,754.0,2,2,2,2,2,0,0,1,1,3,3,1,Generic,1
2456,0.310628,tcp,ftp,REQ,15,7,19.0,300.0,14.061,128,254,1622.889,1172.951,2,0,7.984,0.556,7.08,7.252,0,1665536739,1276166669,0,0.001564,0.001605,0.010046,330.6,27.3,1,281.0,3,4,3,1,2,1,0,0,0,2,0,0,Normal,0
2457,1.589475,tcp,-,ECO,29,7,1881.0,1045.0,5.575,62,254,397.09,1374.977,1,0,7.94,5.109,3.928,8.796,255,675117835,866556809,255,0.040095,0.013429,0.014195,16.8,41.9,0,139.0,4,4,1,1,1,1,0,0,0,3,3,0,Generic,1
2458,0.071284,tcp,ssh,CON,9,9,654.0,1383.0,14.725,128,128,325.85,57.144,3,1,5.158,1.934,7.314,1.013,255,717036818,3264792138,255,0.058707,0.008695,0.00084,5.6,58.1,0,208.0,2,3,3,4,1,1,0,1,1,1,1,1,Normal,0
2459,0.879181,tcp,smtp,REQ,9,5,71.0,323.0,33.627,62,128,2540.265,478.243,0,2,3.988,3.941,0.497,15.934,0,3712666381,3352018546,255,0.012242,0.041461,0.013866,61.9,127.2,0,302.0,3,3,2,3,1,3,0,0,0,1,3,1,Normal,0
2460,0.135986,icmp,ssh,CON,8,14,728.0,412.0,9.267,254,31,13.118,1010.003,3,0,4.962,3.551,8.004,0.563,0,2840839910,960947767,0,0.053352,0.000876,0.009619,276.4,26.8,0,366.0,5,0,6,1,4,2,0,0,0,3,3,0,Normal,0
2461,1.060469,udp,ssh,FIN,30,10,703.0,432.0,4.514,254,254,87.383,8.173,0,0,5.502,2.286,0.082,6.968,255,3287606391,3978962659,255,0.018013,0.008926,0.018463,40.9,3.5,0,80.0,1,2,2,2,1,2,0,0,0,5,4,0,DoS,1
2462,0.085396,udp,-,ECO,48,9,1802.0,945.0,47.46,128,62,61.504,2458.881,0,0,4.499,15.332,3.257,1.278,0,3944480418,949988363,0,0.094261,0.002499,0.004633,16.1,469.4,0,1.0,2,3,2,6,1,5,0,0,0,1,3,0,Generic,1
2463,0.243961,icmp,dhcp,INT,10,10,234.0,290.0,36.824,31,254,2083.947,361.602,1,0,8.142,3.032,2.312,1.639,0,1003278437,1156513974,0,0.070651,0.013739,0.013696,69.7,2.0,0,17.0,1,2,2,2,4,3,1,0,0,2,2,0,Normal,0
2464,0.445958,udp,smtp,FIN,29,5,4887.0,75.0,59.371,31,128,1861.028,29.976,2,0,1.903,14.933,7.217,4.366,255,943445052,1036364464,0,0.052327,0.005605,0.005501,151.3,8.8,0,137.0,0,5,2,1,2,1,0,0,0,1,3,0,Generic,1
2465,1.983327,tcp,ssh,RST,9,11,491.0,902.0,53.461,128,31,2983.028,1099.05,2,1,7.576,8.177,12.218,4.985,255,2164793993,3239423574,0,0.051532,0.000269,0.019566,26.2,14.5,0,260.0,2,0,1,2,1,3,0,1,0,3,7,0,Normal,0
2466,0.148287,tcp,-,ECO,27,6,798.0,1010.0,38.178,254,254,351.597,2915.789,1,0,14.038,20.16,2.109,9.351,255,2225971192,2975386468,0,0.015266,0.018096,0.015426,1.1,22.2,0,174.0,4,0,1,2,0,5,0,0,0,3,0,0,Exploits,1
2467,0.720239,tcp,pop3,REQ,21,8,542.0,111.0,160.64,254,128,49.462,1375.72,0,2,15.841,3.25,8.477,0.719,0,1552707956,1333793848,255,0.043596,0.020781,0.026277,47.2,133.2,0,17.0,3,2,2,1,2,1,0,0,0,1,5,0,Fuzzers,1
2468,0.233906,icmp,ssh,CON,34,10,1364.0,113.0,2.878,128,128,1177.716,1200.689,0,0,14.044,6.731,0.006,1.484,0,3685447947,1739766331,0,0.016266,0.002926,0.007019,28.1,31.6,2,11.0,1,3,3,3,4,0,0,1,0,2,6,0,Generic,1
2469,0.816422,icmp,ftp,ECO,29,15,1565.0,292.0,1.257,62,31,324.493,2044.457,3,2,11.565,11.481,1.555,2.034,255,2314172294,4085555405,255,0.076393,0.012596,0.020016,70.2,81.4,2,38.0,3,1,3,1,2,0,0,0,0,2,4,1,Generic,1
2470,0.52864,udp,dhcp,RST,12,12,70.0,158.0,176.95,254,31,761.042,1552.452,1,1,9.471,19.051,7.775,2.541,255,688136138,3464360600,0,0.052146,0.023899,0.018063,52.4,100.0,1,70.0,3,4,1,4,0,4,0,0,0,0,2,0,Normal,0
2471,0.043291,tcp,ssh,CON,6,11,40.0,244.0,41.989,31,254,871.842,416.621,2,1,18.432,4.843,5.399,6.229,255,2066410426,3749044556,0,0.064105,0.044419,0.015072,95.5,87.8,0,82.0,6,2,2,2,1,2,0,0,0,2,4,0,Normal,0
2472,0.392683,tcp,dhcp,CON,32,13,796.0,548.0,153.465,254,128,363.574,1408.014,0,0,25.704,15.169,4.869,12.614,0,1518961283,3495698059,0,0.014495,0.008312,0.008678,13.5,43.3,0,92.0,2,4,1,2,1,5,0,0,0,3,4,0,DoS,1
2473,0.078083,icmp,pop3,ECO,31,7,1139.0,121.0,22.582,31,254,1986.556,1542.662,0,0,32.041,5.732,0.869,12.922,255,2923925063,1746313733,0,0.012817,0.033246,0.017687,85.0,33.5,1,62.0,1,2,1,2,2,2,0,0,0,3,6,0,Exploits,1
2474,0.171336,tcp,http,ECO,8,12,53.0,868.0,78.34,254,128,611.329,188.663,1,2,3.4,1.422,0.781,0.728,255,3497018215,3797853932,0,0.006123,0.006565,0.025481,49.8,67.2,1,917.0,2,2,2,1,0,3,0,0,1,0,2,0,Normal,0
2475,0.428275,tcp,dhcp,RST,9,7,545.0,63.0,38.13,62,254,456.944,756.525,0,2,1.482,0.184,2.221,0.432,0,1332712851,676130526,0,0.016277,0.022074,0.009226,17.8,140.2,0,81.0,3,4,4,1,1,3,0,0,0,0,7,0,Normal,0
2476,0.107755,tcp,ssh,FIN,12,13,463.0,229.0,28.324,128,62,2587.844,553.479,4,0,2.292,21.448,2.506,2.826,0,2761974616,396003672,255,0.002827,0.026762,0.040043,28.3,63.1,0,31.0,2,3,2,6,1,3,0,0,0,3,3,0,Normal,0
2477,1.358101,tcp,http,CON,10,15,385.0,77.0,19.741,254,128,2406.983,1197.282,1,2,8.412,16.019,12.678,28.515,255,2658615862,1463959761,0,0.030589,0.00433,0.073351,159.6,81.4,1,158.0,4,4,0,3,2,4,0,3,0,2,3,0,Normal,0
2478,0.298827,udp,pop3,INT,5,7,946.0,275.0,75.886,31,254,1632.118,111.261,0,0,0.586,0.57,7.118,0.271,0,523144380,2186702657,0,0.120945,0.016707,0.010416,49.8,166.3,1,307.0,1,2,0,1,1,0,0,0,1,3,3,0,Normal,0
2479,0.380737,arp,dns,REQ,7,7,352.0,147.0,42.526,254,62,557.188,969.646,1,1,54.123,17.262,4.675,3.771,0,3555861019,1706388115,255,0.055233,0.068876,0.010786,55.5,116.8,0,152.0,7,2,2,2,2,3,0,0,0,1,3,0,Normal,0
2480,0.399544,udp,pop3,ECO,24,9,2088.0,171.0,30.623,128,128,1360.821,1.869,1,3,25.046,1.568,2.059,12.841,0,2364038370,2171113145,255,0.105457,0.005502,0.050507,389.3,178.8,0,84.0,2,3,3,2,2,4,0,0,0,4,3,0,Analysis,1
2481,0.250708,tcp,http,ECO,7,8,1257.0,145.0,8.753,128,254,3627.899,780.601,0,0,11.579,3.447,6.877,0.994,255,3354910216,957183476,255,0.073957,0.003708,0.005481,34.3,94.3,1,43.0,4,1,0,4,0,0,0,0,0,2,0,0,Normal,0
2482,0.222232,tcp,ftp,CON,7,7,98.0,301.0,14.971,31,128,4278.673,451.411,1,1,5.08,11.776,1.567,8.797,255,1553777634,545152136,0,0.019588,0.018745,0.007635,342.8,57.7,0,278.0,2,2,2,1,3,2,0,1,1,2,4,0,Normal,0
2483,0.503221,icmp,ftp,FIN,8,5,144.0,469.0,7.838,128,62,625.057,426.757,0,2,15.419,5.544,6.543,1.889,255,3421430150,1551888574,0,0.026545,0.007797,0.006517,41.4,167.0,0,283.0,2,1,3,1,1,0,0,0,1,1,3,0,Normal,0
2484,0.997672,tcp,dns,CON,14,9,501.0,779.0,3.642,62,254,2434.045,421.364,1,0,2.513,2.981,9.786,1.151,255,4198072175,935271033,255,0.060641,0.009563,0.033482,12.0,8.9,0,184.0,1,4,3,0,1,4,0,0,0,1,4,0,Normal,0
2485,0.695282,tcp,ssh,CON,33,10,3649.0,149.0,8.18,31,128,309.635,509.218,1,2,25.827,0.627,1.726,1.408,0,604457263,621982731,255,0.018042,0.031078,0.032951,186.1,46.1,2,172.0,3,0,1,1,2,0,0,2,1,3,2,0,Fuzzers,1
2486,0.10323,udp,http,ECO,15,4,221.0,532.0,45.795,31,31,508.796,1010.877,2,0,0.556,5.635,3.367,1.192,0,1599613798,1881643300,255,0.06597,0.002325,0.027417,28.2,41.3,0,483.0,3,2,0,0,4,1,0,1,0,1,3,0,Normal,0
2487,1.117392,tcp,ssh,FIN,27,10,2892.0,26.0,67.716,31,31,1381.04,79.105,2,1,7.101,5.043,7.463,10.091,255,2082289428,3970793365,255,0.043989,0.003828,0.008459,159.9,229.7,0,393.0,2,1,2,3,1,2,0,0,0,2,7,1,Exploits,1
2488,0.62178,tcp,-,RST,34,13,1809.0,229.0,0.933,254,62,3373.679,1596.185,0,0,0.867,24.889,1.651,1.631,255,2886320841,2941335764,0,0.026574,0.00235,0.023239,35.1,19.3,1,96.0,1,3,4,0,2,3,0,0,0,2,2,0,Fuzzers,1
2489,1.086026,icmp,ftp,REQ,8,7,840.0,47.0,85.525,31,128,1297.207,1113.711,5,2,0.713,0.521,5.145,7.751,0,1815047439,331010340,255,0.020818,0.010809,0.002962,139.2,260.6,0,351.0,5,2,0,1,1,0,0,0,0,3,4,0,Normal,0
2490,0.213808,udp,ssh,FIN,25,2,1512.0,61.0,11.027,128,31,819.553,2850.227,1,1,4.834,10.769,13.377,0.279,255,2030934383,3469404141,255,0.008165,0.014435,0.032916,52.0,19.6,0,504.0,3,6,6,1,1,2,0,0,0,3,4,0,Generic,1
2491,1.113255,tcp,ftp,RST,40,5,961.0,121.0,9.673,128,31,127.724,1547.204,1,0,16.631,12.029,1.152,1.166,255,668121522,2479088804,255,0.003344,8e-06,0.037055,24.7,54.7,0,68.0,5,4,4,4,1,2,0,0,0,1,5,0,Analysis,1
2492,0.115336,tcp,dns,REQ,10,6,60.0,266.0,17.524,128,128,911.853,544.379,0,2,0.547,3.139,3.084,14.915,255,622867221,1125763594,255,0.081214,0.011826,0.005433,168.3,119.3,0,339.0,6,2,5,1,4,3,0,0,0,6,1,0,Normal,0
2493,0.810987,ospf,smtp,FIN,18,11,126.0,219.0,7.08,62,62,625.006,1270.521,1,2,0.212,21.48,15.832,5.74,255,2991082831,3308579672,255,0.017467,0.028642,0.000327,245.2,105.6,0,241.0,5,1,2,2,0,0,0,1,0,1,3,0,Normal,0
2494,0.308031,udp,http,CON,33,6,786.0,298.0,7.476,254,31,1258.433,423.6,1,0,0.994,4.993,5.135,5.967,255,1522527703,1555430413,255,0.102275,0.001127,0.011636,74.0,39.3,1,89.0,3,2,2,2,1,1,0,0,1,3,7,0,Reconnaissance,1
2495,0.002481,udp,dhcp,INT,35,6,5578.0,1716.0,27.736,254,254,212.935,722.532,4,0,10.446,13.766,2.025,1.001,0,2142377625,3158741250,255,0.000292,0.016387,0.022671,9.9,92.8,1,10.0,5,2,3,0,3,1,1,0,0,3,1,0,DoS,1
2496,1.34256,tcp,pop3,CON,12,5,41.0,327.0,121.919,128,128,44.282,343.336,1,0,22.677,6.119,7.992,18.533,255,3927845238,3348364325,0,0.025265,0.015517,0.045563,81.9,54.2,0,257.0,3,3,0,0,3,1,0,0,0,3,5,0,Normal,0
2497,1.143075,arp,dhcp,REQ,27,10,2782.0,536.0,13.075,31,62,1225.78,46.986,0,4,2.235,2.931,6.374,7.621,255,443620104,3359948280,255,0.005642,0.033356,0.086189,23.3,58.7,0,723.0,4,1,0,2,1,4,0,0,0,1,5,0,Generic,1
2498,0.117351,icmp,dns,REQ,14,7,1703.0,307.0,10.52,62,254,11.706,70.992,0,0,5.621,8.332,3.258,2.413,0,739320083,3855652143,255,2e-05,0.024874,0.012229,89.4,161.4,0,219.0,4,1,2,2,1,0,0,0,0,2,2,0,Normal,0
2499,0.184771,tcp,ftp,CON,28,8,1624.0,241.0,99.035,254,62,502.775,77.531,3,1,4.237,4.073,2.278,10.393,0,2055695560,1497272307,0,0.009508,0.000594,0.01014,135.7,37.8,1,199.0,3,2,1,4,4,2,0,0,1,6,2,0,Fuzzers,1
2500,0.721136,tcp,dhcp,FIN,9,8,338.0,535.0,55.773,254,62,1041.638,1155.472,2,0,4.789,10.939,3.962,3.38,0,1326094333,3481007795,0,0.000577,0.000308,0.025843,4.6,157.7,0,56.0,2,4,1,3,3,0,0,0,0,2,5,1,Normal,0
2501,0.714529,udp,ssh,REQ,9,6,168.0,700.0,65.499,254,254,3742.39,532.787,0,0,7.633,1.768,6.731,4.134,0,830801817,2251044388,0,0.034158,0.010277,0.018634,6.0,12.4,0,78.0,2,4,4,0,1,2,0,1,0,2,4,0,Normal,0
2502,0.655964,udp,pop3,INT,29,9,3641.0,267.0,65.929,254,62,2011.909,497.367,2,0,22.672,1.848,11.174,3.504,255,2061833814,3939807669,255,0.098982,0.000605,0.027742,13.4,8.6,1,51.0,1,0,1,3,3,2,0,0,0,3,3,0,Generic,1
2503,0.037618,udp,http,CON,28,11,603.0,1169.0,158.833,62,62,297.771,1490.368,1,2,26.923,10.548,0.586,1.152,0,631429369,134459542,0,0.047168,0.00405,0.000388,7.0,75.6,1,343.0,5,0,0,1,4,2,0,0,2,2,1,0,Analysis,1
2504,0.112636,arp,pop3,CON,26,9,715.0,85.0,33.285,128,62,1111.826,847.537,0,3,20.229,1.628,5.444,9.321,0,790423782,2921937241,0,0.049906,0.017312,0.009838,174.1,4.3,0,132.0,4,2,2,4,1,2,0,0,0,1,3,0,Fuzzers,1
2505,0.065717,udp,smtp,FIN,12,11,571.0,1015.0,160.271,128,128,378.292,28.286,1,1,8.605,2.185,2.157,4.085,255,3014878693,720797318,255,0.00981,0.074949,0.006892,237.0,6.2,1,145.0,2,6,2,0,0,4,0,0,1,1,8,0,Normal,0
2506,0.35704,tcp,pop3,ECO,17,6,344.0,751.0,32.833,31,62,1777.628,952.527,0,0,12.049,13.25,7.022,11.971,255,2175684653,2529392360,255,0.017388,0.003491,0.017034,181.0,131.0,0,206.0,5,2,1,1,0,2,0,0,0,3,2,1,Normal,0
2507,0.012668,tcp,pop3,ECO,20,12,2226.0,424.0,12.073,62,128,57.393,1038.386,3,2,11.107,20.594,1.708,0.724,255,4026021750,2668179933,0,0.037372,0.026358,0.037888,44.4,68.6,0,5.0,2,2,2,1,2,3,0,1,1,4,2,0,Analysis,1
2508,0.065357,udp,-,REQ,22,5,1942.0,829.0,26.481,31,254,56.247,145.134,2,0,53.291,11.636,2.106,8.589,0,309326345,2686782393,0,0.007351,0.028691,0.006943,110.3,118.0,0,22.0,2,2,4,3,4,2,0,0,0,1,3,0,Reconnaissance,1
2509,0.44649,tcp,-,INT,9,10,734.0,29.0,89.205,254,128,12.431,55.36,0,1,0.173,11.085,4.774,5.079,0,1244528466,1592643489,255,0.107648,0.022093,0.000256,69.7,11.1,0,199.0,3,4,0,7,3,1,0,0,0,1,6,0,Normal,0
2510,0.07849,tcp,-,CON,29,16,1500.0,3.0,207.481,254,31,1068.399,201.142,0,0,6.668,2.45,11.761,1.026,0,2799460918,3881640685,0,0.01219,0.004054,0.031442,309.4,132.1,0,75.0,3,3,3,3,6,3,0,1,1,0,3,0,Generic,1
2511,0.644154,udp,ssh,CON,13,6,799.0,482.0,146.545,254,128,476.045,424.63,1,2,26.113,2.331,5.493,4.842,255,3488738626,303203692,255,0.016554,0.009935,0.004792,6.1,6.4,0,738.0,2,4,1,0,2,0,0,0,1,2,5,1,Normal,0
2512,0.056365,tcp,dhcp,ECO,11,12,473.0,47.0,42.857,128,62,1424.654,588.829,0,2,13.684,5.522,0.082,4.868,255,3630704949,1689921685,0,0.025809,0.006502,0.000988,64.9,74.1,0,649.0,0,3,1,3,4,1,0,0,1,2,4,0,Normal,0
2513,1.202652,udp,-,FIN,10,8,802.0,78.0,43.829,128,128,328.235,861.5,1,0,11.311,1.93,8.249,1.481,255,3211991923,4062733493,0,0.011496,0.021243,0.001828,201.3,161.4,0,27.0,2,1,0,2,0,1,1,1,0,2,2,0,Normal,0
2514,0.129914,tcp,http,RST,9,3,738.0,588.0,1.357,31,31,220.084,1500.419,5,1,9.586,28.955,2.751,4.218,255,3859091337,470041216,0,0.097526,0.003319,0.001244,32.7,32.6,0,292.0,2,2,5,2,2,5,0,0,0,3,5,0,Normal,0
2515,0.148368,tcp,dns,CON,8,7,577.0,466.0,114.395,128,62,1124.136,506.97,2,0,4.232,9.24,7.252,6.844,0,1617719898,121493311,255,0.03626,0.008716,0.002499,27.2,73.4,0,86.0,1,3,2,1,2,4,0,1,0,1,2,0,Normal,0
2516,0.002508,tcp,dns,CON,24,7,1093.0,431.0,3.195,62,62,411.218,4058.278,2,3,72.083,2.875,6.905,17.134,0,972070912,2053930356,0,0.128669,0.03215,0.008702,322.0,9.3,1,278.0,3,0,2,0,1,2,0,0,1,1,2,0,Fuzzers,1
2517,0.687042,udp,-,RST,6,8,78.0,446.0,20.174,254,254,2010.49,1436.041,2,1,13.079,15.503,1.27,3.345,255,3933181794,1036679717,0,0.08997,0.051236,0.007984,50.1,57.9,0,441.0,3,2,1,4,3,2,0,0,0,2,7,0,Normal,0
2518,0.311879,udp,smtp,ECO,9,6,241.0,129.0,3.004,31,254,3438.025,638.534,2,1,15.428,11.857,1.703,1.577,0,2815013299,4292801183,255,0.013453,0.017663,0.003407,119.2,73.3,1,103.0,2,2,1,2,0,2,0,0,0,5,0,0,Normal,0
2519,2.215585,tcp,dhcp,ECO,11,13,670.0,10.0,59.528,31,62,186.34,53.065,2,0,11.074,9.515,2.364,4.066,255,2481247810,2175461081,255,0.036132,0.003148,0.007626,1.8,35.9,1,464.0,2,5,2,0,2,2,0,0,0,3,3,0,Normal,0
2520,0.066184,tcp,http,CON,8,6,87.0,41.0,25.07,254,31,15.945,686.885,1,0,34.055,4.912,1.648,11.299,255,52994804,3206732927,255,0.003175,0.02056,0.003573,124.3,91.1,0,89.0,1,0,3,1,2,3,0,0,0,2,1,1,Normal,0
2521,0.960374,tcp,-,REQ,10,10,248.0,465.0,6.787,254,31,1899.896,81.042,1,0,7.763,3.187,2.816,2.502,255,996426219,415280971,0,0.018776,0.016542,0.062663,75.1,57.1,0,287.0,2,2,2,5,2,4,0,0,0,0,3,0,Normal,0
2522,0.102381,udp,http,CON,27,8,1428.0,137.0,7.007,62,31,354.767,419.279,0,0,8.295,3.72,5.214,5.668,0,2765342459,2713929814,255,0.019844,0.036039,0.031922,14.7,232.8,0,16.0,1,3,3,3,3,4,0,0,0,0,1,0,Generic,1
2523,0.489444,ospf,http,CON,15,10,641.0,545.0,18.425,31,62,1394.999,234.488,2,0,8.192,2.31,1.034,2.877,0,1932968326,1445553635,0,0.142863,0.011213,0.038704,46.4,11.2,1,43.0,3,0,2,1,3,2,0,0,0,1,6,1,Normal,0
2524,0.18878,udp,dns,INT,24,4,4715.0,838.0,58.507,254,128,708.801,433.35,0,0,29.493,10.335,0.711,1.155,255,3301495587,2304218347,0,0.054659,0.032957,0.003129,197.6,27.0,0,362.0,2,1,2,1,4,0,0,0,1,3,2,0,Generic,1
2525,0.340088,tcp,-,FIN,34,9,1358.0,581.0,34.414,31,128,87.904,860.16,2,1,5.783,7.171,1.376,13.015,0,1608293638,2039083244,0,0.014105,0.072381,0.007729,217.4,140.1,0,409.0,3,3,1,2,3,2,0,0,1,0,3,0,Reconnaissance,1
2526,0.071337,udp,ftp,FIN,13,4,1065.0,245.0,0.464,254,62,346.948,633.669,0,1,2.458,8.839,2.344,2.176,0,2079467952,730826069,0,0.043639,0.006399,0.007735,17.3,129.8,2,1187.0,2,4,0,2,0,3,0,0,0,1,5,0,Normal,0
2527,0.532718,tcp,-,REQ,30,7,4022.0,296.0,6.159,62,31,700.206,1030.327,3,4,22.183,5.594,2.865,4.077,0,1056389998,324878614,0,0.032655,0.033305,0.002687,541.2,25.8,0,32.0,1,1,2,3,0,2,0,0,1,3,5,0,Reconnaissance,1
2528,0.264494,tcp,ssh,RST,30,8,1406.0,428.0,34.209,128,31,702.228,439.64,1,1,2.258,36.345,7.972,1.379,0,3160090856,926902941,255,0.044957,0.002828,0.018661,7.5,75.5,0,52.0,0,3,1,0,1,1,0,0,1,3,2,0,Reconnaissance,1
2529,0.00194,tcp,dns,CON,26,7,1602.0,172.0,49.718,254,254,542.945,1797.773,1,0,16.501,5.63,5.889,10.645,0,1109126369,1691571100,255,0.113621,0.00396,0.01307,16.6,285.8,0,98.0,3,3,1,3,0,2,0,0,1,3,2,0,Fuzzers,1
2530,0.16628,tcp,-,REQ,34,9,263.0,186.0,5.643,62,128,812.679,1717.58,2,1,2.95,3.696,0.067,3.658,255,935080507,1038492789,255,0.021667,0.004694,0.048424,7.9,4.0,0,903.0,5,4,2,2,2,1,0,1,1,3,2,0,Generic,1
2531,0.001929,tcp,-,RST,23,5,1166.0,256.0,136.902,62,128,1327.615,811.551,2,0,13.173,3.927,3.806,2.278,0,3835806252,3218555292,0,0.029416,0.003983,0.00097,4.7,84.4,0,439.0,1,2,1,1,3,3,0,0,0,2,3,1,Generic,1
2532,0.086411,udp,dns,ECO,22,2,728.0,546.0,5.531,254,31,3314.222,597.695,1,3,41.229,4.818,0.458,0.204,0,1262437027,2288767163,255,0.033289,0.000433,0.007155,104.4,80.1,1,158.0,1,1,2,2,1,2,0,0,0,2,3,0,Generic,1
2533,0.866163,tcp,smtp,REQ,31,6,933.0,1517.0,18.791,31,254,582.913,133.321,0,0,3.404,20.208,11.641,25.868,0,2398830274,3379937961,255,0.044168,0.034449,8.2e-05,75.9,164.5,0,126.0,2,1,1,4,1,0,1,0,0,5,3,1,Exploits,1
2534,0.202289,udp,http,CON,7,11,190.0,75.0,30.227,254,254,14.678,1923.863,3,1,1.009,8.332,3.356,0.519,0,3686570965,2202282946,0,0.312233,0.0383,0.025557,20.2,16.3,1,295.0,1,3,2,0,2,3,0,1,0,3,3,0,Normal,0
2535,0.662657,icmp,ftp,RST,33,7,2631.0,299.0,24.003,62,31,719.585,403.088,1,2,17.355,8.303,2.434,3.308,0,1640006,2764847318,0,0.024715,0.030608,0.038046,131.6,168.1,1,195.0,3,0,0,3,3,0,0,0,0,1,1,1,Analysis,1
2536,0.725637,tcp,smtp,CON,24,6,2469.0,622.0,188.199,62,62,1160.089,347.478,2,0,12.24,5.004,0.847,1.493,255,297570530,1279712511,0,0.066451,0.019257,0.026474,48.2,53.1,0,146.0,5,2,1,0,1,3,0,0,0,0,5,0,Generic,1
2537,0.011688,tcp,dns,FIN,31,6,3106.0,96.0,34.206,128,254,775.838,1920.934,1,0,13.094,18.024,1.544,2.21,255,2417436151,436624094,255,0.016378,0.011541,0.00912,167.0,84.6,0,400.0,0,2,1,2,1,3,0,0,0,1,1,0,Exploits,1
2538,1.3807,udp,-,INT,10,5,1935.0,894.0,33.917,254,62,1405.99,202.94,0,1,3.044,27.176,3.873,2.221,0,3005410822,2389100694,0,0.10199,0.020544,0.070926,86.2,198.5,1,247.0,4,1,4,3,2,0,0,0,1,3,1,0,Normal,0
2539,0.244081,tcp,dns,CON,12,9,476.0,1047.0,58.313,62,254,250.912,239.83,1,0,5.458,11.95,0.407,2.507,255,3879932664,504348457,255,0.170018,0.01663,0.022642,448.6,0.2,0,351.0,5,2,2,1,3,1,0,0,0,1,6,0,Normal,0
2540,0.783739,tcp,http,FIN,9,7,1328.0,366.0,47.044,31,254,804.536,1456.972,2,1,6.857,3.85,1.405,14.013,0,3286203215,2130835445,255,0.028369,0.078596,0.013222,166.4,17.7,1,28.0,2,0,4,2,5,2,1,0,0,2,1,0,Normal,0
2541,0.241741,tcp,dhcp,FIN,10,7,173.0,519.0,38.538,128,31,147.437,1131.5,0,2,10.294,9.527,10.416,11.094,255,1019690898,1855728447,0,0.067903,0.001899,0.011352,13.1,4.8,0,276.0,1,2,2,5,1,3,0,0,1,3,6,0,Normal,0
2542,0.213147,udp,pop3,ECO,9,15,824.0,379.0,7.256,31,62,584.069,110.234,0,3,14.981,12.579,1.313,9.638,0,1618575668,3970115717,255,0.083562,0.024288,0.067853,234.3,7.5,2,252.0,1,5,5,5,1,2,0,0,1,2,6,0,Normal,0
2543,0.715212,udp,ftp,RST,9,9,96.0,183.0,47.52,254,254,747.23,424.319,2,2,10.707,12.622,0.736,2.764,255,2317005258,3064761777,255,0.010894,0.014084,0.037353,42.8,131.5,0,83.0,3,1,0,2,1,5,0,0,1,0,3,0,Normal,0
2544,1.317467,udp,http,RST,10,7,103.0,158.0,0.905,62,31,281.519,466.58,1,3,1.118,11.048,0.311,2.572,255,2209860727,3250632354,255,0.017708,0.03817,0.056624,161.4,51.7,0,188.0,4,2,1,3,2,3,0,1,0,3,1,0,Normal,0
2545,0.401721,udp,http,FIN,11,4,698.0,48.0,51.028,62,254,50.606,230.494,0,0,4.214,1.106,0.016,5.163,0,3835405215,3997301633,0,0.021789,0.030218,0.00065,187.2,77.5,0,115.0,4,4,5,3,4,2,1,0,1,0,6,0,Normal,0
2546,0.011759,tcp,ssh,RST,15,5,1374.0,637.0,4.03,128,62,1159.781,1284.314,2,2,2.822,12.172,3.338,2.954,255,2782538743,577157057,255,0.070848,0.007816,0.040647,96.2,2.7,1,23.0,2,3,3,2,1,2,0,0,1,2,0,0,Normal,0
2547,0.340264,udp,dhcp,INT,21,4,179.0,502.0,55.974,31,254,186.077,190.317,0,1,0.406,16.245,4.047,0.809,0,1746780803,726393761,255,0.043936,0.003813,0.011861,71.8,219.0,0,31.0,4,1,5,2,2,4,0,0,0,3,6,1,Analysis,1
2548,0.168283,icmp,ftp,RST,5,8,753.0,163.0,78.424,254,254,49.021,1486.179,0,0,0.595,1.502,4.051,6.214,0,449294343,4243901353,255,0.030503,0.006397,0.009288,3.3,74.6,0,190.0,1,1,2,1,3,2,0,0,1,5,4,0,Normal,0
2549,0.385235,tcp,ssh,INT,15,7,164.0,457.0,28.161,31,128,1944.571,444.133,0,1,2.222,2.511,3.134,3.588,0,1056941401,3590221577,255,0.001672,0.007294,0.015205,16.7,6.5,0,26.0,1,1,2,2,1,1,0,0,0,0,1,0,Normal,0
2550,0.261244,ospf,http,CON,13,9,1251.0,621.0,33.451,254,128,731.718,1501.322,1,2,16.545,1.694,4.187,7.906,0,3154828726,2282285126,255,0.099757,0.027751,8.1e-05,63.6,34.6,0,22.0,1,4,2,0,4,1,0,0,0,2,2,0,Normal,0
2551,0.131223,icmp,dhcp,CON,4,15,95.0,122.0,57.09,128,31,548.774,472.902,0,1,2.89,12.488,0.836,1.302,0,1187667720,436854626,0,0.000839,0.002727,0.029917,108.2,27.2,1,18.0,6,0,0,0,1,3,0,0,0,2,4,0,Normal,0
2552,0.023536,tcp,ftp,FIN,9,8,1317.0,61.0,36.567,254,62,239.844,1344.213,0,0,14.882,4.261,1.835,3.843,0,1896713566,4068656247,255,0.100683,0.006358,0.050475,364.7,8.5,0,130.0,6,1,3,2,3,3,0,1,0,3,3,0,Normal,0
2553,0.008988,tcp,-,RST,33,4,1138.0,36.0,43.825,254,62,303.39,404.899,2,2,8.323,2.444,7.912,2.964,255,1347144743,3044444258,255,0.068154,0.021676,0.035318,10.4,50.3,0,715.0,5,3,1,3,2,2,0,1,1,2,5,1,Generic,1
2554,0.603971,tcp,dhcp,INT,30,10,870.0,14.0,30.369,128,62,448.183,1193.912,1,2,6.322,24.87,9.281,0.906,0,3503496498,4019085052,0,0.020805,0.013943,0.003567,180.0,3.3,1,87.0,5,4,1,4,1,1,0,0,0,0,0,0,Analysis,1
2555,0.222786,udp,dhcp,RST,13,9,15.0,106.0,55.224,31,31,1170.584,39.417,2,0,10.34,16.625,0.488,4.412,0,229235026,3371457747,255,0.048641,0.005077,0.040267,60.5,47.4,1,1153.0,2,2,4,3,0,1,0,0,0,1,1,0,Normal,0
2556,1.330636,tcp,dns,RST,29,10,882.0,665.0,24.042,62,254,103.738,431.196,3,0,20.629,2.035,0.352,10.803,255,1356300566,4153833821,255,0.007619,0.001575,0.004202,20.6,202.3,0,26.0,6,4,1,0,5,2,0,0,0,2,5,0,Exploits,1
2557,1.610004,tcp,dhcp,CON,14,7,109.0,28.0,52.67,254,62,2942.28,106.248,0,1,4.584,36.91,3.039,1.253,255,1487425615,4139087559,0,0.003495,0.002336,0.005978,176.1,265.5,0,104.0,2,0,1,2,0,3,0,0,0,0,2,0,Normal,0
2558,0.652518,udp,http,CON,8,6,305.0,502.0,3.819,128,128,109.125,331.065,1,0,1.526,6.829,0.51,2.863,255,1155424322,2293229889,0,0.069659,0.024045,0.012451,7.6,51.0,0,220.0,4,3,0,1,6,5,0,0,0,4,4,0,Normal,0
2559,0.432005,icmp,ftp,FIN,13,8,966.0,483.0,1.599,31,62,618.461,11.386,1,2,37.974,4.053,2.427,0.789,0,2533054058,717739913,255,0.129395,0.046291,0.017914,109.1,13.2,0,54.0,1,2,1,3,1,2,0,0,0,1,5,0,Normal,0
2560,0.155049,udp,smtp,FIN,7,11,2487.0,199.0,26.043,254,254,2143.103,241.041,0,0,1.224,2.453,8.286,2.281,0,3102188517,3359684210,0,0.01621,0.010261,0.011238,92.4,47.3,0,15.0,6,2,3,2,0,2,0,0,0,3,3,1,Normal,0
2561,0.289506,udp,smtp,ECO,31,4,804.0,472.0,8.63,254,62,44.345,472.608,0,1,3.39,5.337,0.388,0.076,0,1782486610,4141414342,255,0.007195,0.005358,0.012597,105.4,52.3,0,121.0,2,1,5,3,4,4,0,0,2,1,3,0,Generic,1
2562,0.405264,tcp,dns,REQ,31,5,2593.0,646.0,93.094,31,31,1020.226,108.411,1,2,17.897,8.321,3.251,16.723,255,2951194094,3792942479,0,0.037434,0.010052,0.008947,149.9,39.0,0,408.0,4,2,0,2,2,1,0,0,0,1,1,0,Generic,1
2563,1.073493,tcp,pop3,INT,22,4,1330.0,975.0,12.694,31,31,567.488,2.031,1,1,2.913,6.595,1.896,0.892,255,3447538136,3393070768,0,0.020337,0.017558,0.027375,20.3,29.5,0,218.0,2,1,3,1,1,3,0,0,1,4,6,0,Exploits,1
2564,0.506114,udp,pop3,CON,11,6,550.0,43.0,26.825,62,128,125.818,308.955,0,1,21.849,38.491,7.255,4.825,0,3136720247,3676091864,0,0.039129,0.004861,0.002394,31.2,54.0,1,86.0,7,0,4,4,2,1,0,0,1,3,2,0,Normal,0
2565,0.143538,tcp,-,REQ,26,4,1252.0,176.0,8.372,254,254,3471.438,87.216,0,1,10.333,16.196,0.672,18.122,255,3966910828,4094540237,0,0.000208,0.032452,0.002846,122.3,103.9,0,159.0,3,4,3,1,4,2,0,0,2,4,0,0,Generic,1
2566,0.249449,tcp,dhcp,REQ,12,8,1180.0,185.0,37.66,128,254,2257.844,229.121,4,1,4.471,3.64,7.227,4.732,255,1366761162,3097044176,0,0.005184,0.001916,0.04461,82.1,205.7,0,464.0,4,2,5,1,2,1,0,0,0,1,3,0,Normal,0
2567,1.630646,ospf,http,CON,9,8,1103.0,557.0,179.339,128,31,1016.582,1254.436,2,0,2.481,15.555,0.036,9.086,0,1525918032,778224175,255,0.068691,0.022368,0.013743,96.4,1.2,0,337.0,5,1,2,0,2,1,0,0,0,2,2,0,Normal,0
2568,0.123939,tcp,smtp,FIN,7,9,480.0,88.0,3.841,62,62,1237.73,387.75,2,0,2.104,15.965,10.247,0.987,0,4147671385,3869220550,0,0.000568,0.002969,0.009586,229.7,47.0,1,332.0,6,1,2,1,0,0,0,0,0,3,6,0,Normal,0
2569,0.68849,udp,dns,INT,31,12,589.0,29.0,35.281,62,128,1276.116,2212.331,0,0,7.876,0.963,3.538,7.209,0,2254270567,3494220858,255,0.041332,0.050929,0.00667,110.7,41.6,0,39.0,1,1,4,0,1,1,0,0,0,2,3,0,Generic,1
2570,0.08485,udp,dns,REQ,30,8,647.0,813.0,3.044,62,128,150.717,169.221,0,1,0.948,7.432,8.983,2.409,255,1322928878,2516698119,255,0.145506,0.032295,0.003461,19.2,178.7,2,284.0,1,2,2,4,2,6,0,0,0,1,2,0,Worms,1
2571,0.097509,udp,http,RST,10,7,109.0,63.0,102.823,254,31,284.187,838.958,0,0,8.757,19.671,7.259,7.389,255,1950141360,3739166329,0,0.005213,0.003145,0.003061,127.4,80.4,0,16.0,4,1,1,1,0,0,0,0,1,3,6,0,Normal,0
2572,1.138273,tcp,ftp,INT,43,7,2225.0,1120.0,135.449,254,62,36.928,1193.432,1,2,3.944,3.05,23.798,3.911,0,1216737791,2050562405,0,0.012214,0.010152,0.021815,96.1,99.4,0,391.0,4,2,1,3,2,3,0,0,1,1,1,1,Generic,1
2573,0.303712,tcp,-,FIN,20,6,1362.0,296.0,42.21,128,31,436.789,173.535,1,0,3.112,1.797,22.74,2.514,255,3482612949,232678370,0,0.02236,0.019453,0.008181,175.3,121.8,0,417.0,3,1,2,3,0,1,0,0,0,3,3,1,Exploits,1
2574,0.328878,tcp,dhcp,ECO,28,8,3344.0,301.0,22.691,62,31,1498.59,497.265,3,1,21.702,4.145,3.029,5.187,0,1620090935,1498012155,0,0.066355,0.010197,0.002457,194.7,165.5,0,132.0,3,1,3,6,1,3,0,0,0,1,4,0,Fuzzers,1
2575,0.198621,udp,http,INT,7,9,107.0,316.0,1.759,254,128,2195.316,1710.64,0,2,42.565,5.21,2.688,1.725,0,2447536024,1126380866,0,0.039227,0.042679,0.038501,53.5,158.4,2,350.0,2,2,2,1,2,1,0,0,0,2,6,0,Normal,0
2576,0.236029,tcp,dns,RST,32,12,2011.0,764.0,106.91,254,128,1426.739,508.92,1,1,0.878,5.601,1.415,1.201,255,175448548,1487733451,255,0.06195,0.005135,0.01545,153.1,37.0,1,547.0,1,2,0,3,2,2,0,0,1,4,1,0,Generic,1
2577,0.292703,tcp,http,FIN,32,9,5897.0,150.0,0.866,62,254,149.47,5065.336,1,1,1.47,10.754,0.205,9.039,0,488486147,2019135452,255,0.012008,0.030589,0.00407,7.4,7.2,1,212.0,4,3,2,1,1,2,0,0,0,1,1,0,Exploits,1
2578,0.126583,udp,http,FIN,31,9,1463.0,991.0,19.043,254,128,140.462,557.855,3,3,2.945,17.229,3.205,6.449,0,1821901557,639732491,0,0.018594,0.004813,0.006847,167.1,5.2,1,26.0,4,3,1,2,4,3,0,0,0,2,1,0,DoS,1
2579,0.107986,tcp,dns,FIN,6,7,22.0,966.0,27.802,128,254,576.764,1361.068,2,0,4.697,39.235,8.825,5.008,255,3377937119,4097235312,255,0.084552,0.027604,0.017922,839.3,247.6,0,17.0,5,2,3,6,2,1,0,0,0,2,3,0,Normal,0
2580,0.770426,tcp,dhcp,RST,27,5,559.0,299.0,36.788,254,62,177.353,1087.262,1,1,41.403,2.905,8.591,3.988,255,401398671,3313394937,255,0.02371,0.017876,0.001394,167.2,66.1,0,42.0,2,2,2,0,0,0,0,0,0,1,1,0,Reconnaissance,1
2581,0.196972,tcp,dns,CON,7,2,159.0,298.0,25.306,128,62,25.552,38.271,1,2,12.948,17.214,1.382,0.17,0,3197083878,1540453698,0,0.045589,0.007263,0.020489,83.0,7.9,0,67.0,5,0,3,1,2,1,0,0,0,0,3,1,Normal,0
2582,0.311724,tcp,dhcp,RST,29,11,474.0,252.0,54.71,31,128,146.534,694.518,1,0,8.728,3.949,1.599,6.79,0,1033217001,2953304448,255,0.122046,0.00542,0.002471,47.5,53.4,0,101.0,3,2,3,3,0,3,1,0,1,2,3,0,Fuzzers,1
2583,1.591164,tcp,pop3,ECO,9,6,203.0,802.0,52.234,62,128,623.764,1022.67,1,0,59.93,6.463,4.379,2.525,0,2213110387,2957346574,255,0.04211,0.018377,0.030876,75.3,101.5,0,43.0,7,0,3,2,3,4,0,0,0,1,2,0,Normal,0
2584,0.015969,tcp,dns,REQ,10,4,448.0,1.0,25.862,254,62,55.215,1261.85,1,1,17.225,5.627,3.834,0.169,255,1172088464,284556044,255,0.047733,0.032076,0.030432,31.0,6.3,1,449.0,2,2,2,0,1,2,0,0,1,1,4,0,Normal,0
2585,0.154741,ospf,dhcp,ECO,11,11,366.0,558.0,130.734,31,31,855.027,1961.734,1,3,6.873,4.33,10.988,3.458,0,2160749511,1763811611,255,0.013857,0.111141,0.037294,34.8,28.7,1,530.0,2,3,2,2,2,0,0,1,0,1,2,0,Normal,0
2586,0.363167,ospf,ftp,ECO,8,6,730.0,1161.0,41.048,62,128,705.257,272.51,3,0,1.563,1.396,0.582,4.006,0,794703861,2820456253,0,0.020424,0.009506,0.040502,26.2,141.4,0,252.0,2,0,2,6,4,1,0,0,1,1,3,0,Normal,0
2587,1.023747,udp,smtp,RST,4,13,122.0,494.0,27.765,62,128,545.525,372.031,0,0,1.661,13.518,11.263,3.152,0,1797212690,2831874818,255,0.045742,0.066168,0.005373,14.9,136.9,0,337.0,5,4,1,2,2,1,1,0,1,1,4,0,Normal,0
2588,0.779534,udp,ssh,RST,13,5,845.0,366.0,2.086,31,128,535.894,625.846,1,0,0.88,23.342,0.445,6.096,255,2861038053,2868694096,255,0.012383,0.002538,0.060987,128.0,14.3,1,304.0,4,1,1,3,3,0,0,0,0,3,5,0,Normal,0
2589,1.073921,udp,smtp,REQ,12,8,255.0,267.0,29.954,254,128,497.556,227.546,0,0,2.566,4.381,0.48,5.172,255,1185164026,2150548913,0,0.033113,0.033082,0.012851,82.2,137.7,0,5.0,3,5,3,1,2,1,0,0,1,2,2,0,Normal,0
2590,0.161899,icmp,pop3,CON,4,10,756.0,94.0,98.515,254,31,2676.423,197.258,0,1,12.815,5.627,12.176,5.512,0,2945115467,595259871,255,0.031996,0.036765,0.031074,14.4,64.1,1,132.0,7,1,1,1,6,1,0,1,0,4,5,0,Normal,0
2591,0.39212,tcp,http,FIN,26,10,1294.0,14.0,122.805,128,254,689.671,2030.071,2,0,1.016,7.153,2.526,9.115,0,2561306265,571452541,0,0.093241,0.015055,0.076241,241.4,90.6,2,672.0,5,2,3,4,1,2,0,0,0,4,3,0,Exploits,1
2592,1.29774,tcp,dns,INT,40,6,1599.0,157.0,32.493,31,31,767.628,934.093,2,1,10.836,28.296,14.009,3.64,0,1691408515,3404114366,0,0.020364,0.022732,0.030077,9.3,53.4,0,109.0,1,1,1,1,2,4,0,0,0,1,2,0,DoS,1
2593,0.908657,udp,ssh,INT,37,8,3833.0,1372.0,64.785,128,31,857.412,1367.819,1,1,16.543,7.675,18.172,8.393,0,4162257318,1600580711,255,0.052056,0.006587,0.001529,26.3,241.2,0,245.0,2,3,4,1,3,1,0,2,0,0,4,0,Generic,1
2594,0.346055,ospf,ftp,INT,6,7,193.0,842.0,3.268,62,31,767.868,557.096,2,2,7.593,3.215,17.151,2.767,255,494050363,3140689577,0,0.00733,0.015594,0.006012,88.0,132.3,0,132.0,4,3,2,2,2,2,0,0,0,1,1,0,Normal,0
2595,0.045162,tcp,pop3,FIN,6,10,50.0,2.0,4.806,128,254,601.715,45.656,0,0,7.023,9.343,1.818,6.015,0,1487202050,1744226016,255,0.008497,0.019188,0.038118,50.5,63.3,0,53.0,5,0,1,0,1,4,0,0,0,3,2,0,Normal,0
2596,0.436471,tcp,ftp,REQ,24,10,4467.0,187.0,55.196,31,254,42.91,80.652,1,0,6.367,11.252,4.688,24.827,255,3486198095,1437559091,0,0.174125,0.017051,0.00301,104.5,48.2,1,94.0,1,7,0,2,2,2,0,0,0,2,4,0,Reconnaissance,1
2597,0.009049,tcp,ftp,INT,8,5,142.0,17.0,104.942,31,254,925.715,430.348,0,1,16.068,8.659,1.047,1.642,0,3118581661,1429335446,255,0.008803,0.00252,0.009912,56.0,17.6,0,60.0,2,2,1,1,2,0,0,1,1,1,1,0,Normal,0
2598,0.832597,tcp,ftp,ECO,12,10,934.0,226.0,22.655,31,62,807.424,1210.951,2,1,19.048,0.106,0.18,24.789,255,3626138404,1667444041,0,0.064872,0.007486,0.007642,28.9,47.0,0,517.0,4,3,0,1,2,2,0,1,0,2,2,0,Normal,0
2599,1.344503,udp,ssh,ECO,34,8,925.0,199.0,11.124,254,62,767.864,2258.671,0,1,9.091,2.061,8.443,4.464,0,1818660668,358171740,255,0.093626,0.004489,0.005964,28.7,78.5,0,232.0,5,1,1,0,1,2,0,0,1,2,2,0,Analysis,1
2600,0.68378,tcp,-,REQ,26,9,1190.0,350.0,92.393,31,254,500.711,2517.594,0,1,15.957,11.508,1.675,11.232,0,4234877828,2629729199,255,0.054268,0.023727,0.036943,34.1,122.5,0,369.0,8,4,0,4,1,1,0,0,0,3,2,0,Analysis,1
2601,0.158145,icmp,http,ECO,18,6,476.0,116.0,7.359,254,62,146.8,332.893,0,1,4.929,17.16,2.94,10.909,255,1743321365,4241919731,255,0.000983,0.066273,0.034719,21.5,255.0,1,98.0,3,4,2,0,1,2,0,1,0,2,5,0,Normal,0
2602,0.329417,udp,pop3,CON,23,6,2026.0,402.0,74.866,31,254,40.73,594.062,0,0,48.365,8.022,8.725,14.215,0,3852361141,2185894512,255,0.041386,0.002673,0.047714,1.2,29.3,0,21.0,2,0,2,4,1,3,0,0,0,3,6,0,Generic,1
2603,0.362224,tcp,http,ECO,12,9,624.0,948.0,11.704,62,62,2209.614,1300.118,0,1,9.816,0.023,24.106,6.786,0,3189947756,1571258782,255,0.001808,0.038055,0.000946,329.4,80.0,0,161.0,4,1,1,0,2,5,0,0,0,2,0,0,Normal,0
2604,0.214837,udp,-,ECO,28,5,1598.0,164.0,0.055,254,62,2592.182,2583.055,0,3,2.81,2.924,7.41,2.704,255,2468356504,1414826173,0,0.029122,3.2e-05,0.001752,33.5,244.6,0,97.0,4,3,2,3,1,1,0,1,0,1,5,0,Exploits,1
2605,1.02739,udp,ftp,FIN,8,12,436.0,36.0,9.651,254,254,2896.445,3802.481,0,2,13.118,5.864,1.065,0.406,0,2735990795,2219666825,0,0.082401,0.003298,0.015016,10.4,34.2,1,393.0,5,3,3,4,1,2,0,0,1,2,4,0,Normal,0
2606,0.213679,tcp,dns,RST,12,12,214.0,62.0,49.43,128,62,985.311,184.734,1,1,2.101,7.423,0.116,1.703,0,1526016858,2951881598,0,0.005628,0.007165,0.013302,34.0,8.8,1,276.0,6,0,1,2,2,1,0,0,1,1,3,0,Normal,0
2607,0.967649,tcp,-,INT,30,12,3047.0,86.0,21.289,62,254,489.893,501.895,0,2,35.545,3.621,0.186,0.091,0,2514086569,2517385392,0,0.141784,0.032822,0.034185,277.5,1.0,2,44.0,3,0,1,2,0,1,0,1,1,2,0,0,Generic,1
2608,0.396568,udp,pop3,CON,12,9,130.0,8.0,76.745,128,62,64.252,375.527,0,2,14.201,5.072,10.85,10.211,255,3499490835,3498237039,0,0.007203,0.00013,0.043639,33.1,109.8,0,403.0,2,4,2,0,2,2,0,1,0,2,3,1,Normal,0
2609,0.067294,tcp,-,INT,22,6,1608.0,391.0,12.991,31,128,496.134,526.914,1,2,0.744,13.352,0.056,2.321,255,3444385237,3053271267,0,0.000589,0.021382,0.011266,5.8,195.1,0,171.0,1,2,3,0,1,0,0,0,0,1,1,0,Generic,1
2610,1.085519,tcp,dns,ECO,12,5,2511.0,441.0,19.26,128,31,1855.707,1294.15,0,0,26.491,1.912,3.313,6.27,255,2449846349,715422098,0,0.029248,0.012383,0.060076,28.3,65.5,0,20.0,2,2,0,0,2,2,0,0,0,4,8,0,Normal,0
2611,0.345077,tcp,http,ECO,26,8,6081.0,66.0,0.118,31,254,3340.087,427.957,0,0,3.808,21.947,5.183,1.635,255,4134582452,2074016872,0,0.022809,0.037844,0.004304,23.9,46.3,0,144.0,1,1,0,3,0,2,0,0,1,1,3,1,DoS,1
2612,0.051618,tcp,ftp,INT,32,8,2611.0,271.0,108.706,254,62,86.455,356.879,2,0,17.126,18.66,4.177,9.344,0,4026998594,3693235144,0,0.003894,0.003813,0.013605,111.0,69.7,0,189.0,3,3,2,1,1,6,0,0,0,0,2,0,Fuzzers,1
2613,1.0855,udp,-,INT,9,9,108.0,134.0,76.303,31,128,359.364,660.234,0,0,2.661,1.722,3.392,7.025,0,2097661515,2240163353,255,0.026077,0.003252,0.014742,507.1,52.5,1,98.0,3,1,3,1,2,2,0,0,1,1,2,0,Normal,0
2614,0.747747,tcp,dhcp,REQ,24,9,568.0,559.0,47.802,31,31,283.784,1651.928,1,1,3.789,10.286,2.772,4.63,255,3068386996,3391836251,0,0.032147,0.017255,0.042024,135.5,176.7,0,119.0,1,1,0,2,0,2,0,1,1,2,2,0,Exploits,1
2615,0.161373,udp,dhcp,RST,9,12,41.0,353.0,37.939,128,31,1610.39,131.156,1,1,0.626,22.31,3.791,1.635,255,3671892586,290178509,255,0.078482,0.003399,0.037001,181.1,40.8,0,188.0,2,0,4,2,1,2,0,1,0,3,1,0,Normal,0
2616,0.273112,tcp,http,INT,7,8,104.0,806.0,85.838,128,31,594.588,948.647,0,3,1.718,7.706,2.165,8.461,0,1106319867,839450046,0,0.01688,0.00223,0.019017,31.7,33.1,0,369.0,4,0,2,2,1,3,1,0,0,1,4,0,Normal,0
2617,1.250494,udp,http,INT,8,10,1041.0,54.0,31.419,31,128,2518.012,521.71,1,0,7.996,0.511,10.034,0.148,255,184787460,762262713,255,0.041986,0.012972,0.062806,47.0,44.7,2,201.0,6,0,1,3,2,4,0,0,0,1,1,0,Normal,0
2618,0.208653,tcp,dhcp,ECO,29,6,1082.0,156.0,18.55,128,31,151.809,634.721,2,0,3.23,30.015,3.256,12.709,255,1500803390,496450107,255,0.073361,0.080623,0.010567,79.5,43.3,1,62.0,1,4,2,3,2,0,0,0,0,0,3,1,DoS,1
2619,0.425909,icmp,dns,INT,29,4,1669.0,197.0,9.046,128,31,467.447,3894.372,1,1,5.096,19.11,2.082,2.454,0,53040711,1152724191,255,0.006371,0.002808,0.009233,32.6,179.1,0,295.0,2,0,4,3,1,1,0,1,0,0,1,0,Fuzzers,1
2620,0.797533,icmp,-,CON,37,8,1480.0,136.0,37.947,62,31,700.763,637.278,2,0,29.597,3.46,2.346,0.265,0,3503624887,1085403215,255,0.044221,0.008148,0.000719,331.8,37.1,0,235.0,2,4,2,2,2,3,0,0,0,1,0,0,Reconnaissance,1
2621,0.224234,tcp,http,CON,32,7,939.0,323.0,87.69,62,128,120.224,1043.178,0,0,7.515,7.008,0.2,9.896,255,543361112,3845883763,255,0.025992,0.008591,0.009179,37.1,70.4,0,36.0,2,2,2,4,1,1,0,0,1,0,2,0,DoS,1
2622,0.986862,udp,dns,CON,30,4,1507.0,52.0,15.067,128,62,763.495,1119.814,1,3,8.936,18.335,2.711,2.484,0,4195600292,3918077113,0,0.076839,0.020093,0.078588,227.6,266.0,0,272.0,2,1,1,2,0,2,0,0,0,4,4,0,Analysis,1
2623,0.601409,tcp,smtp,REQ,11,8,138.0,607.0,30.443,31,254,4.908,1150.753,1,2,19.344,5.309,5.142,5.455,0,3526572990,2990750063,0,0.294832,0.012256,0.017678,57.6,16.0,0,316.0,3,1,1,4,2,1,0,0,0,2,5,0,Normal,0
2624,0.401539,udp,ssh,REQ,26,6,2260.0,254.0,5.705,62,31,483.852,467.503,1,0,4.766,6.677,3.79,5.671,0,2057714469,440443289,0,0.002735,0.01567,0.020358,108.4,126.1,0,13.0,0,2,4,0,0,2,0,0,0,3,3,1,Reconnaissance,1
2625,0.345223,udp,http,FIN,30,14,814.0,2388.0,1.107,128,62,864.306,655.891,1,3,6.075,0.546,2.097,3.052,0,235590322,2831191452,255,0.01833,0.031718,0.00402,32.8,81.4,0,286.0,1,3,2,4,0,2,0,0,0,4,3,0,Generic,1
2626,0.931817,tcp,ftp,ECO,6,9,329.0,591.0,12.266,254,62,35.578,163.558,0,2,10.935,3.348,0.94,2.246,255,1867309581,3470615944,255,0.096951,0.006493,0.004327,225.0,23.6,0,90.0,4,4,1,1,1,0,0,1,0,1,3,0,Normal,0
2627,0.683851,tcp,ftp,CON,30,7,7220.0,59.0,22.972,31,31,936.55,814.61,0,0,38.073,19.161,7.687,1.486,255,2342144749,1859793109,0,0.046465,0.01504,0.028211,179.2,47.1,0,68.0,3,1,5,3,0,0,0,0,0,2,1,0,Generic,1
2628,0.323858,tcp,smtp,FIN,8,10,149.0,1363.0,18.683,128,128,200.574,1199.6,0,0,5.218,13.22,19.127,3.851,255,763483993,3371377243,0,0.10283,0.017908,0.008685,57.0,26.6,0,83.0,1,4,2,4,1,2,0,0,0,2,3,0,Normal,0
2629,0.208452,udp,ftp,RST,8,11,179.0,399.0,90.999,128,254,580.554,1399.772,1,1,6.947,0.66,14.869,11.043,0,1050185898,1589994268,255,0.011077,0.028391,0.013886,82.5,43.9,1,393.0,4,0,2,1,2,2,0,0,0,6,2,0,Normal,0
2630,0.239934,udp,http,CON,8,5,542.0,40.0,21.582,62,128,1354.449,214.942,0,1,16.352,12.996,1.426,3.606,0,2749306026,2755941575,0,0.010669,0.052201,0.011843,80.3,306.4,0,29.0,4,2,2,4,2,2,0,1,0,4,1,0,Normal,0
2631,0.491733,tcp,pop3,RST,13,7,614.0,624.0,12.096,128,31,863.806,1091.231,1,1,18.729,8.078,23.857,22.174,0,1566638762,2922408891,0,0.057712,0.006925,0.043119,90.6,194.9,1,211.0,4,6,2,2,2,2,0,0,0,4,3,0,Normal,0
2632,0.013623,tcp,smtp,ECO,10,12,372.0,50.0,35.468,62,128,1209.858,556.118,1,0,4.303,0.021,7.565,5.715,255,247197421,509360676,0,0.035581,0.002356,0.014945,8.9,4.0,0,25.0,3,3,0,4,1,1,0,0,0,2,3,0,Normal,0
2633,0.088352,tcp,dns,RST,30,7,3409.0,127.0,154.016,254,128,3030.722,409.836,0,0,22.999,26.232,3.793,0.915,255,966010341,2007223668,0,0.094868,0.00235,0.013148,34.8,68.7,0,50.0,0,4,1,1,1,2,0,0,0,2,0,0,DoS,1
2634,1.371928,tcp,http,RST,35,9,2110.0,337.0,102.769,128,128,1932.142,399.69,0,1,17.709,6.551,4.937,1.071,255,2036847189,2928934448,0,0.009149,0.016377,0.05102,20.9,147.0,1,6.0,3,5,1,0,0,0,0,0,0,1,4,0,Generic,1
2635,0.764758,tcp,-,INT,10,7,198.0,308.0,29.113,128,128,1032.295,183.275,1,1,6.75,2.821,2.879,5.293,255,2640173155,1133116249,255,0.059488,0.01441,0.045366,166.4,60.8,1,140.0,1,1,1,3,2,2,0,0,0,1,3,0,Normal,0
2636,0.704044,tcp,pop3,INT,9,11,209.0,48.0,22.336,31,31,948.913,491.285,2,1,19.361,3.436,3.178,15.102,0,2488241442,915719071,255,0.105075,0.082507,0.003463,92.9,69.9,0,166.0,1,5,3,1,4,5,0,1,0,3,0,0,Normal,0
2637,0.388278,icmp,dhcp,REQ,10,9,129.0,63.0,0.208,128,62,2271.702,1324.385,1,2,16.678,0.544,8.482,5.534,0,234718603,3325364086,0,0.02353,0.008739,0.03105,49.0,0.8,0,33.0,3,2,0,1,3,3,0,0,0,4,4,0,Normal,0
2638,0.158728,tcp,smtp,INT,9,10,121.0,86.0,2.74,62,31,3434.001,555.998,2,1,7.22,13.011,4.827,2.602,0,935151482,2402290887,255,0.011628,0.017251,0.050184,356.7,265.4,0,206.0,3,0,4,1,2,1,1,0,0,2,3,0,Normal,0
2639,0.450524,udp,-,ECO,34,10,478.0,50.0,17.839,254,62,1136.503,2319.594,1,1,5.865,9.452,3.615,8.81,0,1664912985,875513866,255,0.013177,0.080875,0.021515,7.7,118.7,0,312.0,0,3,1,1,1,4,0,0,0,3,2,0,Fuzzers,1
2640,0.018266,tcp,dns,INT,7,8,156.0,113.0,5.194,128,62,478.924,152.323,0,0,5.567,3.618,1.717,3.448,0,2025547937,3895600669,255,0.057171,0.002328,0.027225,43.5,0.2,0,21.0,4,1,2,5,1,2,0,1,0,2,4,1,Normal,0
2641,0.347136,tcp,ftp,INT,36,8,355.0,277.0,13.712,62,128,936.426,1349.709,0,1,5.244,13.752,0.941,3.174,0,3166158058,4252371403,255,0.035795,0.021591,0.001295,33.4,3.5,1,320.0,5,2,1,4,2,1,0,0,0,1,5,0,Exploits,1
2642,0.006926,udp,-,RST,42,7,1199.0,415.0,4.531,254,128,1650.682,38.087,2,0,0.96,7.913,0.238,10.764,255,3094759770,432906577,0,0.032422,0.020068,0.01423,6.1,18.0,1,207.0,1,3,3,1,2,1,0,0,0,2,1,0,Exploits,1
2643,0.235192,tcp,http,CON,32,7,12488.0,1064.0,40.133,62,254,633.154,758.438,0,0,13.36,21.775,0.648,1.684,255,2087083677,2279686246,0,0.024056,0.00125,0.001211,4.4,13.1,2,251.0,3,2,1,1,2,1,0,1,0,0,4,0,Generic,1
2644,2.109305,tcp,dns,REQ,32,9,2772.0,129.0,21.092,31,62,2854.746,1940.346,3,2,0.533,14.356,13.83,0.995,0,2663166937,3246125191,0,0.110174,0.008253,0.002955,152.9,12.7,1,292.0,0,4,4,1,1,1,0,1,1,1,7,0,DoS,1
2645,0.196801,ospf,dns,RST,16,13,1556.0,184.0,13.518,31,31,1071.34,1304.799,0,2,35.556,9.638,2.965,5.167,0,2443188924,3234733294,0,0.016706,0.026334,0.048371,29.2,69.4,0,166.0,4,4,5,0,1,3,0,0,0,4,1,0,Normal,0
2646,0.587689,icmp,smtp,RST,28,8,1531.0,572.0,202.969,62,31,79.214,3197.171,0,1,19.123,6.578,3.259,13.088,255,960535513,4236104152,255,0.001329,0.002894,0.004041,18.5,8.8,1,62.0,3,2,1,1,0,1,0,0,2,1,2,0,DoS,1
2647,0.25701,udp,ssh,CON,27,4,907.0,217.0,152.018,62,254,194.99,162.828,1,1,12.119,5.156,0.134,9.449,255,1444681612,4229997911,0,0.071932,0.005873,0.009041,216.7,13.5,0,70.0,5,4,3,1,3,2,0,0,0,0,4,0,Exploits,1
2648,0.019815,tcp,ftp,FIN,24,6,2834.0,716.0,109.643,31,31,357.117,249.82,0,5,25.927,2.397,0.228,5.643,255,611172029,2467685357,0,0.034486,0.0535,0.023651,50.9,110.6,0,507.0,1,1,3,1,3,2,0,0,0,1,5,0,Fuzzers,1
2649,0.002911,tcp,ftp,CON,24,7,1001.0,800.0,3.116,128,31,275.559,717.423,2,3,11.291,2.06,3.332,0.828,0,2785784959,36160151,0,0.03855,0.051763,4.6e-05,281.6,187.6,0,33.0,3,1,2,5,3,1,0,0,0,0,3,0,Generic,1
2650,0.081021,tcp,ssh,RST,29,9,1179.0,503.0,140.538,62,62,55.011,498.683,0,0,9.321,19.662,14.4,7.15,255,3079117658,3628382104,255,0.002689,0.010723,0.019522,5.1,56.2,0,304.0,2,1,3,2,2,3,0,0,0,1,2,0,Fuzzers,1
2651,0.126196,icmp,http,CON,29,15,5849.0,384.0,20.787,62,62,3107.789,484.035,1,0,8.694,10.684,9.69,0.482,0,3903437580,4222065435,0,0.011946,0.047808,0.009538,10.1,308.0,0,83.0,3,0,5,2,2,1,0,0,0,2,2,0,Shellcode,1
2652,0.250719,udp,-,FIN,9,9,1106.0,565.0,6.001,31,62,2.378,1422.148,1,1,14.304,1.255,0.298,12.623,0,2346896033,1448001616,0,0.043823,0.014903,0.027361,131.9,183.9,0,94.0,5,3,2,1,2,2,0,0,0,1,1,0,Normal,0
2653,0.140516,tcp,pop3,REQ,26,6,526.0,112.0,37.39,254,62,158.533,486.559,2,1,13.606,1.817,10.315,0.454,0,2959646379,2874894276,0,0.04715,0.007955,0.013016,44.0,49.6,0,229.0,2,4,1,2,2,3,0,0,1,1,2,0,Fuzzers,1
2654,0.377548,arp,http,ECO,33,10,2565.0,248.0,6.595,31,254,884.403,309.868,3,1,26.559,12.746,0.877,1.556,255,956722325,877853451,255,0.015775,0.010017,0.014009,8.1,37.3,2,305.0,2,1,0,4,6,2,1,0,0,4,1,0,Exploits,1
2655,0.752274,tcp,-,CON,10,8,204.0,770.0,45.465,254,128,1551.799,241.221,0,2,15.603,6.077,0.268,0.47,0,1691635745,3132163057,255,0.003139,0.016922,0.025938,5.4,23.4,0,264.0,5,4,2,3,3,1,1,0,0,2,5,0,Normal,0
2656,0.015024,tcp,ssh,FIN,34,9,1899.0,106.0,26.065,31,31,189.627,2247.471,1,0,5.1,4.192,6.54,2.522,0,1389021253,2082643785,0,0.062658,0.030091,0.011494,65.6,162.8,0,13.0,2,3,4,3,2,2,1,0,0,2,3,0,Reconnaissance,1
2657,0.07409,tcp,smtp,FIN,10,4,68.0,120.0,27.589,128,254,459.204,370.977,0,2,5.099,9.496,0.266,2.809,0,246041578,3780743921,0,0.03986,0.011143,0.033407,95.6,302.2,1,159.0,4,3,1,3,3,2,0,0,1,2,1,0,Normal,0
2658,1.434756,tcp,http,FIN,33,7,1814.0,104.0,8.883,31,128,89.182,624.566,0,0,4.208,1.884,5.979,27.942,0,3179566051,3428461479,255,2.6e-05,0.023646,0.005943,89.3,52.0,0,266.0,1,1,1,2,1,2,0,0,1,2,2,0,Generic,1
2659,0.64584,icmp,pop3,CON,6,8,53.0,36.0,8.23,31,31,710.334,401.921,1,4,1.362,13.505,4.348,1.925,0,1874507320,1951094888,0,0.01827,0.020609,0.004779,22.0,66.7,0,81.0,3,2,3,1,2,1,0,0,0,2,1,0,Normal,0
2660,0.091068,icmp,http,CON,2,10,494.0,108.0,18.184,31,254,1597.488,1049.033,2,1,1.916,5.84,0.978,3.728,255,970724202,2800065195,255,0.010261,0.014898,0.0233,36.4,47.2,0,100.0,2,1,8,0,3,1,1,0,0,2,3,0,Normal,0
2661,0.038701,tcp,ssh,REQ,24,12,376.0,88.0,76.352,31,254,2435.918,1095.692,2,2,14.811,17.715,0.672,8.554,0,2892849055,861976045,0,0.049545,0.041256,0.010371,33.1,155.6,2,70.0,0,1,3,1,3,2,0,0,0,2,4,0,Fuzzers,1
2662,0.963425,tcp,ssh,CON,9,3,495.0,971.0,12.25,128,128,923.848,2183.335,0,1,2.613,0.322,1.351,4.152,0,2613137744,2680955155,255,0.060689,0.02631,0.001509,19.4,73.8,1,275.0,4,5,2,1,1,1,0,0,1,3,4,0,Normal,0
2663,1.190094,tcp,pop3,REQ,13,5,28.0,267.0,137.406,254,62,2341.122,241.211,0,2,11.842,5.245,3.272,4.636,255,3977804992,1981207190,0,0.08599,0.006077,0.000525,19.8,73.2,0,56.0,4,2,2,1,1,4,0,0,0,0,3,0,Normal,0
2664,0.37207,tcp,ssh,INT,5,6,211.0,632.0,141.314,62,254,1359.414,799.215,2,1,23.508,14.579,2.396,15.674,255,1571661653,899731301,255,0.008003,0.001698,0.001643,139.4,72.6,1,492.0,4,0,3,1,2,0,0,0,0,1,1,0,Normal,0
2665,0.388609,tcp,ssh,REQ,9,7,81.0,366.0,29.346,31,62,574.417,86.57,2,1,2.231,3.725,11.5,5.889,0,973929691,4175961096,255,0.00387,0.000457,0.008007,9.7,46.5,0,35.0,1,2,6,3,3,2,0,2,0,0,3,1,Normal,0
2666,0.044446,tcp,-,REQ,23,5,894.0,136.0,70.545,128,254,302.444,1786.979,1,3,5.847,9.215,2.977,3.282,0,728605897,3241850545,0,0.027952,0.009739,0.028859,22.8,33.2,2,192.0,3,3,2,3,0,1,0,0,0,2,4,0,Fuzzers,1
2667,0.337701,tcp,dhcp,REQ,23,11,7796.0,169.0,24.867,62,31,295.436,1682.642,0,1,1.028,7.212,1.391,0.942,0,3372441352,1757221872,255,0.137965,0.002325,0.050798,61.6,27.8,1,104.0,0,0,1,2,5,1,0,0,0,0,3,0,DoS,1
2668,0.402904,tcp,http,ECO,7,5,725.0,38.0,24.328,254,128,2059.142,583.892,1,2,0.566,1.924,0.769,1.38,0,134694391,1917339395,0,0.043868,0.003888,0.010663,7.6,120.4,0,9.0,2,3,0,3,2,4,0,0,1,3,2,0,Normal,0
2669,1.384265,tcp,ftp,CON,27,9,586.0,285.0,104.461,62,31,221.235,233.379,1,0,1.499,2.12,3.808,13.404,0,2696193232,1003950817,255,0.059119,0.001952,0.002213,90.0,30.4,0,151.0,3,1,1,2,3,1,0,0,1,1,3,0,Generic,1
2670,0.094427,icmp,dns,REQ,8,6,76.0,357.0,10.791,128,128,381.794,1621.226,3,0,4.63,18.57,1.714,1.442,0,2581507800,2097875778,0,0.001118,0.003731,0.015719,107.5,10.5,0,28.0,6,7,3,2,2,0,0,0,0,2,0,0,Normal,0
2671,0.213852,tcp,ftp,INT,26,9,2295.0,411.0,112.508,31,128,2583.742,2650.35,1,1,13.913,13.066,2.231,14.864,255,202678389,4184957753,0,0.063625,0.022867,0.000291,6.0,44.2,0,143.0,7,2,0,2,3,2,1,0,1,4,0,0,Generic,1
2672,0.323327,tcp,smtp,REQ,10,7,2112.0,1160.0,23.803,128,254,902.688,2342.968,0,1,4.453,4.407,1.771,2.075,255,2234230638,2698640747,255,0.002684,0.01459,0.006094,335.6,14.2,1,178.0,4,2,0,2,1,1,1,1,0,2,5,0,Normal,0
2673,0.091982,tcp,-,FIN,9,8,993.0,46.0,64.724,31,62,324.941,1842.96,0,2,16.142,6.146,8.129,0.142,255,1747545960,2485251891,255,0.039984,0.00274,0.050581,105.8,131.7,0,458.0,3,5,2,2,0,2,0,0,0,0,1,0,Normal,0
2674,0.770437,udp,dns,CON,12,4,218.0,704.0,13.519,254,254,2669.626,1232.405,0,0,21.868,8.336,4.412,0.967,0,3030159822,1828447227,0,0.075325,0.025696,0.009479,1.8,117.5,0,558.0,5,4,1,4,2,1,0,0,0,0,4,0,Normal,0
2675,0.173543,tcp,ftp,ECO,28,9,617.0,458.0,37.83,31,31,691.916,1434.76,2,1,7.323,0.838,11.873,5.141,255,762100407,2878312203,0,0.005897,0.005418,0.008333,2.5,112.5,1,182.0,2,1,0,1,1,3,0,0,2,1,2,0,Generic,1
2676,0.171111,tcp,ssh,RST,13,6,743.0,194.0,36.346,128,62,1482.622,3613.729,2,2,13.47,11.444,3.566,4.428,0,1150275779,934322518,0,0.069596,0.02424,0.005491,54.4,102.4,0,72.0,3,3,2,0,2,2,0,0,1,0,1,0,Normal,0
2677,0.783816,udp,smtp,INT,12,9,678.0,48.0,32.548,128,254,1320.47,118.274,2,0,7.308,19.049,2.201,16.357,0,3342700253,4195157699,0,0.028238,0.005128,0.014687,39.1,24.5,0,111.0,2,2,3,3,3,2,0,0,1,3,2,0,Normal,0
2678,0.049413,udp,pop3,FIN,38,2,1464.0,992.0,46.35,31,254,1671.966,1464.34,1,2,38.092,14.311,3.589,3.735,0,2542348546,3311786608,0,0.080464,0.057599,0.017069,434.7,214.4,0,900.0,2,3,3,3,3,1,0,0,1,1,1,0,Fuzzers,1
2679,0.390384,tcp,http,REQ,28,9,1541.0,99.0,101.029,62,31,3674.664,690.733,2,1,4.74,3.86,7.283,21.022,255,2595016409,132832048,0,0.105342,0.015088,0.063219,65.3,101.4,2,93.0,3,1,0,7,0,0,0,0,1,1,4,0,Exploits,1
2680,0.177654,tcp,dhcp,CON,12,9,122.0,165.0,15.533,62,62,1477.568,3.037,1,2,3.049,36.755,0.839,4.322,255,111413698,1832693197,255,0.038641,0.032731,0.008061,104.8,188.5,1,153.0,2,4,1,3,3,5,0,1,0,2,3,0,Normal,0
2681,0.253789,arp,dns,CON,30,9,1731.0,124.0,1.208,31,128,157.123,825.753,0,1,5.067,1.681,4.034,4.728,0,205266877,3577650678,0,0.053767,0.000629,0.00155,114.4,248.1,0,97.0,4,0,2,3,1,1,0,0,0,3,4,0,Fuzzers,1
2682,0.329839,tcp,ftp,FIN,36,7,5049.0,192.0,44.279,254,31,1522.963,207.52,2,1,0.74,3.858,12.183,5.783,255,3730442061,2890315458,255,0.05198,0.000449,0.012335,12.6,302.6,0,39.0,3,1,4,1,1,2,0,0,0,0,2,0,DoS,1
2683,0.655963,tcp,smtp,CON,11,12,29.0,195.0,20.151,128,128,2064.209,271.358,2,1,6.522,0.647,2.46,2.996,0,583764130,2731520549,255,0.03493,0.015368,0.031931,357.7,86.6,2,114.0,3,0,3,4,2,2,0,0,0,0,6,1,Normal,0
2684,0.473377,tcp,http,CON,25,7,1268.0,477.0,11.786,31,254,96.464,943.969,0,1,23.259,2.014,2.008,0.269,0,2777653313,4069385246,0,0.001815,0.040752,0.026848,96.5,9.4,0,2.0,2,4,1,1,2,1,0,1,0,5,3,0,Generic,1
2685,0.521383,tcp,pop3,FIN,18,13,372.0,325.0,41.43,62,128,1824.101,116.068,1,1,9.781,18.688,0.807,2.662,0,1073410683,1000121695,0,0.007696,0.020071,0.002863,129.2,262.7,1,125.0,7,2,3,2,2,2,0,0,1,1,2,0,Normal,0
2686,0.438997,udp,ftp,REQ,40,7,334.0,613.0,6.316,31,62,9.955,319.08,0,1,1.393,16.555,5.533,3.835,0,2853941937,3062231463,0,0.24261,0.010907,0.04432,45.2,79.4,0,73.0,4,2,2,3,1,3,0,0,0,2,2,0,Exploits,1
2687,0.330545,udp,dhcp,ECO,5,11,98.0,513.0,0.55,254,31,914.19,507.409,0,0,2.512,8.424,0.023,9.143,0,1539583023,2341491285,255,0.131796,0.044291,0.017046,53.4,4.1,0,520.0,2,2,2,0,2,2,0,0,0,1,6,0,Normal,0
2688,0.985232,tcp,http,FIN,26,8,354.0,200.0,0.587,128,62,1637.637,346.484,0,0,10.477,1.711,16.084,0.489,255,1690146298,1996390900,255,0.00544,0.017334,0.035752,58.7,14.6,0,48.0,6,3,0,3,3,3,0,0,0,3,6,1,Generic,1
2689,0.031825,udp,pop3,FIN,10,8,705.0,657.0,8.024,128,128,648.382,201.316,1,3,22.194,1.223,0.301,0.281,0,3877222904,1081483414,255,0.011171,0.000459,0.008216,72.6,101.3,0,158.0,2,2,1,0,1,2,0,1,0,5,2,1,Normal,0
2690,0.547336,tcp,dns,FIN,14,7,967.0,1487.0,18.303,62,128,2026.979,1931.219,1,0,22.965,21.092,2.26,3.805,0,3142156117,2546508943,255,0.014344,0.015395,0.027729,35.9,14.6,0,36.0,1,1,3,2,3,3,0,0,0,6,6,0,Normal,0
2691,0.335543,udp,smtp,REQ,26,7,1179.0,304.0,204.384,31,254,651.556,570.007,0,1,36.431,10.055,0.906,17.095,255,2287242619,2345063188,0,0.017892,0.001721,0.033849,75.2,118.1,2,340.0,4,2,3,2,0,3,0,1,0,2,5,1,Analysis,1
2692,0.10042,tcp,pop3,RST,11,8,341.0,237.0,11.525,31,31,721.834,698.03,0,0,2.335,20.908,0.707,10.061,0,812999631,1358534264,255,0.12869,0.015652,0.035127,21.2,43.1,1,39.0,1,0,3,5,3,2,0,0,0,1,3,0,Normal,0
2693,1.343036,tcp,http,CON,32,4,735.0,355.0,16.566,254,254,599.819,1353.765,2,0,0.801,3.473,0.122,3.808,255,3115894895,1101191578,0,0.005694,0.00069,0.012652,42.0,48.1,1,705.0,3,5,3,3,1,1,0,0,0,3,4,0,DoS,1
2694,0.964837,udp,ftp,FIN,26,12,2768.0,351.0,35.978,62,62,998.262,978.956,1,1,10.022,3.362,0.284,0.475,255,1267170412,2678597178,0,0.142912,0.021555,0.018049,24.2,113.1,1,35.0,4,1,2,2,0,2,0,0,1,1,0,0,Shellcode,1
2695,0.983227,tcp,dhcp,FIN,33,16,2742.0,410.0,98.475,128,31,2015.81,238.8,0,1,38.494,11.026,4.159,3.244,255,2485035141,87341398,0,0.010666,0.010226,0.005967,266.1,53.4,2,60.0,5,3,2,1,1,1,0,0,0,4,7,0,DoS,1
2696,0.20406,tcp,http,REQ,9,11,7.0,412.0,11.628,254,254,471.687,686.623,1,0,10.787,0.886,0.901,5.518,255,534712004,1744281220,0,0.002512,0.008139,0.057471,223.5,15.2,1,65.0,1,1,4,2,2,4,0,0,0,2,2,0,Normal,0
2697,0.439696,tcp,-,INT,31,9,1507.0,769.0,193.968,31,128,1294.616,120.203,1,3,0.09,17.262,5.608,0.143,0,3197065473,409336713,255,0.041294,0.005231,0.003723,95.7,40.5,0,24.0,4,2,0,1,3,3,1,0,0,1,3,0,Fuzzers,1
2698,0.601083,udp,smtp,INT,13,8,319.0,428.0,141.586,62,128,973.613,1799.621,3,0,11.664,12.414,10.084,9.305,255,2774122401,2699920676,0,0.027536,0.012845,0.000195,3.1,249.1,1,217.0,4,1,3,3,1,2,0,0,0,1,1,0,Normal,0
2699,0.39968,tcp,-,CON,8,9,310.0,8.0,126.705,62,31,668.615,180.145,2,0,8.385,2.53,4.087,2.702,0,706213850,2231077804,255,0.003652,0.032397,0.013362,6.4,18.4,0,35.0,2,1,5,3,1,3,0,0,0,5,2,0,Normal,0
2700,0.500447,udp,dhcp,ECO,35,7,3387.0,366.0,24.602,128,62,968.912,1344.444,0,0,36.419,45.428,0.426,17.766,255,1284599564,2559678817,0,0.039542,0.016144,0.033937,323.5,47.4,0,471.0,2,4,2,1,2,2,0,0,1,4,2,0,DoS,1
2701,0.492369,udp,dhcp,INT,38,10,3062.0,88.0,24.094,62,128,689.839,2144.447,1,0,8.834,2.616,0.012,4.091,0,831945574,177886682,255,0.001297,0.000281,0.004046,46.6,86.5,1,145.0,3,0,2,4,3,1,0,0,0,2,6,0,Generic,1
2702,0.28747,udp,http,RST,9,6,237.0,623.0,29.064,254,31,3696.994,945.349,1,0,21.109,7.664,12.419,0.495,0,1390503294,2090179294,0,0.138862,0.012283,0.000289,26.9,105.2,1,136.0,2,1,2,2,1,1,0,1,0,1,8,0,Normal,0
2703,0.209669,tcp,http,RST,12,3,75.0,593.0,2.925,31,31,186.948,585.911,3,0,0.013,7.963,6.338,2.114,255,3183490028,2327612400,255,0.03257,0.09895,0.013509,75.5,12.3,1,425.0,1,3,5,4,1,1,0,0,0,3,5,0,Normal,0
2704,0.20982,udp,pop3,FIN,29,7,5048.0,144.0,96.492,31,31,72.428,1037.126,0,2,5.606,18.207,21.482,8.47,255,2325470297,4158721205,255,0.040672,0.006461,0.039395,44.9,13.1,0,63.0,2,5,1,0,1,3,1,0,0,1,3,0,Fuzzers,1
2705,0.084384,tcp,smtp,CON,33,13,1344.0,10.0,27.347,128,254,715.912,2045.565,2,0,38.664,1.385,2.567,4.524,255,1616644165,3404818065,0,0.100339,0.008263,0.001294,95.8,172.2,1,121.0,1,3,2,3,3,0,0,0,0,1,4,0,Exploits,1
2706,0.868921,icmp,pop3,ECO,13,11,1460.0,108.0,7.716,62,128,261.415,131.133,3,2,14.024,21.074,9.572,4.819,0,3499640486,3593354036,0,0.111841,0.025508,0.060247,46.3,18.4,1,514.0,4,2,1,1,4,3,0,0,1,1,8,0,Normal,0
2707,1.439022,udp,dhcp,ECO,17,6,3013.0,119.0,15.927,62,128,321.46,2042.275,2,0,0.941,10.185,9.328,0.787,255,3642442346,1935721024,255,0.026323,0.018409,0.017206,58.6,166.8,0,335.0,2,1,5,3,5,1,0,0,0,3,7,0,DoS,1
2708,0.355619,tcp,dns,INT,5,11,87.0,1775.0,77.888,254,31,2516.859,882.669,0,3,4.278,0.444,10.472,0.347,0,3986664523,1461887227,0,0.004252,0.001867,0.008265,142.0,46.8,1,934.0,1,4,2,3,2,2,0,0,0,4,3,1,Normal,0
2709,0.380909,udp,ftp,FIN,12,10,479.0,329.0,51.461,62,62,35.288,1769.453,2,0,1.016,20.508,3.666,19.238,255,1526260279,560571797,255,0.041823,0.020745,0.052842,190.5,86.2,0,380.0,0,1,2,1,3,0,0,0,0,1,3,0,Normal,0
2710,2.507302,tcp,smtp,CON,39,9,612.0,470.0,11.194,31,62,1089.435,1734.65,0,0,5.953,1.883,6.151,5.113,0,3532027538,968048642,0,0.026997,0.001341,0.123894,8.8,53.9,0,54.0,3,2,0,2,1,1,0,1,2,3,6,0,Generic,1
2711,0.946402,tcp,ssh,ECO,33,13,513.0,116.0,17.436,31,128,5.044,89.574,2,0,2.571,0.116,4.379,0.38,255,3878941015,1042146534,0,0.062992,0.045385,0.051389,9.2,19.3,1,202.0,4,2,5,1,1,2,0,0,1,3,2,0,Backdoor,1
2712,0.736924,tcp,dns,RST,9,11,562.0,58.0,33.627,62,254,436.471,624.89,1,0,2.883,8.963,7.218,0.073,0,2331785967,3981038376,255,0.018073,0.003087,0.018948,109.9,11.3,1,54.0,4,2,0,1,0,5,0,0,1,1,3,0,Normal,0
2713,0.138009,udp,ftp,FIN,13,9,895.0,118.0,5.797,128,128,530.376,915.238,2,2,33.338,5.145,1.891,5.456,255,562220881,3358186557,0,0.019074,0.000243,0.009681,21.9,208.0,2,34.0,4,1,3,3,5,0,0,0,0,4,2,0,Normal,0
2714,0.762571,udp,ftp,RST,15,4,505.0,355.0,127.326,128,254,791.358,105.004,1,0,16.177,0.466,8.303,12.96,255,4031735060,629404687,0,0.069908,0.019182,0.081419,17.4,6.1,0,387.0,1,0,1,7,1,3,0,0,0,3,6,0,Normal,0
2715,0.051971,icmp,smtp,FIN,31,10,3087.0,122.0,11.457,31,31,574.234,339.473,3,1,3.71,2.945,3.093,0.45,255,200246317,1757732540,0,0.00934,0.041251,0.013595,231.1,143.1,1,1.0,4,0,0,0,4,1,0,0,0,1,4,0,DoS,1
2716,0.121936,tcp,dns,CON,5,3,208.0,3.0,8.606,31,31,483.642,12.288,1,2,8.561,27.827,8.273,1.876,255,1940458609,1169446317,0,0.071883,0.022309,0.008411,121.7,70.3,0,239.0,1,2,2,2,1,1,0,0,0,4,2,0,Normal,0
2717,0.39871,udp,dns,INT,10,7,151.0,312.0,132.546,31,128,591.824,747.2,0,0,22.173,11.77,16.31,9.232,255,514589410,4144157183,255,0.026268,0.006512,0.016755,24.0,183.1,0,32.0,6,0,1,3,1,4,0,0,2,0,5,0,Normal,0
2718,0.195303,udp,-,INT,16,12,3998.0,174.0,27.83,62,62,167.776,657.597,1,0,19.676,13.315,0.054,1.654,0,1385250647,4272468767,255,0.005523,0.011268,0.029225,26.7,87.4,0,45.0,1,3,0,3,1,4,0,0,1,2,1,0,Shellcode,1
2719,0.270516,udp,dhcp,RST,6,5,521.0,491.0,65.351,254,31,456.667,885.906,1,2,22.615,34.119,4.099,0.864,0,3212671550,2115156611,255,0.019866,0.026499,0.005879,110.8,94.3,0,38.0,4,3,4,3,4,3,0,0,0,1,1,0,Normal,0
2720,0.225048,tcp,ssh,FIN,24,12,1014.0,107.0,62.869,128,62,1589.735,50.856,1,1,7.577,4.968,2.008,4.182,255,1199969232,2039442718,0,0.013671,0.047888,0.075466,55.9,96.7,1,13.0,1,1,2,0,0,6,0,0,0,1,3,0,Generic,1
2721,0.574628,tcp,dhcp,ECO,11,4,1728.0,324.0,29.725,128,128,587.322,1302.405,0,0,6.443,1.286,6.2,3.721,255,4163816660,3464969286,0,0.065283,0.046396,0.058535,29.9,131.6,0,728.0,1,2,1,4,0,1,0,1,0,1,2,0,Normal,0
2722,0.234565,udp,pop3,REQ,37,11,1858.0,429.0,5.68,62,31,338.404,1143.451,1,0,13.473,9.38,1.247,1.163,255,1176542855,3884762215,255,0.030536,0.002819,0.022807,126.0,268.4,0,311.0,4,2,1,2,4,4,0,0,0,3,6,0,Fuzzers,1
2723,0.286812,tcp,smtp,CON,7,3,398.0,779.0,7.104,254,254,583.705,1255.775,0,0,13.522,15.023,2.876,0.394,255,3358643506,2443773775,0,0.003594,0.013114,0.037567,218.0,6.2,1,244.0,1,2,1,4,2,4,0,0,1,0,5,0,Normal,0
2724,1.138115,tcp,ftp,ECO,10,6,472.0,87.0,4.723,128,128,188.581,1121.535,1,2,5.416,1.131,1.573,4.757,255,4209487920,2487804003,255,0.20692,0.014362,0.023107,32.1,109.2,0,98.0,4,1,3,4,4,0,0,0,0,2,4,0,Normal,0
2725,0.986685,tcp,ssh,INT,8,6,312.0,1059.0,32.624,128,128,847.501,38.523,0,0,3.597,4.333,1.314,2.22,255,4073272756,968238221,0,0.032839,0.046049,0.059125,63.5,116.6,0,104.0,4,4,1,2,1,2,0,0,1,1,1,0,Normal,0
2726,0.031393,tcp,smtp,INT,30,10,1217.0,820.0,95.036,128,254,1606.141,267.305,0,2,0.025,0.158,1.029,0.141,0,3530317078,2499311144,0,0.057237,0.010966,0.003605,50.1,77.8,0,34.0,5,0,2,0,4,2,0,0,0,3,1,0,Exploits,1
2727,0.153477,tcp,dhcp,FIN,21,6,1019.0,11.0,45.91,31,62,2062.799,597.943,1,2,7.465,5.995,0.205,3.635,0,2889765607,1213537751,255,0.020611,0.014408,0.012892,140.0,61.7,0,119.0,7,1,3,1,2,3,1,0,0,2,4,0,Exploits,1
2728,1.055038,tcp,http,ECO,13,12,40.0,899.0,67.76,31,254,1704.514,1014.439,0,0,1.864,0.879,2.518,13.854,0,663335258,536117803,0,0.041322,0.040992,0.024133,122.9,92.6,1,166.0,3,0,0,4,1,3,1,0,0,2,2,0,Normal,0
2729,0.018339,udp,-,ECO,7,10,6.0,1050.0,33.457,254,31,229.695,1461.972,5,1,20.38,1.691,0.296,0.301,255,3179151645,4107366176,255,0.013315,0.002939,0.004713,69.3,92.2,1,719.0,2,2,2,1,1,5,0,0,0,1,2,0,Normal,0
2730,0.11735,arp,http,CON,32,8,1327.0,357.0,12.964,62,254,717.581,195.079,0,0,3.031,2.909,2.075,3.798,255,2950919499,124388729,255,0.144257,0.013255,0.000543,125.2,170.0,0,484.0,2,3,2,2,2,0,0,0,2,2,4,0,DoS,1
2731,0.479889,tcp,http,ECO,5,7,331.0,399.0,21.769,62,254,933.565,314.577,1,1,23.409,1.057,0.878,1.623,255,2509986025,1208858322,0,0.007832,0.02196,0.00838,8.0,79.3,1,179.0,2,2,2,2,1,2,0,0,0,5,4,0,Normal,0
2732,0.449671,tcp,ssh,RST,8,13,66.0,94.0,13.202,254,62,1429.138,945.695,1,1,0.151,124.065,2.298,4.536,0,1076227278,930328703,255,0.043728,0.011206,0.019923,32.9,217.6,0,25.0,4,1,2,3,3,4,1,0,0,2,2,0,Normal,0
2733,0.311766,udp,http,INT,43,12,1212.0,151.0,205.188,254,254,485.936,1000.272,1,3,0.945,2.428,3.792,3.095,0,540162229,1320686203,0,0.013918,0.026584,0.033954,149.1,23.7,0,248.0,6,4,5,1,0,1,0,1,0,0,2,0,Generic,1
2734,0.2871,tcp,http,ECO,10,15,21.0,163.0,3.949,128,254,64.357,553.125,1,1,11.819,1.65,3.949,7.157,0,768799901,2923768198,0,0.078322,0.007083,0.014103,4.8,19.7,0,233.0,6,1,1,0,2,1,0,0,0,2,2,0,Normal,0
2735,0.586998,ospf,dns,REQ,7,4,349.0,23.0,50.044,254,31,481.983,1604.034,2,2,2.838,13.543,2.777,1.052,255,3827927573,4150516484,255,0.085336,0.011335,0.013265,5.2,58.2,1,101.0,5,0,3,2,1,1,0,0,1,2,2,0,Normal,0
2736,0.657957,tcp,pop3,RST,11,6,2224.0,988.0,27.836,31,62,438.198,168.269,0,1,11.422,1.194,1.489,15.895,0,2529091770,4102907107,255,0.041821,0.017353,0.00033,458.5,4.7,1,102.0,4,4,5,1,0,4,0,0,0,3,1,0,Normal,0
2737,0.829959,tcp,dns,CON,15,7,173.0,1143.0,2.894,128,31,1135.156,754.807,0,1,1.336,8.887,3.492,5.652,255,1738687424,1111872842,255,0.144975,0.012891,0.010531,122.0,11.3,0,176.0,7,1,1,1,0,4,0,0,0,1,4,1,Normal,0
2738,0.346344,tcp,ftp,FIN,5,7,268.0,641.0,42.772,31,254,1452.212,2264.813,0,0,2.746,5.347,2.875,20.598,0,1221840753,3699083559,255,0.024044,0.064701,0.006651,142.5,149.3,0,62.0,2,3,3,1,1,1,1,0,0,0,2,0,Normal,0
2739,0.08929,tcp,ftp,REQ,26,11,1876.0,838.0,63.897,254,128,692.214,416.1,1,2,10.41,8.366,5.727,4.784,255,2329355904,2822994137,255,0.016942,0.001173,0.006397,47.0,97.9,1,178.0,3,4,2,3,2,1,0,0,0,4,2,0,Exploits,1
2740,0.447873,udp,pop3,CON,31,8,210.0,287.0,178.046,31,62,318.956,1036.209,1,2,0.823,3.178,9.899,2.749,0,3479463293,714135325,0,0.026774,0.017925,0.02384,134.8,146.7,0,130.0,7,1,1,3,2,4,0,0,0,1,2,0,Generic,1
2741,0.675548,tcp,dns,ECO,9,6,251.0,191.0,27.43,254,254,498.477,295.882,1,1,11.198,15.5,6.956,3.98,255,3126486204,3602852521,0,0.055563,0.006634,0.012526,148.0,18.5,1,251.0,3,2,3,4,2,3,0,0,0,3,2,0,Normal,0
2742,1.757129,icmp,ftp,FIN,26,7,878.0,229.0,116.202,128,62,56.209,376.605,2,0,0.148,21.475,14.579,6.957,0,265744356,2228517829,0,0.035389,0.01242,0.012189,45.6,11.3,0,235.0,4,4,2,2,3,6,0,1,0,5,2,0,Fuzzers,1
2743,0.348471,udp,pop3,RST,10,10,380.0,626.0,0.133,62,62,56.52,505.771,0,1,6.491,2.57,10.011,4.063,255,2484515446,4216698325,255,0.088141,0.047777,0.026603,278.0,0.5,1,17.0,6,1,3,2,3,2,0,0,0,4,4,0,Normal,0
2744,0.216007,icmp,ftp,REQ,32,8,424.0,751.0,112.701,62,128,124.841,1082.934,1,0,1.18,33.541,1.06,2.872,0,2135713651,3306914933,0,0.043955,0.002342,0.017391,147.0,90.6,0,76.0,2,2,4,0,4,1,0,1,0,1,1,0,Exploits,1
2745,1.122633,icmp,ftp,ECO,10,6,647.0,191.0,0.429,31,254,918.727,1190.395,2,0,6.446,1.385,9.715,2.299,0,625693165,1365267482,0,0.105237,0.030835,0.015682,167.4,23.2,0,65.0,3,3,2,2,2,1,0,0,1,1,1,0,Normal,0
2746,0.023742,tcp,pop3,ECO,31,8,2741.0,73.0,132.15,31,31,739.866,1068.898,1,3,6.159,1.647,2.706,7.379,255,3273569648,1981172487,255,0.113496,0.008666,0.016314,19.5,90.2,0,256.0,5,1,3,2,6,1,0,0,0,2,2,0,Exploits,1
2747,0.232378,tcp,ftp,ECO,9,9,475.0,529.0,10.961,128,254,642.607,696.267,1,0,7.923,6.799,10.243,10.637,255,743295281,1341436340,0,0.073755,0.003242,0.014327,24.5,196.8,2,99.0,5,1,0,2,2,3,0,2,0,0,3,0,Normal,0
2748,0.470951,udp,smtp,INT,9,6,1409.0,53.0,89.301,128,128,1387.172,87.226,1,1,26.404,29.334,3.82,6.134,0,2231155195,851616680,0,0.04462,0.041916,0.023844,145.9,60.7,1,250.0,2,1,1,0,2,0,0,0,0,1,3,0,Normal,0
2749,0.173659,tcp,ssh,RST,11,8,988.0,1771.0,61.077,62,128,73.714,131.849,0,0,4.665,6.512,0.699,5.486,255,4012488037,4223554903,0,0.032227,0.011196,0.003641,0.2,118.8,0,173.0,2,3,1,3,1,3,0,0,0,4,2,0,Normal,0
2750,0.992249,tcp,http,FIN,7,8,1081.0,641.0,46.209,128,31,1436.079,102.895,1,0,12.642,6.165,0.031,9.019,0,3584220093,2415780618,0,0.094068,0.00147,0.025722,0.7,8.3,0,54.0,5,4,0,5,2,1,0,0,0,1,1,0,Normal,0
2751,0.478187,tcp,http,INT,14,8,1005.0,167.0,6.927,254,31,831.586,654.462,0,0,7.404,6.426,5.569,0.138,255,684666919,4159541001,255,0.013512,0.054291,0.012658,214.0,64.2,1,250.0,2,0,5,1,3,0,0,0,0,2,3,0,Normal,0
2752,1.887645,tcp,pop3,CON,29,9,1403.0,2098.0,14.697,31,62,230.972,573.21,1,0,1.591,12.821,0.985,7.468,255,487549217,4143434983,0,0.022068,0.037186,0.0086,39.1,119.4,0,23.0,2,4,3,0,4,1,1,0,0,1,4,0,Exploits,1
2753,0.298819,icmp,ftp,CON,26,3,2526.0,427.0,142.749,128,128,1659.722,1258.791,2,1,8.042,10.98,1.251,0.47,255,2897501759,830086937,255,0.005846,0.005395,0.018975,32.4,39.0,1,496.0,3,2,2,2,0,3,0,1,1,2,4,0,Fuzzers,1
2754,0.112202,tcp,ftp,REQ,14,10,438.0,60.0,2.34,31,128,1035.675,968.109,1,2,4.251,32.749,2.843,15.374,0,984313542,1525333805,0,0.000471,0.020498,0.005471,70.6,162.7,2,341.0,3,2,3,2,5,2,0,0,0,1,0,0,Normal,0
2755,1.035067,udp,smtp,FIN,38,5,1281.0,454.0,50.269,254,31,721.125,397.782,0,1,0.55,4.368,2.595,1.893,0,2215815770,1571521135,255,0.133486,0.002206,0.000701,32.9,7.8,0,187.0,3,0,1,2,3,2,0,0,1,0,4,0,DoS,1
2756,0.326772,arp,-,REQ,36,4,866.0,72.0,30.709,62,128,28.809,38.941,1,1,10.516,6.381,14.019,3.755,0,55452427,2705377523,255,0.014288,0.058019,0.002856,59.3,47.3,0,55.0,2,1,3,2,0,1,0,0,0,1,4,0,Fuzzers,1
2757,0.776765,tcp,-,INT,35,6,569.0,50.0,30.741,128,31,9.764,1104.318,0,0,19.966,5.671,17.755,0.553,255,3711822506,3114747852,0,0.048786,0.009276,0.03598,232.7,2.2,2,120.0,3,3,1,2,3,1,0,0,0,1,1,0,DoS,1
2758,0.356834,udp,dns,CON,32,7,3017.0,1064.0,106.486,254,254,3179.028,617.521,1,1,9.993,13.774,10.118,0.911,255,3689559877,2734027818,0,0.073012,0.01534,0.01454,4.0,90.9,0,69.0,2,0,0,4,1,2,0,0,1,1,5,0,Exploits,1
2759,0.067838,tcp,dhcp,REQ,27,8,954.0,937.0,38.503,254,31,889.664,1572.276,0,3,3.454,45.073,20.515,8.315,255,425057313,2031633934,255,0.051512,0.077081,0.021102,61.3,10.2,0,316.0,4,3,3,2,2,4,0,2,0,2,1,0,Generic,1
2760,0.064716,tcp,smtp,RST,12,7,155.0,948.0,33.853,31,254,42.81,260.836,1,1,20.211,8.867,0.68,2.549,255,1324594427,1578846415,0,0.030247,0.002006,0.097186,31.3,55.5,3,339.0,0,1,3,3,5,3,0,0,0,0,2,0,Normal,0
2761,0.200774,tcp,smtp,REQ,18,5,911.0,77.0,29.948,128,31,246.713,470.864,2,2,2.839,14.776,6.347,3.912,0,3537627031,3220646148,0,0.060318,0.001427,0.06332,51.0,9.0,0,42.0,4,5,0,0,1,2,0,0,1,1,7,0,Generic,1
2762,0.064952,tcp,smtp,FIN,26,13,4350.0,284.0,6.746,31,128,1133.826,209.482,3,2,3.716,1.823,8.69,3.626,0,3456538001,2656128968,255,0.059535,0.004835,0.010238,29.2,94.5,0,57.0,4,3,2,0,0,1,0,0,1,1,3,0,Reconnaissance,1
2763,0.037963,tcp,pop3,REQ,9,10,463.0,202.0,108.224,62,62,1456.677,421.761,3,1,13.846,17.035,1.008,2.072,0,520897685,3736844037,0,0.005747,0.005449,0.017382,12.0,97.9,0,51.0,4,3,0,3,1,1,0,0,0,0,5,0,Normal,0
2764,1.497207,tcp,pop3,REQ,14,6,81.0,313.0,37.886,62,128,355.927,1073.389,3,0,26.336,4.206,4.893,10.288,255,591106533,3564609796,255,0.063825,0.008411,0.004568,42.7,202.8,0,264.0,2,0,1,1,1,4,0,0,0,1,2,0,Normal,0
2765,0.127945,tcp,-,RST,4,10,197.0,295.0,95.152,62,128,1161.246,781.973,1,0,3.045,0.272,2.635,1.573,0,2264945924,1479926315,0,0.025964,0.012721,0.018075,51.3,53.2,0,473.0,2,2,3,2,0,1,0,0,0,0,3,0,Normal,0
2766,0.406867,tcp,smtp,INT,34,8,511.0,135.0,313.297,128,62,454.869,300.474,3,2,3.563,3.618,0.732,6.825,0,1833055732,1270347197,0,0.020901,0.009645,0.031995,292.8,141.7,1,425.0,2,3,4,1,4,3,0,0,1,1,3,0,Analysis,1
2767,0.015913,udp,smtp,FIN,8,6,2287.0,323.0,21.821,31,31,804.329,695.121,0,1,8.529,40.801,7.392,1.957,0,1224994883,4178057812,0,0.063816,0.005835,0.002711,130.7,178.6,0,136.0,2,3,3,0,2,4,0,0,1,2,2,0,Normal,0
2768,0.262657,tcp,http,FIN,32,9,529.0,284.0,28.556,254,31,4657.859,537.182,2,3,14.002,9.226,0.859,0.498,255,1331581747,2068925550,0,0.039699,0.054134,0.011523,198.9,53.5,1,92.0,3,0,0,2,2,1,0,0,0,2,4,0,Generic,1
2769,0.128723,udp,dhcp,CON,20,5,177.0,742.0,227.495,254,254,168.296,591.235,0,1,1.82,14.822,14.613,8.753,0,186182389,3894505910,0,0.097686,0.005797,0.007509,72.1,137.7,3,27.0,2,1,1,2,3,3,1,0,0,4,2,0,Fuzzers,1
2770,0.275777,icmp,ftp,REQ,24,8,482.0,511.0,0.527,31,128,155.378,1602.876,0,3,4.838,17.216,8.436,0.536,255,2629764995,454860561,0,0.094213,0.004742,0.012287,167.9,36.0,0,27.0,1,4,1,0,4,1,0,0,0,0,3,0,Shellcode,1
2771,1.012222,udp,pop3,RST,11,5,49.0,973.0,11.525,62,62,1279.074,927.532,1,3,5.48,19.346,1.273,3.741,0,869286045,669394571,0,0.023453,0.041391,0.012151,124.5,202.7,0,205.0,2,1,2,2,1,3,0,0,0,0,4,0,Normal,0
2772,0.200957,tcp,-,RST,31,5,3015.0,733.0,26.833,31,62,503.158,1641.866,1,0,9.382,7.19,0.762,5.116,255,3691056315,3035712782,0,0.03088,0.024786,0.033196,256.1,276.8,1,142.0,3,2,1,4,0,2,0,0,0,1,5,0,Fuzzers,1
2773,0.575404,udp,smtp,CON,27,8,2791.0,483.0,70.265,31,254,1024.269,1008.575,1,1,4.793,14.215,3.553,6.579,255,2907599465,2979102168,255,0.011167,0.015568,0.030188,12.8,61.9,2,112.0,0,3,2,2,0,1,0,0,0,1,3,0,DoS,1
2774,0.159413,udp,ssh,INT,14,9,370.0,496.0,8.442,128,254,56.816,831.08,3,0,17.576,25.444,0.883,10.821,255,2602317520,1205226582,0,0.055315,0.001239,0.024618,362.4,121.1,0,11.0,1,2,1,1,1,2,0,0,0,5,3,0,Normal,0
2775,0.61706,icmp,smtp,FIN,33,8,2389.0,514.0,39.109,128,62,1460.257,736.947,0,2,0.297,4.282,3.827,0.519,0,1148135286,965542798,0,0.01869,0.012034,0.000177,7.9,70.2,1,18.0,4,1,2,2,4,0,0,0,0,4,1,0,Exploits,1
2776,0.076622,arp,-,RST,11,6,311.0,973.0,29.442,62,31,904.615,7.479,3,1,7.956,1.651,10.274,10.784,255,4243786124,2411849596,255,0.016078,0.045714,0.003233,61.1,8.3,0,1158.0,2,0,4,3,3,2,0,1,0,2,2,0,Normal,0
2777,0.598907,tcp,-,INT,31,7,137.0,192.0,22.006,128,128,645.961,264.391,0,1,18.301,0.697,0.21,5.607,255,3457874612,1982994344,0,0.023848,0.001685,0.027517,263.4,23.2,1,563.0,3,1,1,1,3,1,0,0,0,3,3,0,Generic,1
2778,0.665549,udp,smtp,REQ,9,8,434.0,1359.0,82.869,254,254,1323.285,678.473,1,0,2.648,3.878,0.123,13.354,0,932083959,1851743877,255,0.018061,0.039056,0.017858,45.2,125.2,0,23.0,1,1,3,2,4,1,0,0,0,2,1,0,Normal,0
2779,0.023349,udp,pop3,INT,16,7,542.0,123.0,15.571,31,62,2510.763,585.726,0,2,7.141,16.146,2.56,11.805,255,405331569,1158911286,255,0.010459,0.098708,0.00012,64.1,27.8,1,44.0,4,0,1,4,4,2,0,0,0,1,1,1,Normal,0
2780,0.016805,tcp,smtp,CON,8,11,39.0,8.0,28.294,62,254,234.333,1321.477,1,1,8.583,3.171,5.485,0.456,0,2435805666,3182044454,255,0.025088,0.041671,0.028031,76.8,33.1,0,149.0,1,2,0,2,0,3,0,0,0,3,4,0,Normal,0
2781,0.500931,tcp,-,CON,11,2,531.0,180.0,21.378,62,31,4714.789,81.713,0,0,6.153,25.568,1.849,0.24,255,95303821,3801951733,0,0.045666,0.015108,0.051912,65.9,14.5,0,241.0,3,1,4,5,1,2,0,0,0,5,2,0,Normal,0
2782,0.201673,udp,pop3,ECO,7,8,617.0,19.0,105.024,31,31,947.126,1325.747,2,1,7.047,1.54,0.607,9.731,255,1012350907,1205191614,0,0.001915,0.016742,0.02356,110.9,39.0,1,22.0,1,0,2,3,0,2,0,0,0,1,1,0,Normal,0
2783,0.996997,udp,dns,FIN,35,10,1526.0,300.0,28.927,62,128,816.948,6.245,1,0,1.932,4.878,2.57,3.849,0,574521259,2818019853,255,0.052399,0.009999,0.070833,144.0,59.5,1,196.0,1,2,1,3,1,1,1,0,0,2,4,1,Generic,1
2784,2.428333,tcp,-,ECO,9,6,613.0,544.0,9.647,62,128,1078.452,536.763,2,1,2.705,0.802,2.896,9.162,0,485970556,4028308778,0,0.084808,0.00122,0.005467,71.5,19.7,0,130.0,3,1,4,2,1,3,0,0,0,3,0,0,Normal,0
2785,0.387581,tcp,ftp,FIN,8,6,77.0,31.0,16.805,254,62,398.009,1701.893,1,0,35.196,13.727,3.236,3.284,255,2491494283,3908102363,0,0.095403,0.006024,0.019428,25.7,265.9,1,464.0,3,2,3,0,2,1,0,0,0,0,1,0,Normal,0
2786,0.473013,tcp,http,FIN,36,7,273.0,144.0,11.312,31,254,420.39,281.148,1,0,6.226,12.086,4.469,19.964,0,1841211434,3014539824,0,0.009233,0.002024,0.034654,37.8,4.3,0,39.0,2,2,4,3,1,1,0,0,0,3,3,0,Exploits,1
2787,0.161051,tcp,dhcp,ECO,29,9,430.0,679.0,8.718,128,31,1360.136,140.297,0,2,19.413,15.938,3.62,0.989,0,971696787,1762803260,0,0.005025,0.002095,0.030541,150.7,361.6,0,100.0,4,2,2,3,3,0,0,1,0,2,3,1,Generic,1
2788,1.724328,icmp,dhcp,ECO,8,8,148.0,963.0,48.58,254,254,1680.326,116.545,1,1,3.892,6.738,18.281,0.93,0,763918896,2858165222,255,0.002698,0.008533,0.013587,167.7,40.2,0,231.0,0,2,1,1,2,1,0,0,0,3,6,1,Normal,0
2789,0.478778,icmp,-,ECO,40,9,4049.0,8.0,227.475,31,128,2602.959,588.912,0,2,5.551,3.913,1.328,8.634,255,3521544126,4117960094,255,0.073066,0.010879,0.026849,187.1,62.4,1,224.0,1,3,1,0,4,4,0,0,0,2,4,0,Reconnaissance,1
2790,0.348858,tcp,smtp,RST,10,6,216.0,791.0,14.695,128,62,1233.909,916.842,2,1,11.657,14.053,3.031,8.711,255,2030378796,1874120063,255,0.043295,0.019028,0.045699,8.7,83.1,0,401.0,3,1,2,2,1,4,0,0,0,1,2,0,Normal,0
2791,0.318235,tcp,-,INT,22,14,1168.0,418.0,5.501,31,62,2793.309,602.16,3,1,11.765,16.202,2.048,1.233,0,714890941,3904989586,0,0.005129,0.04519,0.001847,50.4,138.4,0,612.0,5,1,0,3,4,1,0,0,1,0,6,0,Fuzzers,1
2792,0.044156,udp,dns,FIN,14,12,286.0,471.0,30.47,254,254,2204.373,3252.001,0,0,1.506,10.859,4.47,3.776,255,950493175,450580578,0,0.08987,0.056974,0.023524,36.9,46.0,0,417.0,3,1,0,0,1,3,0,0,0,0,5,0,Normal,0
2793,0.558937,udp,http,REQ,20,8,1157.0,562.0,4.107,62,31,520.237,1216.652,1,2,5.947,1.937,16.934,1.176,255,1405787864,1999947587,255,0.111839,0.004015,0.005967,28.2,250.0,0,284.0,3,4,2,2,2,6,0,0,1,3,3,0,Exploits,1
2794,0.092404,tcp,ssh,REQ,33,13,1235.0,124.0,34.013,62,254,1600.089,1755.814,2,2,16.826,3.073,5.49,2.411,0,1759748150,747890388,255,0.030681,0.009722,0.028728,181.3,139.7,1,439.0,2,4,3,3,2,0,0,0,0,1,4,0,Shellcode,1
2795,0.099648,tcp,-,RST,28,12,4284.0,365.0,40.907,254,62,1351.132,49.895,0,1,11.233,15.137,3.879,5.052,255,303464977,2950739236,0,0.013012,0.004785,0.020032,179.0,472.8,0,73.0,2,3,2,2,1,2,0,0,0,0,4,1,Fuzzers,1
2796,0.58978,tcp,dhcp,FIN,26,3,3342.0,385.0,27.773,62,62,11.811,122.618,5,2,5.795,16.576,3.735,6.571,255,1756893509,1190360988,255,0.026995,0.024616,0.008508,46.6,6.7,0,456.0,4,2,6,2,2,2,0,0,0,4,2,0,Generic,1
2797,0.034995,udp,http,FIN,26,14,635.0,315.0,20.584,31,254,267.186,78.951,1,0,15.927,6.43,8.541,4.35,255,2030014273,3357808524,0,0.064403,0.003617,0.000684,103.2,44.8,0,320.0,3,1,2,2,3,5,0,0,0,2,3,0,Generic,1
2798,0.369992,udp,ftp,REQ,11,5,100.0,87.0,70.301,254,128,1333.711,731.92,1,1,0.544,17.411,10.809,2.301,255,947935066,266783720,255,0.103889,0.019873,0.025385,31.5,146.9,1,423.0,3,2,1,2,1,2,0,0,0,3,0,0,Normal,0
2799,0.444944,tcp,dhcp,ECO,25,7,903.0,632.0,0.352,128,128,481.708,1558.926,1,2,0.898,1.383,0.265,8.362,0,1123992878,2075529093,255,0.035747,0.012095,0.009783,143.8,185.6,0,49.0,2,4,4,1,0,1,0,1,0,3,1,0,Generic,1
2800,0.042088,icmp,dhcp,ECO,26,12,2005.0,194.0,18.443,128,31,77.826,457.718,2,0,9.946,0.559,3.483,5.734,255,1970170210,2763378290,0,0.139486,0.032113,0.001212,5.5,28.2,1,137.0,3,1,2,0,3,4,0,0,2,3,0,0,Exploits,1
2801,0.156888,udp,-,REQ,25,9,763.0,195.0,44.455,254,128,286.749,619.634,1,2,2.856,0.223,11.378,4.56,0,793550708,2919800111,255,0.045149,0.003595,0.001013,68.9,27.5,1,750.0,4,1,2,1,2,2,0,1,0,4,3,0,Worms,1
2802,0.740066,icmp,-,INT,7,7,889.0,730.0,6.041,31,62,731.392,552.839,1,0,20.982,6.77,1.937,14.143,0,4159733622,176309010,0,0.023864,0.00401,0.01796,98.6,329.8,0,18.0,6,2,3,3,2,1,0,0,0,3,2,0,Normal,0
2803,0.416387,tcp,pop3,INT,16,4,105.0,228.0,75.977,31,128,1406.548,225.114,0,2,4.899,0.269,0.164,0.103,255,3797623649,1625642210,0,0.000876,0.072526,0.018062,73.3,37.0,0,522.0,2,3,3,2,5,6,0,1,0,3,0,0,Normal,0
2804,0.231968,tcp,dhcp,REQ,33,2,2925.0,50.0,12.531,31,128,300.66,1198.339,2,0,10.583,10.765,4.391,3.108,255,2234901475,1912360766,0,0.007013,0.001524,0.028355,46.4,82.8,0,269.0,4,1,0,1,0,1,0,0,0,5,4,0,Generic,1
2805,0.118696,icmp,dns,REQ,12,1,441.0,122.0,36.437,31,254,118.445,561.276,1,3,13.188,15.486,7.194,7.613,0,3363087451,1467753949,255,0.070677,0.018168,0.006238,2.7,21.9,1,25.0,2,2,2,1,2,2,0,0,0,4,3,0,Normal,0
2806,0.437927,arp,http,CON,18,7,50.0,1158.0,87.303,254,62,552.971,622.941,2,1,1.17,8.822,0.27,8.042,0,913862878,3591326855,0,0.01449,0.018933,0.021588,40.0,56.4,0,277.0,2,7,4,1,1,4,0,0,0,2,3,0,Normal,0
2807,0.205836,arp,http,INT,16,8,966.0,711.0,22.05,254,31,198.781,2197.968,2,0,32.899,13.923,2.921,0.426,255,626692019,1940363279,0,0.018014,6.7e-05,0.056908,53.4,43.6,0,330.0,4,5,2,2,0,1,1,0,0,1,3,0,Normal,0
2808,0.30555,udp,ftp,REQ,27,11,118.0,495.0,5.259,62,31,143.784,604.551,1,2,1.663,17.507,0.086,1.389,0,630785285,562258131,255,0.074945,0.001193,0.005263,439.5,172.2,5,6.0,2,2,1,1,1,2,0,1,1,0,4,0,Exploits,1
2809,0.538825,tcp,ssh,ECO,10,1,208.0,731.0,86.503,128,31,2390.204,123.135,0,1,19.066,18.783,2.487,15.868,255,851560630,1964250492,255,0.001644,0.038148,0.028084,167.1,20.7,0,21.0,3,1,1,2,0,3,0,0,0,2,5,0,Normal,0
2810,0.962574,tcp,-,RST,12,9,167.0,157.0,32.485,254,31,7.368,523.287,3,1,6.435,14.703,3.374,8.925,0,3474788968,3836877035,0,0.107993,0.019348,0.003587,135.9,162.5,0,25.0,5,2,0,0,6,2,0,1,0,0,3,0,Normal,0
2811,1.960533,tcp,ssh,RST,11,7,153.0,112.0,48.956,31,254,819.833,2607.994,3,2,5.727,3.093,0.67,1.792,255,196838893,2239739082,255,0.040967,0.012804,0.114954,117.9,81.2,0,232.0,8,3,2,1,2,0,0,0,1,4,1,0,Normal,0
2812,0.700458,icmp,pop3,CON,37,10,1255.0,272.0,2.175,254,128,998.774,106.228,4,2,4.875,25.857,1.174,2.269,0,272182108,1708821172,0,0.061764,0.019814,0.007721,5.2,34.9,0,12.0,6,2,1,3,2,0,0,0,0,1,2,0,DoS,1
2813,0.553777,tcp,http,INT,30,10,3007.0,262.0,240.379,254,254,104.487,27.12,1,2,3.525,21.026,1.365,3.065,0,2014132676,3043806912,255,0.15536,0.007438,0.000994,139.1,24.6,1,362.0,5,3,1,1,2,1,0,0,0,3,3,0,Exploits,1
2814,1.919606,udp,dhcp,REQ,11,13,598.0,174.0,166.354,62,128,1233.579,228.524,1,3,15.438,7.625,11.924,7.133,255,465770507,2794920863,0,0.050534,0.003364,0.004108,38.8,33.5,1,48.0,3,2,1,5,0,5,0,0,0,0,3,0,Normal,0
2815,0.169646,icmp,dhcp,ECO,6,5,598.0,2.0,8.844,62,31,303.402,132.522,3,0,1.673,0.967,1.093,1.713,255,1442404538,1469436026,0,0.015613,0.03263,0.016646,2.1,200.7,0,1.0,3,3,0,1,4,4,0,0,0,1,4,0,Normal,0
2816,0.35929,arp,ftp,INT,21,9,5067.0,390.0,94.152,62,62,553.14,892.471,1,1,37.96,14.273,1.95,2.028,0,320050165,2605471677,255,0.012727,0.014726,0.011395,75.5,39.1,0,297.0,3,1,9,4,5,0,0,0,0,1,6,0,Generic,1
2817,0.320854,icmp,-,ECO,13,4,1395.0,2404.0,27.777,254,62,818.79,1428.655,0,0,9.597,31.009,0.486,11.092,0,1909644667,428740925,0,0.038044,0.11544,0.018644,79.7,62.1,0,364.0,11,2,2,1,3,4,0,0,0,3,1,0,Normal,0
2818,0.511609,tcp,ftp,RST,31,10,1321.0,142.0,9.301,31,31,1032.044,613.855,3,1,6.765,11.163,0.285,3.071,0,1308010645,1653395091,0,0.072604,0.007637,0.014327,59.1,5.9,3,364.0,2,4,3,3,3,3,0,0,0,0,1,1,Generic,1
2819,0.563641,tcp,ftp,REQ,8,8,42.0,987.0,28.005,254,254,1412.73,1368.84,2,0,5.151,16.422,11.355,7.343,0,299010309,1432779565,255,0.009986,0.004342,0.026637,124.9,48.6,0,116.0,3,0,3,1,1,3,1,0,0,0,2,1,Normal,0
2820,1.571959,ospf,ftp,RST,23,6,638.0,316.0,63.767,62,62,461.899,49.877,0,1,7.058,3.095,0.918,10.159,0,3410042123,1868337940,0,0.016196,0.026366,0.009782,65.4,4.0,0,54.0,2,2,0,2,1,1,0,0,0,4,1,0,Reconnaissance,1
2821,0.09878,tcp,dhcp,RST,18,10,214.0,90.0,25.128,31,128,147.374,1059.082,1,1,2.896,0.595,1.687,0.325,255,248423789,4245343298,255,0.333234,0.048741,0.001884,9.5,242.8,0,550.0,2,1,1,1,3,1,0,0,0,1,1,0,Normal,0
2822,0.399882,tcp,http,RST,31,7,4680.0,223.0,26.097,128,62,358.452,79.555,0,1,1.03,2.253,2.987,5.563,255,3010414938,695107614,255,0.105177,0.001143,0.002107,224.7,78.1,0,535.0,3,3,0,2,1,2,0,0,0,3,4,0,Generic,1
2823,0.233131,arp,ftp,RST,8,7,465.0,121.0,1.045,31,62,917.936,166.847,0,1,13.885,8.337,5.2,0.663,255,4006773882,1262788577,255,0.148088,0.023825,0.065375,206.9,63.2,0,148.0,6,1,2,2,3,2,0,0,0,5,4,0,Normal,0
2824,0.097487,udp,pop3,INT,29,10,3883.0,441.0,0.373,62,62,895.574,341.542,3,1,9.676,7.012,0.26,16.297,0,3854502274,4202371906,0,0.002196,0.042735,0.00823,31.3,51.8,0,89.0,3,2,3,3,2,3,0,0,0,1,3,0,Analysis,1
2825,0.082146,tcp,-,INT,33,10,999.0,131.0,27.501,128,128,420.134,157.577,1,0,9.234,14.821,2.784,0.418,255,2782593189,3693835908,0,0.053475,0.014594,0.086292,104.3,91.0,1,385.0,2,4,1,0,2,1,0,0,0,2,4,0,Backdoor,1
2826,0.189503,tcp,-,REQ,29,5,955.0,1390.0,108.18,62,254,1261.438,213.768,2,0,0.199,8.827,3.102,1.274,0,2654186253,1074687307,0,0.052799,0.025678,0.017871,222.3,40.9,1,35.0,1,0,1,4,2,0,0,0,0,1,5,0,Exploits,1
2827,0.208767,tcp,ftp,ECO,17,10,74.0,232.0,70.215,254,62,892.899,255.158,0,1,4.455,18.964,7.492,7.937,255,2998100950,1264609866,0,0.023056,0.008545,0.007073,118.9,113.8,1,61.0,1,2,4,0,2,2,0,0,0,0,6,0,Normal,0
2828,1.149551,icmp,dhcp,REQ,4,9,218.0,55.0,71.941,62,254,3103.041,1534.046,0,0,2.186,0.865,2.605,6.384,0,182090662,1735676481,255,0.000728,0.019724,0.020577,66.7,46.8,0,49.0,5,3,1,4,2,0,0,0,1,2,2,0,Normal,0
2829,0.23537,udp,pop3,ECO,33,9,1072.0,265.0,2.971,254,254,565.938,120.189,0,2,4.796,1.527,4.115,1.141,0,2578129858,2703657093,255,0.120152,0.009359,0.00891,42.9,14.6,1,197.0,4,2,1,2,1,3,0,0,0,0,3,0,Fuzzers,1
2830,0.432681,tcp,dhcp,RST,30,3,1406.0,1592.0,1.787,31,254,1180.691,894.485,2,0,44.466,1.197,0.285,8.732,255,947466043,558595323,0,0.016063,0.001616,0.017369,666.9,81.2,0,168.0,1,2,4,1,4,3,0,1,0,4,4,0,Exploits,1
2831,0.535457,tcp,pop3,INT,8,8,346.0,92.0,10.072,254,62,1148.365,1184.54,1,0,0.301,11.022,2.368,5.44,0,3782737358,381134622,255,0.025002,0.006418,0.002216,41.2,63.2,0,82.0,1,3,1,2,1,3,0,0,1,2,3,1,Normal,0
2832,0.459165,icmp,-,REQ,8,10,91.0,840.0,30.398,128,254,651.364,424.622,3,2,2.949,3.641,15.674,8.377,0,287515791,320783217,0,0.033276,0.072085,0.029199,253.8,70.8,1,24.0,2,0,3,1,1,3,0,0,1,0,7,0,Normal,0
2833,0.27475,icmp,dns,REQ,21,10,594.0,551.0,0.131,254,128,1747.8,1313.907,1,0,16.358,27.894,2.729,0.136,255,3779607555,3894445691,0,0.001003,0.01831,0.007236,182.2,114.8,1,75.0,2,1,0,4,1,2,0,0,0,1,2,0,Normal,0
2834,1.184563,tcp,smtp,ECO,38,4,3220.0,40.0,65.625,128,62,268.38,71.522,1,3,1.005,10.251,4.411,10.791,255,1144249436,99029208,255,0.01815,0.039727,0.011695,35.4,19.9,1,43.0,0,2,3,3,3,4,0,0,0,1,2,0,Fuzzers,1
2835,1.059979,udp,http,CON,26,7,1494.0,150.0,30.364,128,62,179.632,397.666,0,1,1.263,2.837,2.553,0.472,0,2982294518,3957749263,0,0.031003,0.07014,0.046077,3.7,208.6,0,17.0,5,2,2,4,1,4,0,0,2,2,2,0,Generic,1
2836,0.39669,tcp,dhcp,CON,18,8,1544.0,41.0,83.844,254,31,1256.348,635.314,0,0,11.099,42.109,2.309,2.484,255,3973965848,1770384882,0,0.004464,0.00384,0.016966,32.1,29.9,0,47.0,2,0,2,2,1,2,0,0,0,4,5,1,Generic,1
2837,0.043575,tcp,smtp,CON,37,6,3108.0,1205.0,20.683,62,62,279.447,490.701,2,0,9.872,15.244,3.443,3.786,255,1484072807,1565317840,0,0.010306,0.00638,0.057009,240.7,27.1,1,51.0,3,2,1,0,1,2,0,0,1,2,2,0,Generic,1
2838,0.285968,tcp,pop3,FIN,11,10,339.0,6.0,124.488,254,128,748.898,1623.474,2,0,27.699,4.609,12.791,3.601,0,1950314459,139595421,0,0.057133,0.004842,0.009561,21.6,108.5,0,86.0,4,5,1,2,3,3,0,0,0,2,3,0,Normal,0
2839,0.197983,tcp,ftp,RST,9,9,68.0,415.0,55.435,128,31,493.461,2171.705,1,1,3.851,0.298,2.821,9.209,0,3246965207,19532811,255,0.015742,0.019518,0.001424,114.8,261.7,0,543.0,3,1,3,2,3,3,0,0,0,2,0,0,Normal,0
2840,0.359198,tcp,ssh,ECO,9,8,227.0,653.0,119.28,128,128,365.957,721.935,1,0,1.774,29.686,5.52,2.113,0,492015494,2053044618,255,0.003934,0.017097,0.034393,200.2,119.4,1,268.0,2,3,4,1,0,0,0,0,0,1,6,0,Normal,0
2841,0.295716,tcp,-,REQ,26,7,644.0,373.0,22.036,31,31,844.147,1.059,1,0,10.845,18.231,6.211,1.888,255,794649141,2475139599,0,0.078164,0.041363,0.025999,33.8,193.8,0,312.0,5,2,3,2,1,0,0,0,0,2,2,0,Exploits,1
2842,0.376565,tcp,-,FIN,8,7,120.0,44.0,133.966,62,62,54.147,1540.609,1,1,0.31,0.134,3.355,1.909,0,2298348478,2871862615,255,0.010493,0.014786,0.012936,87.7,43.3,0,155.0,4,0,3,1,3,0,0,0,0,4,2,0,Normal,0
2843,0.518584,tcp,ssh,INT,4,14,408.0,57.0,23.707,31,31,169.764,452.15,3,0,11.268,17.22,4.035,3.681,0,4191202433,3755640337,255,0.006004,0.003659,0.002572,0.1,7.2,3,581.0,5,5,2,0,0,1,0,0,0,3,1,0,Normal,0
2844,0.558157,tcp,-,ECO,6,14,1233.0,189.0,61.821,31,254,118.286,513.389,1,2,2.701,22.128,11.385,2.5,255,1871496421,1138577653,255,0.106573,0.003018,0.024325,229.5,126.2,0,835.0,3,2,2,4,2,1,0,0,0,2,5,0,Normal,0
2845,0.530215,udp,ftp,FIN,7,4,117.0,425.0,143.955,62,254,928.808,526.61,0,1,21.028,5.761,9.488,0.039,0,2601740100,1462096154,0,0.161614,0.042743,5.2e-05,258.0,102.4,0,26.0,2,3,2,4,0,2,0,0,0,1,2,0,Normal,0
2846,0.666448,tcp,pop3,REQ,35,6,535.0,60.0,14.226,128,254,1608.618,1696.269,1,0,2.306,18.519,10.404,2.215,255,4176572742,311354765,255,0.008684,0.027988,0.036935,144.2,167.7,2,37.0,2,2,2,0,2,0,0,0,1,3,6,0,Generic,1
2847,0.795011,tcp,dns,INT,11,9,224.0,261.0,11.431,128,254,1508.197,163.936,3,1,0.684,0.509,4.035,0.179,0,529670534,1646416423,255,0.054796,0.012508,0.030963,112.6,17.3,1,72.0,1,5,1,2,3,2,0,0,0,0,3,0,Normal,0
2848,0.280745,ospf,dns,ECO,6,13,441.0,149.0,6.266,254,128,370.414,1399.201,0,0,0.067,1.46,8.966,9.753,0,3455917883,2435607077,0,0.026168,0.006426,0.021552,283.7,89.2,1,566.0,3,2,1,4,2,1,0,0,1,1,3,0,Normal,0
2849,1.357417,tcp,ftp,REQ,29,6,2466.0,130.0,58.269,128,254,360.767,375.381,0,2,21.945,1.327,6.719,12.696,0,810733648,4202947259,255,0.001197,0.002705,0.013266,41.5,69.1,0,119.0,3,3,1,1,1,4,0,0,0,4,4,0,Exploits,1
2850,1.620885,icmp,ssh,REQ,11,5,82.0,1932.0,9.554,254,128,2018.047,845.413,1,0,18.688,4.575,9.486,2.136,0,2770286141,3206451515,0,0.133509,0.011796,0.011735,180.3,31.1,1,128.0,2,2,3,4,1,1,0,0,0,1,3,0,Normal,0
2851,0.174053,udp,dhcp,RST,8,10,310.0,1102.0,64.803,128,128,14.556,1587.409,1,0,27.463,12.094,6.446,13.393,0,1710662690,1857202875,255,0.026051,0.022932,0.009385,30.0,34.2,0,16.0,5,1,0,6,4,1,0,0,0,2,5,0,Normal,0
2852,1.153071,udp,ssh,RST,10,4,113.0,64.0,77.897,128,128,1091.142,610.979,0,3,8.766,1.048,4.247,1.105,0,4096771060,2413290442,0,0.046785,0.20842,0.001676,23.8,132.4,0,45.0,5,3,6,2,4,6,0,0,0,0,4,0,Normal,0
2853,0.529547,tcp,ftp,REQ,32,7,2090.0,426.0,3.522,62,31,2997.083,444.457,0,0,23.308,40.943,5.676,9.123,255,1691157523,3275150679,255,0.032434,0.042292,0.04223,157.0,99.5,0,78.0,3,0,1,1,5,2,0,0,0,1,5,0,Fuzzers,1
2854,0.46515,tcp,dns,RST,12,10,273.0,37.0,159.506,31,128,184.749,134.122,1,0,3.327,2.047,1.42,5.547,0,1128548326,188162291,0,0.007547,0.010471,0.019349,202.3,135.7,0,2.0,2,0,4,2,2,0,0,1,3,3,0,0,Normal,0
2855,0.100781,udp,-,RST,27,10,1325.0,104.0,2.305,62,254,14.394,82.997,0,1,1.392,44.114,1.245,4.615,255,3974517802,624185740,255,0.032388,0.007765,0.001662,483.5,66.6,0,230.0,3,3,2,1,3,2,0,0,0,6,2,0,Exploits,1
2856,0.452526,udp,http,REQ,27,5,3426.0,423.0,3.115,62,128,530.147,14.99,0,2,3.226,10.83,0.728,1.825,0,1668736776,3570402076,255,0.018017,0.044121,0.034171,8.1,22.3,1,337.0,2,2,5,4,1,1,0,0,0,1,2,0,Reconnaissance,1
2857,0.282334,tcp,ftp,RST,30,4,1140.0,600.0,12.632,62,254,2274.415,397.317,1,0,33.199,2.86,1.25,1.843,255,3294104508,3219977407,255,0.021119,0.002182,0.091134,27.6,129.4,2,103.0,2,1,1,1,1,1,0,1,0,2,2,0,Generic,1
2858,2.673799,udp,dns,INT,6,4,1723.0,380.0,74.262,128,62,871.25,1024.515,0,2,8.665,7.118,1.309,2.363,0,2247086584,1698564690,255,0.005242,0.009859,0.018552,18.0,18.0,0,240.0,1,1,2,1,5,3,0,0,0,1,1,0,Normal,0
2859,0.844749,tcp,dhcp,INT,30,9,562.0,155.0,42.391,128,62,271.656,1032.643,1,1,0.074,5.648,10.671,11.373,0,3563747496,4229627018,0,0.032463,0.064358,0.017205,51.7,73.6,0,192.0,2,1,1,1,2,1,0,0,1,5,2,0,Exploits,1
2860,0.393602,icmp,pop3,FIN,12,2,74.0,157.0,93.42,31,62,134.386,2545.579,2,0,6.87,32.857,1.345,0.017,255,3946681091,307129344,0,0.082689,0.009594,0.003193,95.9,143.9,0,91.0,2,4,4,2,2,3,0,0,0,3,3,0,Normal,0
2861,0.84168,udp,-,RST,10,10,545.0,502.0,2.818,62,31,1864.113,29.431,0,0,17.146,1.457,2.564,11.851,255,695004884,1291798798,0,0.093665,0.02958,0.032691,102.5,50.5,1,298.0,2,0,1,1,3,1,0,0,2,4,3,0,Normal,0
2862,0.316067,tcp,ftp,CON,11,6,1073.0,234.0,46.319,254,128,174.642,1995.397,0,1,1.012,0.281,4.096,3.509,255,110242742,3477589788,0,0.058428,0.001959,0.012318,132.1,97.3,2,167.0,3,3,1,2,1,1,0,0,0,2,4,0,Normal,0
2863,0.045548,icmp,-,RST,8,4,1255.0,10.0,20.628,254,31,106.564,314.833,2,1,12.799,4.435,0.522,1.595,0,1870004027,109536657,0,0.069745,0.000753,0.003649,4.0,16.4,0,531.0,3,2,1,3,4,4,0,1,0,3,2,0,Normal,0
2864,1.20516,arp,-,ECO,15,5,344.0,887.0,70.057,254,128,5526.654,1700.351,1,2,1.627,0.913,2.372,4.385,0,4193277553,3820358886,255,0.051537,0.035382,0.03579,473.2,109.2,0,215.0,3,1,1,3,3,1,0,0,0,4,5,0,Normal,0
2865,0.449196,udp,ftp,ECO,11,8,1449.0,197.0,22.259,62,31,147.364,1617.388,0,1,1.833,9.628,2.758,1.434,255,838538043,1604124503,255,0.02956,0.005969,0.029381,63.4,14.8,2,106.0,1,1,4,2,5,1,0,0,0,3,1,0,Normal,0
2866,0.198262,tcp,dhcp,CON,9,5,314.0,619.0,57.915,128,62,382.345,851.889,2,3,30.002,0.193,2.676,4.96,255,2871595091,2857554765,0,0.007867,0.069248,0.001977,200.9,17.8,0,42.0,3,1,2,2,4,0,0,0,0,2,9,0,Normal,0
2867,0.612938,udp,http,REQ,6,10,1559.0,532.0,4.671,31,31,4713.978,3030.555,1,0,6.759,6.096,2.583,0.227,0,191501338,2442612458,255,0.056822,0.011953,0.053777,230.5,65.1,0,462.0,2,2,2,0,2,1,0,0,0,0,3,0,Normal,0
2868,1.047118,udp,ssh,RST,25,5,3737.0,1750.0,4.238,128,31,562.387,545.222,0,4,0.041,9.788,12.708,4.451,0,2545666675,4194640187,255,0.074033,0.008608,0.008703,75.5,5.5,1,18.0,3,0,3,4,5,1,0,1,0,3,6,0,Generic,1
2869,0.770675,tcp,dns,REQ,28,7,454.0,26.0,19.642,62,62,939.13,257.898,2,2,12.102,8.218,0.112,3.216,255,3258791983,2854764033,0,0.06132,0.024496,0.005083,404.3,29.8,1,191.0,0,2,1,3,3,2,1,0,0,3,0,0,Reconnaissance,1
2870,0.273432,icmp,smtp,REQ,9,12,426.0,115.0,34.924,254,254,1585.465,62.435,0,1,3.736,2.26,0.6,5.036,0,843258322,1917197172,255,0.095064,0.014399,0.002585,71.0,119.8,0,379.0,2,1,2,0,3,1,0,0,0,1,2,0,Normal,0
2871,0.048087,tcp,pop3,INT,28,1,1252.0,230.0,60.596,62,62,254.073,1898.578,1,0,13.983,0.433,1.898,2.446,0,3654632812,2703314600,0,0.077766,0.015904,0.004934,325.0,3.9,0,48.0,2,1,4,3,3,3,0,1,0,0,2,0,Generic,1
2872,1.02665,icmp,pop3,CON,13,8,493.0,255.0,37.625,254,254,399.573,1302.723,0,0,17.955,44.202,2.735,8.002,255,1999515493,3977826775,255,0.029482,0.00554,0.003161,19.5,4.5,0,113.0,4,3,2,0,2,2,0,0,0,1,1,0,Normal,0
2873,0.341942,udp,pop3,REQ,10,11,321.0,141.0,128.423,128,31,931.956,373.898,0,3,6.876,13.193,6.126,5.01,255,4207992620,1724584338,0,0.025919,0.016333,0.015853,165.1,181.4,0,216.0,2,7,2,4,1,3,0,0,0,0,1,0,Normal,0
2874,0.017731,tcp,dns,ECO,5,11,54.0,37.0,35.526,254,62,2632.42,225.378,3,1,25.127,17.547,2.177,0.148,255,1103089591,876624041,255,0.001572,0.057145,0.025394,43.6,85.8,0,69.0,0,2,3,2,3,3,0,1,0,1,1,1,Normal,0
2875,0.095937,arp,-,CON,8,4,395.0,523.0,32.744,31,128,1133.011,136.501,1,0,27.346,0.037,0.711,1.486,255,2776648177,2639552893,0,0.017119,0.012155,0.001534,38.4,7.9,1,43.0,5,4,3,1,0,5,0,0,1,1,0,0,Normal,0
2876,0.02681,tcp,dhcp,FIN,9,9,267.0,389.0,10.452,254,128,904.175,1797.288,0,1,4.456,0.927,5.851,2.706,0,2227393770,2790847176,0,0.077792,0.00442,0.005578,113.3,37.6,1,126.0,3,1,2,2,0,1,0,0,1,1,3,0,Normal,0
2877,0.580593,tcp,dhcp,FIN,8,7,169.0,469.0,3.846,31,128,1600.653,209.269,4,2,5.892,0.67,2.763,1.677,0,1810627526,2777689330,255,0.029552,0.014022,0.034347,82.5,115.1,1,86.0,7,0,3,1,1,1,0,0,0,4,5,0,Normal,0
2878,1.115586,tcp,pop3,REQ,10,8,72.0,64.0,126.76,254,31,4936.031,138.442,1,2,0.162,8.406,3.301,2.791,255,3167172521,1482375259,0,0.013313,0.01657,0.00237,82.9,237.2,0,39.0,3,2,2,4,1,2,0,0,0,4,1,0,Normal,0
2879,0.66007,tcp,dns,CON,14,9,367.0,669.0,121.513,31,128,197.974,267.345,0,1,3.101,30.2,3.98,3.497,255,250889362,44334941,0,0.0274,0.027954,0.015552,92.5,72.5,0,28.0,2,2,3,1,2,1,0,0,0,1,9,0,Normal,0
2880,0.112872,udp,ftp,INT,12,4,8.0,245.0,8.036,128,128,111.566,579.889,0,3,0.447,0.012,0.543,3.523,255,3721009829,25536786,255,0.034357,0.017058,0.029559,2.3,131.7,1,22.0,4,1,3,1,1,3,0,0,0,2,5,0,Normal,0
2881,1.338542,tcp,http,ECO,8,13,79.0,310.0,167.346,62,128,111.032,427.496,0,2,14.997,23.623,5.276,0.342,255,4292335469,3457588855,255,0.037248,0.010565,0.04821,139.2,184.7,1,143.0,2,0,3,5,4,0,0,0,0,2,2,0,Normal,0
2882,0.101751,icmp,ftp,FIN,10,6,761.0,156.0,208.793,254,62,661.632,9.204,0,1,2.797,15.248,0.897,11.618,255,1749752920,1868352453,255,0.150864,0.023111,0.035014,59.6,41.8,0,789.0,3,2,3,1,3,2,0,0,1,3,4,0,Normal,0
2883,0.959807,arp,ftp,CON,9,8,47.0,165.0,6.062,62,62,455.328,1745.416,0,5,6.118,9.531,0.498,6.129,255,1564426168,3203048354,0,0.091723,0.00252,0.006109,35.9,408.9,0,103.0,3,4,3,3,2,2,0,0,1,4,4,0,Normal,0
2884,0.431113,udp,ftp,CON,9,6,225.0,44.0,138.019,254,254,709.343,489.677,2,1,2.552,3.717,8.336,6.425,255,220057760,1973919605,0,0.092832,0.005821,0.048051,147.3,171.9,1,274.0,2,1,2,1,1,2,0,0,0,1,6,1,Normal,0
2885,0.001741,tcp,dhcp,INT,6,9,36.0,69.0,15.833,128,31,884.062,2244.16,0,1,0.678,20.912,4.662,4.981,255,1549961696,3812950079,0,0.112379,0.00431,0.040428,118.7,24.8,0,116.0,2,1,4,2,2,0,0,0,0,1,3,0,Normal,0
2886,0.116343,udp,ssh,RST,13,9,443.0,171.0,2.806,128,62,1006.826,443.641,1,2,4.086,0.895,1.404,5.913,255,2694907167,7244102,0,0.065645,0.028497,0.008256,44.9,16.8,0,332.0,3,3,0,0,6,2,0,0,0,2,2,0,Normal,0
2887,0.057342,tcp,http,CON,11,11,579.0,516.0,27.712,128,128,203.701,3609.56,3,2,10.127,20.218,18.185,0.013,0,2486513946,1395778550,0,0.110191,0.001233,0.020651,151.4,72.1,0,99.0,3,2,2,0,0,2,0,0,1,2,1,0,Normal,0
2888,0.43621,udp,ssh,FIN,28,14,706.0,277.0,15.389,254,62,1423.511,2178.64,1,2,10.054,22.847,8.884,4.321,0,1392841070,3589508231,0,0.155365,0.009062,0.025628,135.5,31.1,0,317.0,4,1,5,3,1,0,0,0,0,1,5,1,Analysis,1
2889,0.734981,tcp,ssh,FIN,10,10,11.0,58.0,16.145,128,254,1795.068,813.117,1,1,4.859,5.545,5.951,15.21,255,3255217278,478466490,0,0.078232,0.027452,0.048374,15.8,8.7,2,64.0,1,2,3,2,3,1,0,1,1,1,2,1,Normal,0
2890,0.56387,icmp,smtp,RST,10,10,302.0,118.0,72.079,254,31,2193.469,593.963,1,0,0.758,8.777,1.088,6.268,255,3692357792,2823562501,255,0.143104,0.002631,0.004452,32.9,24.1,0,116.0,4,0,5,4,3,0,0,0,0,3,2,0,Normal,0
2891,1.046175,tcp,dhcp,FIN,11,7,694.0,110.0,2.736,254,62,741.78,110.814,2,1,6.521,0.555,14.257,1.516,255,4121420965,4024908642,0,0.001665,0.002847,0.029814,325.4,100.4,0,54.0,3,1,0,4,3,2,0,0,1,1,2,0,Normal,0
2892,0.538398,tcp,dhcp,REQ,31,8,2268.0,653.0,103.69,31,128,75.61,1769.549,1,2,0.052,3.859,2.369,6.227,255,2487658192,11095759,255,0.0909,0.00915,0.02155,201.4,77.8,0,404.0,3,3,3,2,0,2,0,0,0,1,1,0,Backdoor,1
2893,0.100141,ospf,dns,REQ,26,5,5794.0,1414.0,19.944,31,31,156.164,611.029,0,4,5.068,19.281,1.649,8.887,0,635763988,2669515942,0,0.020663,0.004224,0.033109,11.5,135.0,0,348.0,2,2,1,1,2,1,0,0,0,3,3,0,Generic,1
2894,0.649513,tcp,dns,FIN,37,5,1499.0,89.0,25.805,62,62,868.68,632.819,0,0,24.774,7.126,14.336,2.322,0,2171496408,297760755,255,0.005247,0.051252,0.003061,38.6,78.3,1,110.0,3,1,1,0,2,3,0,0,0,1,2,0,Generic,1
2895,0.461068,icmp,http,REQ,18,9,4459.0,6.0,136.716,31,31,2818.051,730.544,1,0,6.162,0.589,1.461,8.509,255,3263394360,726786381,255,0.032962,0.052912,0.046575,318.9,145.9,0,24.0,1,3,4,1,1,1,1,0,0,1,2,0,Shellcode,1
2896,0.3246,icmp,pop3,CON,12,8,347.0,333.0,214.257,62,128,2851.835,3630.119,2,1,16.153,0.381,6.759,3.76,0,466798712,76718619,0,0.015363,0.00485,0.033141,115.9,79.3,1,197.0,3,2,4,2,0,4,0,0,0,3,2,0,Normal,0
2897,0.983364,tcp,dhcp,REQ,36,10,815.0,526.0,29.853,128,62,3762.082,1198.042,0,0,13.866,2.391,5.585,0.382,0,2535584773,1485078894,0,0.013346,0.036042,0.014949,117.8,237.4,0,537.0,1,1,2,1,2,3,0,0,0,2,2,0,Backdoor,1
2898,2.226337,tcp,ssh,FIN,8,7,17.0,17.0,15.297,62,128,31.58,32.147,1,1,28.639,2.375,1.124,1.096,0,2706531455,569243049,255,0.036184,0.042384,0.004803,59.7,194.5,0,189.0,2,1,1,2,1,1,0,0,1,1,3,0,Normal,0
2899,0.242446,tcp,http,RST,28,9,1616.0,1061.0,35.738,31,254,847.507,916.903,1,0,8.967,5.865,4.586,1.642,255,3319641580,4210220991,0,0.040202,0.004081,0.013362,210.4,133.5,1,327.0,7,2,1,2,3,4,0,0,0,3,0,0,Generic,1
2900,0.363112,udp,smtp,RST,9,7,1351.0,1039.0,33.108,31,254,183.244,571.241,0,1,7.563,1.335,1.362,16.005,0,343177396,787274402,255,0.009851,0.030454,0.004011,42.6,13.6,1,30.0,2,2,1,2,2,0,0,1,0,1,5,0,Normal,0
2901,0.508573,arp,pop3,FIN,14,4,11.0,149.0,10.463,128,254,52.198,81.683,1,1,1.868,1.531,2.633,2.763,0,2141768714,2101843741,0,0.043793,0.055724,0.030085,92.7,87.6,1,43.0,4,3,2,1,2,1,0,0,0,2,2,0,Normal,0
2902,0.687123,tcp,-,REQ,41,6,2980.0,395.0,8.157,254,128,97.844,1104.626,1,0,2.168,5.298,3.695,8.092,255,3233412497,1181258709,255,0.152734,0.020011,0.006393,130.1,29.7,1,74.0,3,4,2,3,2,2,0,0,0,3,4,0,Reconnaissance,1
2903,0.652713,udp,smtp,REQ,11,11,873.0,237.0,29.797,254,62,760.648,700.732,1,0,2.389,2.3,1.654,13.821,0,4176465759,3968011953,255,0.021118,0.001279,0.002022,173.7,16.2,0,64.0,3,4,1,3,2,1,0,0,1,1,3,0,Normal,0
2904,0.046678,tcp,ssh,FIN,29,8,4189.0,479.0,59.327,128,128,1362.412,983.826,1,1,9.65,11.977,5.994,1.58,255,2376250795,1282233278,255,0.020724,0.015693,0.036888,40.5,355.9,1,9.0,2,2,4,4,1,4,0,0,0,3,4,0,Worms,1
2905,0.00022,udp,smtp,RST,12,9,448.0,140.0,39.037,254,62,49.85,302.724,0,1,13.537,6.143,9.811,6.383,0,2262779198,2130445307,0,0.103596,0.03215,0.017291,128.1,95.0,0,37.0,4,3,1,5,3,1,0,1,2,2,3,0,Normal,0
2906,0.496514,udp,ssh,REQ,34,7,4740.0,135.0,56.109,62,128,571.101,977.302,1,0,25.201,18.527,2.959,9.481,255,3045644579,2046318131,255,0.013456,0.017635,0.014234,48.5,256.5,1,359.0,5,3,2,1,3,4,0,1,0,0,5,0,Generic,1
2907,0.080033,icmp,dhcp,CON,34,9,797.0,4.0,72.978,31,31,134.836,103.31,0,1,33.86,2.559,6.757,2.717,255,1468299898,16828462,255,0.00518,0.017959,0.01731,84.5,22.2,2,421.0,3,1,3,1,2,2,0,0,0,1,4,0,Analysis,1
2908,0.209734,tcp,-,INT,11,7,148.0,369.0,98.291,128,62,1760.687,852.693,0,2,7.423,3.1,3.481,1.12,0,742846243,2085480542,255,0.002176,0.075973,0.030169,82.6,16.3,1,99.0,4,1,4,1,3,3,0,0,0,2,2,0,Normal,0
2909,0.445413,tcp,smtp,RST,25,8,4718.0,165.0,8.199,128,128,164.087,1387.409,2,0,22.482,8.746,4.005,10.702,0,1728907485,2111992093,255,0.005153,0.037264,0.025064,42.5,8.0,2,549.0,1,2,0,0,4,1,0,0,0,5,0,0,Reconnaissance,1
2910,0.078158,tcp,pop3,REQ,30,9,2057.0,168.0,46.266,128,31,600.024,2403.797,1,0,5.222,13.208,1.589,11.417,0,3692353363,4008672134,0,0.009825,0.002686,0.031324,63.7,46.9,0,444.0,3,4,2,5,1,1,0,0,0,2,1,0,Generic,1
2911,0.844984,tcp,pop3,RST,32,10,1366.0,545.0,18.451,31,62,415.906,1094.406,1,0,4.881,8.891,3.406,9.604,255,3718361047,3225499421,255,0.09521,0.008838,0.003484,2.0,11.0,0,144.0,4,2,2,1,2,1,0,0,0,2,1,0,Exploits,1
2912,0.427186,tcp,dns,FIN,11,10,3.0,206.0,58.71,254,31,1551.408,461.133,1,1,0.331,2.357,4.985,2.817,255,2866735286,658215648,255,0.029598,0.01643,0.000531,96.2,16.2,0,119.0,2,4,5,1,3,4,1,1,1,1,3,1,Normal,0
2913,0.032176,icmp,dhcp,RST,7,3,166.0,764.0,41.573,254,128,548.5,1912.95,2,0,15.177,4.73,9.754,6.606,0,2985277011,1999015379,255,0.097814,0.020848,0.018715,184.6,10.5,1,14.0,4,4,0,2,1,3,0,1,0,0,6,0,Normal,0
2914,0.007694,tcp,ftp,FIN,32,8,2501.0,177.0,203.653,128,128,122.026,311.016,1,1,15.367,13.085,6.422,6.215,0,1713588888,3326784898,0,0.005797,0.033871,0.002758,12.3,115.9,0,34.0,4,2,1,4,2,2,0,1,0,0,1,0,Generic,1
2915,0.171251,tcp,dns,REQ,11,13,443.0,41.0,96.935,62,254,225.702,1016.565,0,0,12.091,2.629,3.074,1.639,255,3968592068,3886959893,255,0.043746,0.014182,0.0473,244.0,28.0,0,424.0,3,1,7,2,2,1,0,0,0,2,4,0,Normal,0
2916,0.198161,udp,pop3,INT,10,7,207.0,238.0,36.517,254,31,129.477,402.301,0,0,5.414,2.969,1.522,0.718,255,558282171,2631534626,255,0.223878,0.038676,0.033654,48.6,5.5,0,83.0,2,2,3,2,2,0,0,0,0,3,3,0,Normal,0
2917,0.447088,tcp,dns,FIN,11,8,590.0,178.0,30.095,254,31,745.488,191.145,3,1,0.031,11.318,15.304,1.462,0,918433981,3424348557,0,0.045373,0.001938,0.004027,116.7,13.1,0,604.0,2,1,4,5,0,2,0,0,1,6,3,0,Normal,0
2918,0.083898,tcp,ftp,RST,48,12,679.0,668.0,32.446,254,128,514.376,344.129,0,0,5.232,8.417,0.637,8.238,0,2130574363,2550951882,0,0.076679,0.009479,0.002941,30.8,12.7,0,36.0,4,3,0,3,1,3,0,0,1,1,4,0,DoS,1
2919,0.394889,icmp,smtp,REQ,11,6,269.0,100.0,5.931,62,128,376.379,448.236,2,1,1.615,25.106,3.907,2.486,255,1569047442,3006082974,0,0.089704,0.003094,0.000924,154.8,95.6,0,0.0,3,1,1,1,3,3,0,0,0,6,3,0,Normal,0
2920,0.371949,tcp,smtp,REQ,40,4,1016.0,1306.0,11.997,254,128,292.276,971.418,0,0,15.834,5.38,12.405,9.092,255,678160952,4036024999,255,0.072915,0.016668,0.007731,204.9,56.2,0,34.0,4,0,6,1,3,0,0,0,1,2,2,0,Exploits,1
2921,0.317004,tcp,dhcp,INT,35,8,408.0,330.0,23.838,254,254,132.74,220.421,0,1,46.093,15.124,0.966,6.967,0,404864704,2916666202,0,0.022122,0.002743,0.000251,152.0,17.8,1,236.0,2,2,1,2,2,1,0,0,0,3,5,0,Worms,1
2922,1.326588,tcp,smtp,CON,7,7,81.0,76.0,2.624,128,254,873.49,7.188,2,0,6.923,13.075,2.505,0.46,0,2598258889,4224913894,255,0.000603,0.031338,0.01801,45.2,19.6,0,307.0,1,1,1,1,5,4,0,0,0,0,1,0,Normal,0
2923,0.393559,tcp,http,REQ,13,8,52.0,66.0,12.735,31,128,503.054,90.964,1,1,4.13,1.252,1.658,1.795,255,3400247257,3845941271,0,0.02295,0.005084,0.003458,282.5,73.8,1,436.0,2,2,4,2,1,1,0,1,0,2,2,0,Normal,0
2924,0.000891,tcp,-,CON,38,12,419.0,2.0,99.634,62,128,69.294,85.3,2,0,13.275,3.877,5.772,0.581,255,1500672710,3659074731,255,0.001176,0.024415,0.013308,321.3,13.8,1,496.0,3,0,4,0,5,1,0,0,1,3,2,0,Generic,1
2925,0.467489,tcp,dhcp,RST,11,9,613.0,44.0,24.951,31,128,839.575,2378.958,1,0,3.513,8.288,4.429,0.452,255,2778664864,1190655171,0,0.009076,0.006719,0.012506,0.6,20.9,0,195.0,3,2,0,4,1,1,0,1,2,2,2,0,Normal,0
2926,0.057394,tcp,dns,RST,38,6,7236.0,116.0,71.159,62,31,774.8,315.113,0,2,20.307,6.474,1.268,0.441,0,3951622647,2529193302,0,0.024896,0.030008,0.016881,26.1,1.4,0,6.0,3,1,2,2,1,2,0,0,0,0,7,0,Generic,1
2927,0.209742,icmp,http,ECO,34,4,2060.0,1617.0,9.952,31,31,62.854,1948.518,0,2,6.816,2.905,11.489,0.254,0,502266455,3386892120,0,0.014039,0.052606,0.041318,277.4,207.1,0,40.0,2,3,2,1,2,0,0,0,0,3,2,0,Generic,1
2928,0.251137,tcp,http,FIN,36,8,1216.0,241.0,22.38,128,128,1704.658,477.456,0,1,15.792,5.742,2.875,3.851,0,4119429881,1248184135,0,0.008071,0.020972,0.001162,16.7,12.6,0,97.0,1,2,2,4,6,3,0,0,0,1,5,1,Generic,1
2929,0.239778,tcp,-,REQ,9,9,517.0,49.0,9.229,31,254,5010.008,259.708,0,0,1.292,14.176,17.496,1.385,255,2134770132,1769933070,255,0.021139,0.0425,0.003896,6.5,38.1,0,83.0,6,2,3,1,2,4,0,0,0,4,3,0,Normal,0
2930,0.12202,tcp,http,REQ,27,10,2011.0,373.0,67.252,128,62,609.612,2343.111,2,1,1.432,4.47,1.713,3.965,0,508270769,3721359058,255,0.015036,0.039059,0.010334,149.5,90.8,0,44.0,5,2,2,0,3,1,0,0,0,0,5,0,Exploits,1
2931,0.70945,arp,pop3,ECO,35,13,3103.0,438.0,4.731,254,254,426.79,399.824,0,2,2.971,21.117,4.76,5.073,255,1401185218,3064980743,255,0.03827,0.003093,0.025622,45.3,8.6,0,83.0,2,2,2,2,1,0,0,0,1,2,1,0,Generic,1
2932,0.435513,tcp,ssh,INT,7,9,272.0,185.0,67.663,128,128,583.794,268.941,0,1,5.724,1.682,0.285,7.228,255,1147525890,695367167,255,0.022553,0.004197,0.013933,10.2,502.3,0,760.0,2,2,3,1,2,1,0,0,0,1,6,0,Normal,0
2933,0.286749,icmp,smtp,ECO,27,8,1442.0,241.0,9.026,31,62,1791.591,414.207,1,0,3.051,9.624,5.883,15.394,255,2211872636,798335896,0,0.126588,0.007784,0.018491,103.6,28.4,0,198.0,2,4,4,4,1,2,0,0,0,0,2,0,Generic,1
2934,1.044416,tcp,-,CON,22,9,271.0,127.0,74.22,128,128,1588.982,2442.206,1,1,5.684,2.104,16.948,1.263,255,1029570458,1433214648,0,0.004238,0.022102,0.033108,120.6,262.1,1,30.0,2,1,3,5,1,2,0,0,0,2,4,0,DoS,1
2935,0.382299,arp,ssh,ECO,29,4,2274.0,890.0,2.286,31,254,61.947,584.378,0,0,29.016,3.548,0.153,7.701,0,2460519280,875706525,0,0.089891,0.009428,0.019802,286.2,67.5,0,527.0,3,2,3,5,1,4,0,0,0,2,7,0,Generic,1
2936,0.370917,tcp,dhcp,REQ,20,9,583.0,106.0,58.119,254,128,634.734,339.974,1,0,16.852,11.428,2.996,2.441,255,3737679558,3866482521,0,0.177156,0.000797,0.001974,44.0,49.2,0,82.0,2,4,2,4,2,2,0,1,0,2,1,0,Normal,0
2937,0.198172,tcp,dhcp,ECO,19,3,1303.0,200.0,0.372,31,254,20.432,140.849,1,0,11.419,3.701,4.592,14.336,0,387710108,1475427135,255,0.027092,0.00323,0.002314,179.7,67.8,1,477.0,4,3,2,3,1,3,0,0,0,0,2,0,Normal,0
2938,0.415616,tcp,dns,CON,13,10,4.0,136.0,86.142,62,128,1281.032,4512.729,0,1,5.463,2.569,11.261,6.83,0,1602659677,68633213,0,0.128194,0.004012,0.022838,370.3,129.1,0,66.0,4,3,2,3,1,5,0,0,0,1,5,0,Normal,0
2939,0.18603,tcp,smtp,CON,7,5,856.0,10.0,269.318,128,128,292.818,1652.769,0,1,5.948,12.794,6.711,13.429,255,2581697123,2129515472,255,0.015617,0.005255,0.002468,148.4,144.5,1,103.0,4,3,3,2,2,3,0,1,0,3,2,1,Normal,0
2940,0.530233,udp,ftp,REQ,16,6,1250.0,1076.0,61.651,254,254,1265.572,1872.623,1,0,0.883,16.558,3.415,6.808,255,1471933117,528015174,255,0.305467,0.035473,0.025647,67.1,28.5,0,2.0,5,0,2,1,2,1,0,0,0,3,3,0,Normal,0
2941,0.231315,udp,dhcp,REQ,28,7,2027.0,184.0,50.361,254,62,1137.556,51.426,1,2,1.612,17.77,2.031,6.462,0,2139664387,1504323603,255,0.141317,0.024166,0.007799,280.8,174.3,2,654.0,4,1,1,3,2,1,0,0,0,1,2,0,Shellcode,1
2942,0.307997,udp,dhcp,FIN,9,8,534.0,93.0,27.673,31,254,694.254,45.531,2,1,3.534,4.398,5.503,2.176,255,3994321804,967792388,0,0.031037,0.016196,0.068401,0.3,87.1,0,27.0,3,3,4,3,3,3,0,0,0,3,4,0,Normal,0
2943,0.712225,tcp,http,REQ,26,5,2462.0,224.0,0.845,62,31,884.947,215.492,1,0,7.628,4.244,0.174,1.749,255,3688015493,2991211941,0,0.034785,0.012422,0.023612,4.6,72.0,0,65.0,6,1,1,4,0,3,0,0,0,0,2,0,Fuzzers,1
2944,0.023524,udp,dns,INT,9,9,142.0,319.0,91.933,128,128,1028.047,811.661,0,1,0.886,7.15,2.424,19.375,0,430959374,4158732792,255,0.075977,0.016164,0.013605,37.6,77.3,0,5.0,3,1,2,1,2,1,0,0,0,2,2,0,Normal,0
2945,0.120674,tcp,http,FIN,10,8,356.0,116.0,112.761,31,254,99.628,174.776,1,2,0.743,4.911,0.549,1.621,255,1774766721,2848104295,0,0.168888,0.006655,0.016715,151.0,106.0,0,19.0,3,2,4,2,2,4,0,1,0,2,1,0,Normal,0
2946,0.480737,ospf,smtp,REQ,13,6,197.0,463.0,32.501,128,31,1162.139,1312.296,1,0,11.296,2.223,9.047,13.237,0,3388545670,2778800039,0,0.090898,0.007408,0.008884,63.2,62.8,1,33.0,4,0,3,0,2,2,0,0,0,2,9,0,Normal,0
2947,0.075518,udp,ftp,RST,10,15,508.0,621.0,57.26,128,62,742.679,4528.617,0,3,4.108,0.66,14.56,0.718,0,4149694029,2768601438,255,0.034946,0.022116,0.014554,36.8,99.8,0,395.0,6,1,2,1,2,4,0,0,0,5,2,0,Normal,0
2948,0.375866,tcp,ssh,FIN,37,4,4239.0,522.0,6.286,31,31,67.352,311.813,2,0,18.437,26.12,6.838,15.01,255,3655027715,2850130475,0,0.078845,0.013156,0.025714,88.2,19.5,2,118.0,3,1,0,1,0,0,0,0,1,1,2,0,Fuzzers,1
2949,0.668284,icmp,dhcp,ECO,30,14,1147.0,437.0,34.036,128,128,2837.397,1013.177,1,1,11.132,0.977,3.857,10.653,255,1725644896,2573301823,255,0.208362,0.024328,0.002409,9.9,3.8,0,129.0,3,2,0,4,0,3,0,1,0,3,1,0,Analysis,1
2950,0.10781,tcp,pop3,REQ,32,8,3671.0,85.0,8.652,128,62,604.528,206.473,1,1,8.301,12.014,0.268,0.291,0,1725524753,3554101029,0,0.082264,0.025589,0.032988,61.8,366.8,1,147.0,4,3,3,1,2,1,0,0,0,2,4,0,DoS,1
2951,0.079577,tcp,http,CON,22,5,407.0,317.0,15.953,31,31,1078.886,360.657,0,2,15.741,8.856,3.425,13.522,0,1687725357,3276729197,0,0.006439,0.037849,0.005583,42.9,219.5,0,77.0,3,1,1,3,1,5,0,0,0,3,9,0,Normal,0
2952,0.479554,tcp,http,RST,36,8,885.0,137.0,35.224,128,254,7914.699,642.838,0,1,2.218,0.754,5.686,4.607,255,225175222,3956063292,255,0.008797,0.028615,0.055556,107.4,40.1,1,199.0,2,1,2,2,2,3,0,0,0,3,3,0,Exploits,1
2953,0.18139,udp,pop3,ECO,8,11,28.0,157.0,22.783,62,254,2316.445,2196.809,0,0,5.082,18.885,9.217,2.939,255,3057634131,3904027857,255,0.015815,0.000701,0.004008,95.6,86.5,1,170.0,3,0,2,4,0,1,1,0,1,1,3,0,Normal,0
2954,0.019337,tcp,-,ECO,32,14,700.0,275.0,185.357,62,31,468.519,2284.253,0,3,8.72,6.897,7.807,1.387,0,3532193462,1941633715,0,0.045235,0.030848,0.004631,77.7,370.0,0,124.0,3,5,3,2,0,0,0,0,0,1,4,0,Reconnaissance,1
2955,0.180105,tcp,dns,RST,4,16,99.0,168.0,19.044,62,31,1416.209,666.881,3,0,3.968,13.194,11.641,2.45,255,468519697,110354155,255,0.025914,0.016298,0.010703,81.5,34.1,1,126.0,4,1,2,2,1,2,0,0,0,2,4,0,Normal,0
2956,0.164561,udp,dhcp,CON,7,6,45.0,340.0,147.988,31,31,114.036,1078.441,1,0,40.955,14.486,2.107,1.781,255,728367141,1299356114,255,0.097924,0.0451,0.00257,139.3,26.3,0,51.0,1,1,1,2,1,3,0,0,0,1,2,0,Normal,0
2957,0.494629,tcp,dns,FIN,12,10,727.0,1254.0,27.376,31,31,359.475,821.012,1,0,4.833,13.554,4.322,0.892,0,1753899421,1908551435,0,0.027602,0.025331,0.016567,92.7,249.6,2,186.0,3,1,3,2,1,1,0,1,0,2,6,1,Normal,0
2958,1.344562,udp,-,CON,11,4,713.0,62.0,85.841,128,31,4321.053,3081.597,2,0,0.035,10.182,1.252,0.789,255,2114569214,81343874,0,0.007383,0.035151,0.000483,78.8,53.9,0,14.0,4,2,1,4,0,5,0,0,0,2,2,0,Normal,0
2959,0.267749,tcp,dhcp,ECO,11,5,294.0,264.0,12.099,254,128,488.246,69.309,5,1,5.478,12.871,3.598,16.587,255,2886970052,862221554,0,0.004064,0.056137,0.022375,18.9,148.4,0,172.0,1,2,2,2,1,4,0,0,0,3,1,1,Normal,0
2960,0.293185,tcp,ssh,CON,25,8,4570.0,287.0,118.232,62,254,105.958,200.02,1,1,2.669,15.548,4.976,5.394,0,1639967323,929303129,255,0.07048,0.001267,0.030703,117.2,8.8,1,153.0,4,4,3,4,1,0,0,0,0,1,3,0,Reconnaissance,1
2961,0.200531,icmp,ftp,CON,26,6,173.0,221.0,3.27,62,62,1164.745,325.705,1,1,14.148,4.501,8.262,7.676,255,4126272675,2450351994,255,0.052803,0.003164,0.038426,3.1,95.3,0,284.0,1,1,1,1,3,4,0,0,0,3,3,0,Fuzzers,1
2962,0.120573,tcp,smtp,ECO,22,10,900.0,849.0,120.817,62,62,309.673,437.853,0,1,5.885,1.991,8.637,0.949,255,4212485191,151261429,255,0.062262,0.001423,0.012897,8.6,284.3,1,6.0,2,1,2,1,3,2,0,0,1,2,2,0,Analysis,1
2963,1.200419,udp,smtp,CON,10,6,423.0,454.0,135.407,31,31,741.266,1968.256,1,0,59.503,7.531,12.619,0.927,255,4100721452,205200272,255,0.085887,0.009994,0.032664,53.5,3.6,0,397.0,3,0,2,2,2,1,0,1,0,1,5,0,Normal,0
2964,0.151566,udp,smtp,INT,33,8,2242.0,539.0,31.078,128,62,131.439,536.973,2,0,23.4,10.211,7.678,0.012,0,2633855216,3475960356,255,0.001071,0.001297,0.020159,12.3,54.7,0,0.0,5,2,1,3,3,2,1,0,0,0,1,0,Generic,1
2965,1.320146,icmp,dhcp,CON,8,4,233.0,304.0,32.337,62,31,391.388,835.643,1,1,5.181,5.396,1.062,14.868,0,3818107189,1665260765,0,0.074608,0.00084,0.002022,66.7,7.9,0,479.0,2,3,3,1,0,4,0,0,0,1,3,0,Normal,0
2966,0.205882,tcp,pop3,CON,7,5,212.0,77.0,69.137,128,62,202.079,853.243,1,2,0.147,2.114,10.018,4.376,0,3822024321,409951897,0,0.109396,0.024715,0.00188,254.2,70.3,1,89.0,4,1,5,3,2,4,0,0,0,1,3,0,Normal,0
2967,3.065982,udp,ftp,REQ,12,2,91.0,90.0,43.464,128,62,564.416,1079.217,1,1,38.92,3.056,10.566,3.502,255,3379778522,1780450988,255,0.00634,0.043455,0.010545,7.1,17.6,1,158.0,1,1,1,1,2,1,0,0,0,2,3,0,Normal,0
2968,0.176914,tcp,dhcp,RST,15,9,345.0,405.0,24.306,128,254,156.871,88.772,0,1,3.472,3.256,1.652,5.477,0,2642870095,3988302449,0,0.090357,0.047694,0.008332,122.2,2.2,0,1133.0,4,2,2,1,0,1,0,0,1,3,2,0,Normal,0
2969,0.093469,tcp,dhcp,CON,25,6,2388.0,6.0,133.91,254,62,837.16,2735.297,0,1,5.574,13.285,4.015,3.477,255,1838005384,3706192459,255,0.050381,0.039697,0.000422,94.5,16.9,0,60.0,1,1,2,1,3,1,0,2,0,3,7,0,Generic,1
2970,1.974317,tcp,-,FIN,10,6,287.0,363.0,12.652,62,31,599.501,62.645,0,1,7.63,1.019,2.112,14.678,0,2713379369,2014818966,0,0.084931,0.005587,0.007367,146.5,117.0,1,33.0,2,4,2,4,0,1,0,0,0,0,2,0,Normal,0
2971,0.662077,tcp,ftp,REQ,13,11,237.0,183.0,0.248,62,128,30.576,715.275,2,0,25.999,7.546,0.873,4.779,0,2657901308,3072661634,0,0.005531,0.047064,0.002633,0.6,148.6,2,119.0,5,2,0,2,2,2,0,0,0,1,5,0,Normal,0
2972,0.706558,tcp,smtp,REQ,34,5,1944.0,2.0,43.524,62,254,125.714,505.694,0,2,18.65,1.987,12.132,4.648,255,2087427356,1334696199,255,0.088634,0.044992,0.021028,77.4,23.4,0,273.0,4,4,2,3,3,2,0,0,0,2,2,0,Generic,1
2973,1.689619,tcp,dhcp,REQ,12,7,487.0,148.0,66.891,128,128,123.887,459.112,1,0,16.679,2.673,8.467,0.484,0,4144798261,193723461,255,0.002257,0.043711,0.041138,5.4,152.9,0,166.0,2,3,3,6,2,4,0,0,0,0,7,0,Normal,0
2974,0.484333,tcp,ssh,INT,29,14,823.0,292.0,33.19,254,128,1129.07,794.039,1,1,33.395,50.519,10.029,0.684,255,2238846594,906340820,0,0.126767,0.004753,0.065711,12.5,58.5,1,162.0,1,3,2,1,0,2,0,1,0,5,4,0,Reconnaissance,1
2975,0.153762,udp,smtp,RST,13,7,309.0,275.0,10.553,254,31,6828.648,725.367,3,1,4.385,0.83,3.15,13.296,255,559007387,83527725,255,0.041569,0.017409,0.032871,31.5,26.2,2,150.0,1,2,2,4,2,1,0,0,0,3,1,0,Normal,0
2976,0.307209,tcp,ftp,REQ,27,9,3614.0,434.0,8.697,62,31,67.786,391.659,2,0,22.92,2.419,16.656,13.517,0,2452710148,3892832093,255,0.076874,0.028391,0.006767,28.9,24.3,1,470.0,2,1,1,2,2,3,0,0,0,0,5,1,Fuzzers,1
2977,0.08047,tcp,-,RST,27,5,4529.0,29.0,157.213,254,254,9.298,136.541,0,0,13.095,2.884,0.301,5.067,255,2977846050,2914430301,0,0.039463,0.014374,0.079762,27.8,10.3,0,171.0,2,1,0,1,4,3,0,0,0,0,3,0,Generic,1
2978,0.466582,tcp,dhcp,RST,29,9,182.0,230.0,23.57,254,128,979.274,717.511,1,0,0.535,1.535,3.337,1.183,0,3528896846,1404320555,255,0.099613,0.002244,0.041141,3.6,28.9,0,1.0,3,1,5,3,2,1,0,0,0,3,8,1,Exploits,1
2979,0.284667,tcp,smtp,INT,42,8,406.0,783.0,33.804,128,31,1694.943,236.047,1,0,12.713,1.36,1.829,1.921,255,2087347773,2460085154,0,0.006758,0.100191,0.007222,7.0,59.9,2,66.0,3,1,1,0,0,0,0,2,0,4,4,0,Exploits,1
2980,0.066377,udp,dns,CON,19,7,832.0,737.0,69.289,254,62,975.667,349.066,0,1,9.034,1.715,8.041,4.379,0,3518560142,451561123,0,0.041342,0.045479,0.033964,400.0,14.8,0,36.0,3,3,5,1,2,1,0,0,0,2,5,0,DoS,1
2981,0.290821,icmp,dhcp,REQ,30,6,1323.0,1393.0,131.514,254,31,487.982,866.582,1,1,6.454,6.216,3.072,4.584,255,912616247,2959652631,255,0.014243,0.032583,0.000256,87.7,23.8,0,10.0,2,4,1,0,0,1,0,0,1,1,7,0,Generic,1
2982,0.134141,tcp,http,REQ,15,3,197.0,597.0,17.304,128,62,287.89,1607.721,1,0,12.788,3.073,11.194,6.594,0,3544398228,347677915,0,0.036663,0.066317,0.028873,4.3,438.0,0,116.0,5,2,0,1,2,1,0,0,0,4,3,0,Normal,0
2983,0.759247,udp,ftp,REQ,14,7,160.0,633.0,108.239,31,254,1021.333,357.278,1,0,8.642,3.407,2.618,0.685,0,67305039,3546534479,0,0.056571,0.003413,0.030316,4.1,154.3,0,403.0,5,3,2,1,0,2,0,0,0,1,4,0,Normal,0
2984,0.297373,tcp,pop3,REQ,33,9,745.0,283.0,18.776,31,62,491.815,94.346,1,1,10.146,0.8,1.29,0.1,255,2776662926,2793940232,255,0.154359,0.025005,0.027859,155.5,27.7,1,285.0,3,2,2,0,5,2,0,0,0,1,6,0,Generic,1
2985,0.568035,arp,ftp,INT,14,8,490.0,1038.0,72.977,31,254,654.902,446.081,0,4,18.855,8.659,0.035,2.963,0,2633299453,2563245188,255,0.037355,0.018029,0.01032,29.5,104.3,1,22.0,4,2,2,3,3,6,0,2,0,1,5,0,Normal,0
2986,0.460674,tcp,dhcp,FIN,9,3,172.0,2309.0,17.193,254,62,2072.943,952.372,3,0,1.026,13.058,2.184,11.036,0,800231206,3063266352,0,0.021837,0.012994,0.088796,6.1,82.3,0,271.0,1,1,5,2,0,0,1,0,0,1,5,0,Normal,0
2987,0.123738,tcp,pop3,INT,8,8,1186.0,92.0,27.517,128,62,542.118,141.294,1,1,2.44,2.058,3.302,2.815,0,2971909754,4288249667,255,0.021514,0.001457,0.010698,328.8,140.7,0,480.0,0,3,3,1,1,1,0,1,0,1,3,0,Normal,0
2988,1.072743,tcp,-,ECO,7,7,405.0,777.0,104.826,254,128,1173.543,142.194,1,0,7.249,11.785,0.351,1.271,255,4158622162,210282603,255,0.015902,0.002761,0.045344,19.2,69.1,0,64.0,2,1,1,3,0,2,0,0,1,1,3,0,Normal,0
2989,0.083253,tcp,dns,RST,8,8,1279.0,353.0,11.639,254,62,545.491,606.907,0,1,7.862,1.797,6.148,2.721,0,2612102190,1054914018,255,0.014372,0.018149,0.004392,6.2,99.0,1,228.0,1,2,2,0,1,0,0,0,0,2,2,1,Normal,0
2990,0.174899,udp,pop3,RST,29,7,5919.0,70.0,6.709,62,128,424.761,264.896,2,0,8.809,5.386,8.356,3.59,0,1349373300,3070577907,0,0.015358,0.014462,0.093814,13.8,62.8,0,172.0,3,2,0,1,1,1,0,0,1,4,9,0,Generic,1
2991,0.013345,tcp,dns,RST,37,11,3800.0,8.0,53.708,254,254,531.34,413.489,0,4,4.211,4.852,0.117,1.845,0,1328392439,214521083,0,0.137759,0.008873,0.017266,9.5,9.4,0,35.0,3,1,2,2,0,1,1,0,1,1,4,0,Fuzzers,1
2992,0.513249,tcp,http,ECO,34,12,2309.0,305.0,83.499,62,128,352.848,643.377,0,2,8.577,5.79,5.898,17.246,0,3887291884,2379787146,0,0.014513,0.019532,0.016466,98.2,11.8,0,386.0,5,2,1,1,1,2,0,0,0,3,3,0,Fuzzers,1
2993,0.077751,tcp,-,CON,8,11,152.0,698.0,10.356,62,62,908.438,992.019,0,0,18.984,19.602,4.618,0.184,0,2471324156,1411805783,255,0.021175,0.015925,0.045794,27.0,58.4,1,34.0,2,5,1,2,0,1,0,0,0,1,3,0,Normal,0
2994,0.695061,arp,-,RST,4,8,411.0,49.0,118.03,128,128,949.098,465.07,1,0,3.044,1.85,5.62,0.84,255,606078538,2669607671,255,0.10465,0.074558,0.009241,5.4,165.4,0,3.0,3,1,2,3,2,0,0,2,1,3,4,0,Normal,0
2995,0.216219,udp,http,FIN,38,11,2155.0,88.0,33.164,254,254,421.557,1096.654,0,0,3.998,7.696,6.032,3.496,0,2301450808,1434882831,0,0.002508,0.004415,0.042405,17.5,53.2,1,246.0,4,3,1,3,2,0,0,0,0,4,3,0,Generic,1
2996,0.195107,icmp,ftp,CON,17,6,241.0,221.0,29.555,254,254,1315.507,978.039,1,2,10.295,1.895,0.895,1.198,255,3467644773,1396715968,255,0.00978,0.000815,0.001084,27.1,10.5,1,491.0,2,5,1,2,6,2,0,0,0,1,1,0,Normal,0
2997,0.035462,icmp,ftp,FIN,23,10,1610.0,592.0,68.979,62,31,399.905,360.673,0,1,2.162,1.121,10.634,5.227,0,3101419660,2022780997,255,0.021159,0.005439,0.017572,102.4,65.3,0,166.0,1,3,4,2,2,1,0,0,0,3,3,0,Generic,1
2998,0.987264,icmp,pop3,INT,9,13,223.0,258.0,4.402,254,31,576.243,480.032,3,1,15.732,2.654,14.135,3.867,0,4242862469,2839854628,255,0.072446,0.044039,0.006653,72.2,31.5,1,79.0,2,2,1,6,2,4,0,0,0,3,2,0,Normal,0
2999,1.840474,tcp,smtp,FIN,23,8,1441.0,240.0,73.034,31,62,1289.53,566.96,1,2,3.388,23.68,8.857,6.703,255,794650402,512240924,0,0.009807,0.0251,0.003021,1.4,163.9,1,28.0,1,0,3,3,0,3,0,0,0,4,6,0,Backdoor,1
3000,0.176513,tcp,http,INT,7,4,641.0,349.0,7.842,128,62,496.909,1368.237,0,1,15.519,2.292,6.744,12.534,255,2620077744,818587690,0,0.000752,0.01822,0.004951,92.6,237.9,2,74.0,5,1,3,1,1,2,0,0,1,4,2,0,Normal,0
3001,0.201304,tcp,-,FIN,19,7,502.0,275.0,46.675,254,62,311.75,585.145,2,1,3.588,5.116,2.471,2.193,255,1526575692,444449657,0,0.038681,0.034785,0.014884,74.8,18.5,2,78.0,4,3,1,3,1,1,0,0,0,3,2,0,Fuzzers,1
3002,0.454971,tcp,http,FIN,31,8,3595.0,141.0,37.331,62,62,297.891,4330.715,1,1,6.42,3.077,9.745,0.171,0,342484474,946190988,0,0.125117,0.027194,0.004873,60.2,113.3,1,121.0,0,3,4,1,3,1,0,0,0,0,3,0,Generic,1
3003,0.356062,udp,ftp,INT,4,8,193.0,69.0,33.582,254,128,355.434,3432.503,0,0,4.926,2.329,9.873,1.001,255,3049093528,1897411493,0,0.031762,0.041412,0.002281,23.4,75.8,0,147.0,3,5,2,3,1,1,0,0,0,1,2,0,Normal,0
3004,1.315245,tcp,ssh,INT,49,16,725.0,253.0,9.16,254,62,1387.168,854.403,2,1,0.07,4.709,4.034,5.409,0,1614516557,2189446333,0,0.008516,0.004496,0.021115,125.1,46.0,0,82.0,0,2,2,2,1,3,0,1,0,4,5,0,Exploits,1
3005,0.437151,tcp,-,INT,16,10,413.0,1393.0,7.353,128,128,584.402,33.196,0,0,11.912,5.833,1.412,6.117,0,1026631394,966880700,0,0.28789,0.004525,0.027974,35.3,79.7,1,185.0,3,0,1,3,1,1,0,0,1,3,3,0,Normal,0
3006,1.646962,udp,dns,INT,38,10,938.0,239.0,134.359,31,62,1122.766,2306.121,1,0,1.131,16.762,1.24,5.829,0,3563448949,3110774654,0,0.016166,0.019471,0.015369,255.7,69.4,0,5.0,3,0,0,1,3,2,0,1,0,2,4,0,Exploits,1
3007,1.003615,tcp,dns,INT,35,6,4543.0,1610.0,9.675,254,31,215.71,728.354,1,1,20.082,22.198,2.143,13.757,0,675408673,3175072276,255,0.040788,0.021824,0.004043,46.6,168.5,1,18.0,2,3,2,2,4,1,0,1,0,0,2,0,Generic,1
3008,0.278235,tcp,http,FIN,15,6,604.0,17.0,79.61,128,254,1307.782,62.539,3,3,28.726,11.17,1.485,23.13,0,461586306,682081239,0,0.019368,0.006742,0.039946,165.9,38.6,0,130.0,2,2,5,1,1,2,0,0,0,1,3,0,Normal,0
3009,0.271913,tcp,-,INT,10,7,337.0,79.0,25.748,31,31,252.719,13.631,2,0,4.48,4.706,5.657,0.454,0,1348412791,4016488464,255,0.000483,0.047874,0.056367,23.3,85.2,0,46.0,4,2,2,1,4,4,0,1,0,0,3,0,Normal,0
3010,0.706233,udp,http,ECO,35,7,5833.0,372.0,0.65,128,254,628.688,2198.571,0,1,11.862,2.128,2.278,7.051,0,3949427928,2972645639,255,0.024355,0.016173,0.002099,171.3,206.3,2,291.0,2,1,1,0,0,3,0,0,0,1,6,0,Exploits,1
3011,0.855768,tcp,http,FIN,7,14,227.0,1059.0,14.547,62,62,511.661,1207.213,0,1,5.039,4.692,1.791,3.838,255,1203779644,613404548,0,0.030731,0.041565,0.008629,222.6,5.9,1,207.0,3,2,1,2,3,2,0,0,0,3,1,0,Normal,0
3012,0.38906,tcp,pop3,FIN,28,4,1690.0,135.0,16.027,31,62,374.398,1989.307,2,1,5.744,25.712,7.762,4.472,255,2100921205,2438383501,0,0.158148,0.020261,0.006238,393.3,92.3,0,200.0,2,1,0,1,0,2,0,0,1,3,0,0,DoS,1
3013,0.006955,tcp,dhcp,RST,29,3,2119.0,76.0,1.886,254,128,47.096,1222.211,3,1,6.5,0.113,5.883,21.368,0,1709794598,3084080336,255,0.063329,0.013643,0.014235,27.3,153.2,0,125.0,0,2,1,3,2,2,0,0,0,1,0,0,Exploits,1
3014,0.561411,udp,smtp,REQ,30,5,1793.0,131.0,16.852,254,31,22.163,498.838,2,1,10.742,7.305,4.154,1.361,255,2782766168,751179131,0,0.032514,0.015176,0.016017,7.2,85.4,0,5.0,3,4,5,3,1,3,0,0,0,2,4,0,Exploits,1
3015,0.865144,tcp,pop3,CON,12,14,113.0,267.0,52.758,62,254,1588.901,545.336,2,1,0.825,2.932,3.412,4.349,255,881739290,257144767,0,0.029189,0.052085,0.048115,81.3,92.8,0,531.0,1,2,2,1,2,0,0,0,1,0,1,0,Normal,0
3016,0.077714,tcp,pop3,RST,22,7,517.0,117.0,130.084,254,128,378.117,512.094,1,1,7.752,3.019,5.37,5.249,255,1417717856,3600383378,255,0.013148,0.012302,0.01622,193.2,0.0,0,148.0,3,4,1,1,7,3,0,0,0,1,3,0,Exploits,1
3017,0.801334,icmp,dhcp,CON,25,5,3923.0,85.0,21.718,254,128,1452.649,3835.905,1,1,16.719,0.623,5.064,6.927,0,1354647210,1271393637,0,0.034386,0.056761,0.08091,16.9,472.3,2,30.0,4,3,2,0,3,1,1,0,0,0,3,0,Analysis,1
3018,0.227464,icmp,-,REQ,10,4,339.0,282.0,13.253,62,254,1014.508,2692.621,1,1,3.098,7.501,3.233,0.946,0,221073311,989415493,0,0.001213,0.000852,0.018234,325.3,85.6,0,679.0,3,3,1,0,2,4,0,0,0,0,5,0,Normal,0
3019,0.185586,tcp,dhcp,REQ,8,5,525.0,345.0,54.558,31,254,3657.176,300.176,1,2,10.328,29.845,7.514,5.928,0,871942793,1066797604,0,0.007201,0.000322,0.002794,115.4,164.2,1,67.0,5,1,4,3,4,3,0,0,1,1,1,0,Normal,0
3020,0.402273,tcp,dns,CON,12,9,1510.0,780.0,35.939,128,254,155.777,260.269,0,0,4.883,19.177,4.351,5.351,255,608073948,2070108661,0,0.14784,0.010733,0.024637,30.3,35.8,0,17.0,2,1,5,3,1,7,0,0,0,6,1,0,Normal,0
3021,0.713136,tcp,smtp,RST,14,9,1142.0,116.0,6.219,254,254,906.75,866.637,0,3,7.354,10.483,9.819,6.386,0,1014346174,1992568959,255,0.017794,0.006301,0.022723,191.0,52.8,0,298.0,3,2,2,0,0,1,0,0,0,0,7,1,Normal,0
3022,0.249554,udp,pop3,REQ,31,8,992.0,125.0,17.535,128,31,1308.588,1116.38,1,2,7.595,1.676,6.063,6.716,255,4215168289,2288875314,0,0.049006,0.014498,0.006764,164.4,71.6,0,39.0,3,2,2,3,2,1,0,0,0,0,5,1,Exploits,1
3023,0.283007,tcp,dns,CON,9,10,924.0,28.0,154.512,254,254,1153.339,794.668,1,0,1.582,30.831,5.093,1.614,255,2411754068,777506124,255,0.002595,0.025126,0.015605,117.8,59.2,0,73.0,5,1,2,3,0,2,0,1,0,3,2,0,Normal,0
3024,0.455717,icmp,ftp,RST,23,5,3112.0,519.0,76.348,128,128,7298.998,809.761,0,0,3.252,10.843,1.16,4.692,0,4045105786,1318793699,0,0.061968,0.006174,0.000414,3.0,8.0,1,368.0,3,2,3,6,3,1,0,0,0,1,2,0,Generic,1
3025,1.602345,udp,-,REQ,11,14,151.0,132.0,64.422,62,62,277.027,1139.437,0,0,3.049,3.378,6.503,0.961,0,3079979881,1246700638,0,0.175395,0.001912,0.011663,180.1,18.9,0,398.0,2,1,2,1,1,0,0,0,0,1,4,0,Normal,0
3026,0.173013,tcp,http,ECO,10,5,2345.0,181.0,95.273,31,254,2652.137,40.589,2,1,2.306,15.542,1.505,0.813,0,4011575458,3800939170,0,0.016036,0.026525,0.003752,264.7,20.9,1,262.0,0,7,2,2,4,1,0,0,0,4,6,0,Normal,0
3027,0.108048,tcp,-,RST,10,10,421.0,272.0,62.884,254,31,783.606,419.633,0,2,0.335,16.838,6.944,7.121,0,464242632,2814434204,0,0.03199,0.033448,0.007478,24.1,17.2,1,281.0,4,5,2,0,0,1,0,1,1,1,5,0,Normal,0
3028,0.445114,icmp,dns,CON,26,10,6337.0,37.0,3.405,31,128,5263.797,684.767,0,0,14.776,21.717,5.0,2.595,0,3600607994,163581564,0,0.041341,0.001775,0.029703,13.6,169.3,0,42.0,3,3,2,1,1,5,0,0,0,2,5,0,DoS,1
3029,0.295207,udp,pop3,ECO,24,8,1022.0,946.0,5.278,31,62,346.435,94.098,0,0,14.769,5.443,11.419,0.634,0,1106224849,2788800890,255,0.171683,0.011261,0.01139,148.4,82.1,0,481.0,3,5,3,3,4,2,0,0,0,2,2,0,Generic,1
3030,0.222986,udp,ftp,FIN,7,8,279.0,243.0,63.252,62,31,393.678,780.377,2,1,10.146,0.447,1.45,4.011,255,4179797023,742482786,255,0.020764,0.001737,0.017292,12.5,13.0,0,167.0,4,1,1,4,2,2,0,1,0,0,7,1,Normal,0
3031,0.710174,tcp,smtp,INT,31,12,738.0,2097.0,78.619,254,128,1748.937,134.86,3,0,3.783,19.826,4.675,1.6,0,2835240101,440133129,0,0.0377,0.020566,0.027043,215.2,84.2,1,289.0,0,1,4,0,0,2,0,0,1,4,3,0,Exploits,1
3032,0.47896,udp,http,REQ,20,7,47.0,263.0,64.91,31,62,1519.582,326.004,0,0,4.248,19.383,3.285,12.423,255,1419236303,4021535802,255,0.185642,0.05015,0.006236,298.9,12.8,1,134.0,4,1,1,3,0,0,0,0,0,0,3,0,Normal,0
3033,0.093156,udp,smtp,REQ,9,10,159.0,170.0,58.039,128,62,653.026,319.098,2,0,17.162,14.425,15.701,1.168,255,2707575139,465578921,255,0.045184,0.014781,0.001804,94.1,34.9,0,37.0,2,2,5,2,0,4,0,0,2,1,2,0,Normal,0
3034,1.876643,arp,dhcp,CON,9,8,69.0,386.0,5.744,31,31,584.987,18.76,0,2,6.52,1.153,1.681,0.901,255,4238369190,3292801682,0,0.066553,8e-05,0.007052,15.3,14.9,0,11.0,4,2,2,4,0,7,0,0,1,3,3,0,Normal,0
3035,0.7589,tcp,ftp,CON,42,13,589.0,353.0,152.181,31,128,427.549,2340.943,3,0,4.677,0.475,6.479,0.479,0,274384861,192055050,0,0.016537,0.010589,0.044407,143.3,214.0,0,450.0,0,2,0,0,4,3,0,0,0,4,0,0,Shellcode,1
3036,0.063057,tcp,dns,RST,29,9,1727.0,295.0,85.33,254,62,1251.336,608.469,1,0,7.524,0.388,4.248,0.948,255,3751983276,2039956425,0,0.153096,0.044548,0.043156,197.5,54.7,0,96.0,2,3,2,3,2,3,0,0,0,3,3,0,Exploits,1
3037,0.749918,tcp,dhcp,ECO,34,3,852.0,429.0,71.973,254,254,2698.205,784.863,0,1,2.29,17.267,2.533,0.193,255,899637014,109946663,255,0.002183,0.031407,0.027711,15.6,40.1,0,275.0,4,1,1,0,0,3,0,0,0,1,4,0,Generic,1
3038,1.152188,udp,smtp,RST,17,5,388.0,196.0,82.101,128,62,895.448,852.755,0,0,31.197,7.945,1.204,6.283,0,175382845,2918028173,0,0.004454,2.1e-05,0.001796,45.2,18.4,0,46.0,4,2,3,3,1,1,0,0,0,0,4,0,Normal,0
3039,0.703367,icmp,dns,REQ,7,8,311.0,186.0,59.678,128,254,1648.067,2617.745,0,3,7.409,5.659,0.982,7.88,0,1290688154,1077387002,0,0.041914,0.00291,0.062832,15.9,138.0,1,62.0,3,2,4,3,2,1,0,0,0,2,2,0,Normal,0
3040,0.364873,tcp,-,RST,35,13,605.0,165.0,31.233,31,62,297.364,680.045,1,0,4.09,28.115,2.752,7.217,0,2668661261,2556183158,255,0.070546,0.002011,0.007224,350.9,94.0,0,116.0,3,1,2,2,5,1,0,0,0,2,2,0,Generic,1
3041,0.15264,tcp,dhcp,CON,7,7,446.0,754.0,18.094,128,62,677.609,458.143,0,1,7.716,2.921,10.941,5.943,0,829828015,2841173218,255,0.044929,0.087477,0.00856,148.8,42.0,0,72.0,6,1,2,1,0,2,0,1,1,2,0,0,Normal,0
3042,1.161062,tcp,smtp,ECO,29,7,6298.0,332.0,72.569,62,62,2892.334,2632.062,1,0,0.562,5.438,2.171,1.405,255,3500909904,150945630,255,0.023419,0.056063,0.008125,158.9,67.1,0,79.0,1,2,0,0,2,0,0,0,0,3,3,0,Reconnaissance,1
3043,0.741447,udp,-,FIN,32,7,1205.0,988.0,22.083,128,62,62.101,505.888,1,2,2.898,13.642,4.502,0.274,0,2313569036,1914747147,255,0.007752,0.00304,0.005587,38.1,17.2,0,173.0,5,4,4,2,1,1,0,0,0,3,3,0,Exploits,1
3044,1.056027,icmp,smtp,REQ,10,9,80.0,202.0,66.251,62,62,1794.466,5.86,1,0,4.743,4.833,12.425,11.801,0,3093545043,2128588483,255,0.020995,0.009844,0.023279,22.2,61.1,0,15.0,3,1,1,1,3,2,0,0,0,0,3,1,Normal,0
3045,0.266838,tcp,dhcp,INT,25,10,960.0,951.0,9.403,254,62,1581.199,639.271,1,0,27.913,4.14,6.532,10.441,255,2978516861,1375223637,255,0.036432,0.034265,0.009856,227.3,1.6,0,216.0,1,1,2,0,1,2,0,1,0,3,0,0,Exploits,1
3046,0.064228,tcp,dhcp,ECO,26,6,555.0,151.0,54.891,128,128,1118.254,1154.219,3,2,3.236,1.48,2.3,0.865,0,2532944620,1509902366,0,0.014073,0.009783,0.024663,12.7,21.4,0,241.0,4,1,4,1,0,1,0,0,0,4,4,0,Backdoor,1
3047,0.192239,icmp,http,CON,11,11,577.0,292.0,14.041,31,254,4303.711,160.233,1,1,7.552,31.799,3.79,8.434,0,1790036212,2495433140,0,0.016796,0.014864,0.007538,115.4,66.5,0,176.0,2,2,4,3,3,2,0,0,0,5,0,0,Normal,0
3048,0.718046,tcp,dns,REQ,38,8,2180.0,422.0,27.825,62,62,392.884,211.129,1,1,17.209,2.297,1.161,1.116,0,2209129681,1639755874,255,0.004505,0.033645,0.031673,425.8,25.1,0,17.0,3,2,1,3,1,0,0,0,0,2,4,0,Generic,1
3049,0.345098,tcp,dhcp,FIN,33,5,749.0,742.0,14.025,31,62,463.148,22.619,0,0,10.285,19.74,1.515,5.022,0,3134175677,269223887,0,0.073089,0.003507,0.022448,4.0,18.9,1,255.0,3,5,5,4,1,2,0,0,0,1,1,1,Reconnaissance,1
3050,0.277168,tcp,pop3,CON,8,7,659.0,356.0,4.895,31,62,84.294,131.997,1,1,3.446,0.054,8.198,2.669,255,564914410,2570241851,255,0.017538,0.012647,0.019232,181.8,27.2,0,156.0,3,0,0,1,1,2,0,0,1,2,8,0,Normal,0
3051,0.3705,tcp,smtp,INT,20,7,612.0,324.0,38.802,128,254,1600.667,1273.056,1,1,19.831,16.343,0.94,2.909,255,1495173520,3353046761,0,0.033075,0.031104,0.002293,35.0,308.4,1,27.0,5,6,1,0,3,0,0,0,0,1,3,0,DoS,1
3052,1.447134,tcp,ftp,RST,15,10,176.0,425.0,11.997,62,31,78.091,2654.576,3,1,2.131,4.541,5.834,1.543,255,2940450741,810020551,255,0.014193,0.047795,0.018114,31.1,155.0,0,168.0,5,2,1,1,2,2,0,0,0,0,2,0,Normal,0
3053,0.325601,udp,pop3,CON,35,8,1576.0,231.0,91.045,128,31,855.915,1519.064,2,0,3.712,0.56,0.659,4.758,255,515503005,1694705101,0,0.026693,0.001638,0.009151,151.8,79.9,0,70.0,2,2,0,3,0,4,0,0,0,2,1,0,Generic,1
3054,0.859469,tcp,smtp,RST,32,11,7470.0,21.0,148.148,31,254,686.754,1208.954,1,1,2.11,9.412,6.129,3.994,255,4217180174,1241746507,0,0.012962,0.026001,0.003832,423.1,165.2,1,15.0,0,1,0,0,3,1,0,0,0,5,7,0,Exploits,1
3055,0.064334,udp,smtp,REQ,29,4,2010.0,69.0,5.748,128,128,608.261,519.407,0,1,0.622,2.818,0.884,2.002,0,377234620,1739809593,0,0.248099,0.010409,0.017109,30.6,2.7,0,126.0,0,1,2,4,0,4,0,0,0,1,4,1,Generic,1
3056,0.282446,udp,dhcp,ECO,7,7,114.0,150.0,7.414,62,31,1270.978,235.165,0,2,2.872,12.143,0.499,1.645,255,3285082856,589835621,0,0.045685,0.00648,0.018579,145.1,110.0,0,93.0,3,1,0,1,1,5,0,0,0,1,4,0,Normal,0
3057,0.008592,tcp,dns,CON,30,5,1722.0,146.0,115.658,254,128,826.354,753.697,1,1,4.023,1.018,2.22,0.176,0,4008296121,3671025222,0,0.037435,0.022086,0.009434,97.7,15.9,1,74.0,4,0,4,3,1,1,0,0,0,3,2,1,Generic,1
3058,0.06389,tcp,ssh,CON,8,11,483.0,1.0,166.067,62,128,269.853,830.417,1,5,1.059,56.411,6.521,2.599,0,3455314386,437816516,0,0.013762,0.045786,0.058838,75.3,1.1,0,116.0,4,5,2,2,2,1,0,0,0,0,3,0,Normal,0
3059,0.128219,tcp,-,ECO,10,10,56.0,74.0,19.73,62,62,2142.698,141.593,3,1,2.916,7.307,1.362,1.285,0,3517536209,1496441073,255,0.131315,0.002302,0.008224,276.2,61.1,0,38.0,4,4,2,3,3,2,0,0,0,1,0,0,Normal,0
3060,0.388594,tcp,ssh,CON,15,16,555.0,262.0,0.283,254,62,906.975,635.655,2,0,16.745,2.258,1.671,1.023,255,2286867188,2982834881,255,0.109859,0.006387,0.004065,95.7,302.5,1,269.0,4,4,1,2,1,1,0,0,0,2,0,0,Normal,0
3061,1.454915,udp,smtp,CON,19,7,1824.0,505.0,0.796,31,128,613.854,542.614,1,3,10.335,8.51,9.833,3.792,255,4082977473,2806230318,255,0.213776,0.015753,0.012683,477.4,68.5,0,38.0,7,3,1,3,1,2,0,0,0,4,1,0,Generic,1
3062,0.721848,tcp,dhcp,RST,14,8,54.0,1653.0,28.823,254,254,1323.112,2256.311,0,1,15.189,49.556,2.872,2.082,0,2315253998,1437689277,0,0.003777,0.015508,0.038683,80.5,208.6,0,76.0,2,1,5,4,2,3,0,0,0,2,4,0,Normal,0
3063,0.001191,udp,ftp,RST,16,7,990.0,500.0,16.856,31,62,1001.826,76.856,1,1,17.047,4.92,2.107,3.264,255,3312167291,257834154,0,0.056719,0.01616,0.005189,343.0,38.3,0,198.0,2,2,1,0,3,1,0,0,0,2,2,0,Normal,0
3064,0.097176,tcp,dhcp,FIN,32,5,1186.0,293.0,14.044,128,128,276.007,533.033,1,1,2.553,11.441,2.583,21.141,0,2708463518,731765727,255,0.035113,0.001026,0.00988,218.7,53.9,0,637.0,2,3,3,1,1,0,0,0,0,3,2,0,DoS,1
3065,1.20071,tcp,smtp,ECO,6,11,443.0,59.0,8.734,31,31,2830.392,990.051,0,0,4.194,17.111,5.094,20.779,255,1753770234,1081391807,0,0.104649,0.018072,0.010992,163.5,269.2,0,47.0,4,1,2,3,1,1,0,0,1,1,3,0,Normal,0
3066,2.712648,tcp,http,REQ,13,4,164.0,622.0,22.286,128,128,9.323,11.812,1,1,1.99,10.399,6.781,1.339,0,1416002251,1605188938,0,0.032865,0.029923,0.000851,170.0,167.8,0,220.0,3,2,1,2,0,2,0,0,0,2,2,0,Normal,0
3067,0.654772,tcp,http,CON,11,3,241.0,192.0,8.658,128,62,568.72,599.888,0,1,13.705,10.519,0.373,3.184,255,2107231474,1116145604,255,0.039564,0.00489,0.004972,11.2,7.9,0,511.0,3,3,3,2,3,5,0,0,0,3,4,0,Normal,0
3068,0.898353,udp,http,REQ,20,7,34.0,1201.0,78.431,128,128,378.679,643.655,0,1,13.35,6.314,6.613,1.056,0,3484132388,2557033105,0,0.004085,0.004565,0.002661,43.0,147.5,1,236.0,2,1,2,4,0,1,0,0,0,1,3,0,Normal,0
3069,0.518543,udp,ftp,CON,32,7,274.0,967.0,0.697,128,31,251.574,913.551,3,5,0.622,12.985,2.956,0.794,0,712325132,1318651233,0,0.029191,0.009667,0.005835,153.0,53.3,1,52.0,8,0,0,0,1,2,0,0,0,1,2,0,Exploits,1
3070,0.629747,tcp,smtp,CON,15,8,138.0,14.0,18.926,31,128,34.343,312.209,0,2,0.888,8.358,3.189,4.873,0,3081966158,1377147980,255,0.016541,0.030203,0.008267,94.0,199.0,0,113.0,2,0,2,2,1,1,0,1,0,4,2,0,Normal,0
3071,0.881146,udp,pop3,FIN,11,13,369.0,385.0,10.262,31,31,2754.32,145.362,1,1,0.365,6.972,0.386,1.354,255,496868373,2727299116,0,0.015841,0.000929,0.012885,13.4,18.9,1,232.0,8,3,1,1,3,3,0,0,1,3,3,1,Normal,0
3072,0.233544,udp,dhcp,FIN,34,11,2953.0,731.0,5.137,62,128,2089.239,523.794,0,0,7.235,12.179,4.807,2.56,255,2208444278,1779513318,0,0.00335,0.03246,0.017503,332.3,32.2,0,42.0,2,3,2,0,2,1,0,1,0,1,4,0,Analysis,1
3073,0.154305,tcp,ssh,REQ,47,6,1163.0,67.0,76.279,128,31,223.766,3087.302,0,0,25.203,10.131,12.465,10.156,255,3345550978,303097671,0,0.007799,0.002715,0.016562,127.5,0.8,0,76.0,6,2,0,2,0,1,0,0,0,3,4,0,Fuzzers,1
3074,0.204837,tcp,dns,RST,27,11,500.0,257.0,25.51,128,128,102.064,1148.044,1,0,22.389,0.43,2.887,5.909,255,1649201052,3625796096,0,0.064325,0.01007,0.025855,67.8,44.8,0,63.0,2,0,1,1,2,4,0,0,0,0,6,0,Exploits,1
3075,0.998212,tcp,smtp,INT,46,7,752.0,263.0,105.462,31,254,4205.469,655.83,1,1,8.166,12.574,6.141,18.581,0,2523679771,244372347,255,0.12055,0.016442,0.022943,113.1,72.9,0,98.0,2,1,1,1,1,3,0,0,0,0,4,0,DoS,1
3076,0.127113,tcp,ftp,FIN,23,12,257.0,489.0,20.644,128,62,75.648,24.416,1,1,11.278,14.681,1.244,4.769,255,1079485885,3954757114,0,0.047147,0.031815,0.002917,63.4,44.4,2,723.0,5,2,4,2,0,3,0,0,1,1,3,0,Reconnaissance,1
3077,1.45119,icmp,http,INT,9,10,595.0,377.0,40.052,128,62,2187.322,580.507,4,1,9.85,2.83,0.153,2.678,255,1111822707,2792755932,0,0.137576,0.021594,0.010703,113.5,80.7,0,143.0,1,4,1,1,2,2,1,1,0,1,2,0,Normal,0
3078,0.218995,tcp,smtp,RST,43,12,4602.0,85.0,127.278,62,128,919.386,1147.665,2,1,8.671,4.407,7.648,6.673,255,1111663044,3353278062,255,0.045444,0.044004,0.027216,108.0,12.3,1,209.0,4,2,1,2,3,3,0,1,0,2,4,0,Generic,1
3079,0.025726,tcp,pop3,ECO,27,8,1287.0,5.0,6.542,31,62,588.785,322.901,1,0,1.198,3.112,8.776,3.907,255,3913767878,1092042433,0,0.059082,0.025348,0.015563,243.2,130.3,1,1134.0,2,4,2,0,2,0,0,0,1,1,2,0,Generic,1
3080,1.240711,udp,-,RST,6,9,905.0,8.0,32.984,62,62,403.579,571.322,1,1,15.474,8.929,1.31,1.263,255,3140762737,2512100411,0,0.013121,0.019153,0.001301,57.1,36.9,0,43.0,3,2,1,2,0,7,0,0,0,3,4,0,Normal,0
3081,0.758371,tcp,-,INT,10,6,64.0,21.0,2.995,128,31,533.154,193.416,1,1,2.6,25.784,6.481,3.05,0,988425934,368128138,0,0.018575,0.016522,0.013722,169.3,153.6,0,49.0,2,2,2,1,3,2,0,0,0,0,4,0,Normal,0
3082,1.182551,udp,http,REQ,10,10,32.0,1263.0,4.729,31,128,522.29,3083.244,1,1,3.337,4.917,0.887,3.027,0,429264191,1492530431,0,0.131075,0.026554,0.055922,40.9,67.4,1,246.0,3,0,3,2,3,1,0,1,0,2,6,1,Normal,0
3083,0.339666,tcp,http,FIN,35,7,438.0,108.0,58.404,128,128,1425.423,1910.251,1,0,9.598,27.427,6.533,8.398,0,1449268143,4222759810,0,0.040228,0.003398,0.010553,250.1,8.1,0,114.0,5,0,2,1,4,5,0,0,0,4,2,1,Generic,1
3084,0.216851,tcp,http,INT,26,9,1163.0,459.0,84.916,62,128,164.601,1939.933,1,1,20.306,22.388,1.191,15.313,0,3019721914,4028732541,0,0.082344,0.051852,0.0505,157.8,54.2,0,77.0,1,4,1,3,3,7,0,0,2,4,4,0,Exploits,1
3085,0.849107,tcp,http,REQ,29,8,6047.0,144.0,3.401,31,128,201.341,861.219,2,2,4.676,7.417,1.089,0.121,0,1591264912,2882980274,0,0.008264,0.008574,0.035266,361.5,138.1,0,5.0,4,3,0,1,2,2,0,0,0,3,4,0,Exploits,1
3086,0.417918,tcp,-,FIN,8,13,282.0,1481.0,223.372,31,31,1887.977,1149.937,2,4,19.239,2.112,19.971,5.345,255,432212926,3809465821,0,0.003135,0.022548,0.042933,165.4,128.9,1,19.0,2,1,4,2,2,1,0,1,0,3,0,0,Normal,0
3087,0.23826,tcp,ftp,FIN,10,10,3.0,124.0,73.513,31,62,927.09,256.624,1,2,31.111,8.644,0.738,3.292,0,151334272,2378305495,255,0.011783,0.047442,0.048907,22.4,32.3,0,208.0,1,3,4,3,3,2,0,0,0,0,3,0,Normal,0
3088,0.319689,udp,ssh,RST,7,8,1139.0,172.0,42.878,128,254,269.307,53.51,1,1,8.343,8.458,0.172,2.129,255,1463324222,2939861301,255,0.01301,0.003377,0.094914,192.7,119.1,0,53.0,8,4,1,2,1,2,0,0,0,2,2,0,Normal,0
3089,0.268262,udp,http,CON,12,10,1157.0,1188.0,226.342,31,31,1240.723,264.395,0,2,3.408,3.705,8.568,4.553,255,2879948088,3015082179,255,0.03223,0.005038,0.01434,3.4,97.7,3,23.0,2,1,1,2,2,3,0,0,1,3,4,0,Normal,0
3090,0.000536,udp,ftp,FIN,37,10,2607.0,240.0,37.687,128,62,1986.369,190.537,1,0,2.917,18.096,12.669,5.8,0,2906027844,2037272401,0,0.016054,0.007827,0.051866,47.7,1.6,2,208.0,3,2,3,3,3,3,0,1,0,2,5,0,Reconnaissance,1
3091,0.201833,tcp,dhcp,REQ,23,11,1687.0,545.0,29.957,254,128,2055.525,1184.886,3,0,31.112,11.429,5.142,2.724,0,423691455,1808867053,255,0.079862,0.129221,0.022831,424.4,29.7,2,622.0,3,4,0,3,1,4,0,0,0,2,4,0,DoS,1
3092,0.586889,ospf,http,CON,25,6,4229.0,933.0,1.166,254,254,135.205,529.811,0,0,30.327,22.622,1.68,5.715,0,2709593281,623223159,0,0.106916,0.034102,0.047858,44.1,12.8,0,107.0,2,2,1,1,0,1,0,0,0,2,3,0,Reconnaissance,1
3093,0.007834,tcp,dhcp,ECO,25,8,1520.0,51.0,112.362,31,128,794.526,1182.299,0,1,7.091,13.477,2.678,6.297,0,1600637023,3792893195,255,0.041709,0.023737,0.011046,25.5,74.5,0,199.0,5,3,3,2,1,2,0,0,1,2,3,0,DoS,1
3094,0.313304,udp,smtp,ECO,34,10,2324.0,138.0,90.228,31,62,199.05,1256.579,1,0,2.496,18.973,2.064,0.918,0,578055072,1187582619,0,0.018306,0.003119,0.000524,176.2,61.8,1,78.0,1,1,2,2,1,0,0,1,1,2,2,0,Analysis,1
3095,0.359506,udp,ssh,RST,13,8,880.0,505.0,69.754,62,31,471.217,93.854,2,0,1.026,16.693,1.15,12.22,0,1798310280,1685590059,0,0.007452,0.011983,0.036955,87.4,132.7,2,13.0,2,4,2,1,2,0,0,0,1,3,1,0,Normal,0
3096,0.026957,tcp,ftp,CON,13,11,10.0,122.0,16.914,254,128,191.002,395.425,1,2,17.241,1.869,9.594,8.912,255,2659121291,538082712,255,0.135648,0.055901,0.009015,84.0,0.7,0,36.0,4,1,1,4,2,2,0,0,1,2,3,0,Normal,0
3097,0.56313,tcp,ftp,ECO,18,5,138.0,196.0,162.447,128,254,40.702,2237.546,1,3,2.821,10.147,1.857,2.3,255,775444122,2624235431,255,0.025273,0.017239,0.123721,40.9,24.1,1,149.0,4,0,2,5,3,2,0,0,1,2,1,0,Normal,0
3098,1.559653,udp,dns,CON,11,8,1156.0,121.0,52.876,62,62,1282.638,542.449,4,1,32.726,4.047,2.342,2.733,0,3485109456,48221151,255,0.062936,0.00676,0.014817,70.9,36.3,0,215.0,7,1,2,6,2,1,0,1,0,3,4,0,Normal,0
3099,1.324749,udp,http,CON,9,5,325.0,65.0,25.384,62,31,313.798,438.029,0,1,6.371,3.851,5.143,2.386,0,2000079217,1282132307,0,0.029707,0.004152,0.002249,266.9,24.2,1,14.0,2,3,0,1,0,4,0,0,0,1,2,0,Normal,0
3100,0.095301,tcp,ftp,ECO,8,6,1152.0,288.0,26.739,62,128,794.976,1797.938,1,3,35.349,8.754,2.96,2.54,0,3969526245,768190577,255,0.054429,0.010032,0.016934,44.6,51.4,0,265.0,2,2,1,1,2,4,0,0,1,0,2,1,Normal,0
3101,0.050024,udp,dhcp,RST,22,7,2451.0,5.0,22.121,254,254,30.139,138.162,3,2,4.034,5.778,0.665,0.65,0,1858117187,374893007,255,0.014587,0.023292,0.054143,29.9,351.9,0,209.0,3,2,2,1,0,2,0,1,0,0,3,1,Analysis,1
3102,0.688263,tcp,-,FIN,15,7,74.0,233.0,60.599,128,31,54.514,176.24,0,1,1.676,19.578,0.443,4.883,0,2954541926,1140421407,255,0.04756,0.012547,0.001631,125.3,0.1,2,101.0,2,2,0,0,4,2,0,0,0,0,4,0,Normal,0
3103,1.729203,tcp,smtp,ECO,28,11,946.0,22.0,27.941,254,128,1611.935,287.519,1,2,2.529,4.179,0.374,1.149,0,2317341427,3362883358,255,0.027085,0.010003,0.134202,48.1,160.2,0,81.0,1,1,0,2,3,3,0,0,1,3,6,0,Analysis,1
3104,0.014424,udp,ssh,FIN,22,18,1847.0,322.0,7.361,62,254,253.366,1059.293,0,1,45.578,16.185,5.172,0.372,255,4123534905,367346352,255,0.043861,0.003803,0.004064,85.8,35.1,0,1050.0,1,3,1,2,1,4,0,0,1,0,3,0,Exploits,1
3105,0.194907,udp,http,RST,34,9,2473.0,84.0,36.927,128,62,3296.995,60.146,1,1,7.133,53.352,0.665,12.347,255,4082299870,552650424,0,0.004402,0.01256,0.014011,232.8,55.7,0,61.0,6,1,2,2,4,5,0,1,1,4,3,0,Generic,1
3106,0.100428,tcp,-,INT,35,12,3947.0,128.0,61.347,31,62,501.883,671.037,0,0,6.327,1.364,1.025,1.823,255,2692251490,674705632,0,0.102052,0.060439,0.10363,192.5,108.2,1,538.0,6,2,0,1,3,1,0,0,0,0,2,0,Generic,1
3107,0.2077,tcp,smtp,FIN,9,10,110.0,270.0,29.886,254,254,632.956,90.692,0,1,26.485,16.819,10.18,1.944,255,1951698503,2013224359,255,0.003481,0.020514,0.004679,108.9,9.1,0,283.0,2,1,1,1,2,0,0,0,0,2,1,0,Normal,0
3108,0.671673,tcp,http,RST,23,9,2468.0,37.0,189.33,31,62,314.522,1270.506,0,2,4.547,17.572,2.053,1.946,255,637526500,3027705610,255,0.078085,0.001151,0.026264,7.7,149.6,1,17.0,2,0,4,1,0,0,0,0,1,2,6,1,Generic,1
3109,0.028177,tcp,dhcp,RST,12,5,334.0,194.0,106.33,128,62,1629.983,338.907,2,3,2.8,27.953,0.4,4.431,255,767949226,554861670,0,0.095906,0.009524,0.070456,130.5,120.8,0,700.0,3,1,3,1,5,0,0,0,0,2,1,0,Normal,0
3110,0.3981,tcp,http,ECO,25,9,1185.0,241.0,135.92,62,62,2969.461,1105.502,2,0,0.935,0.859,1.45,2.017,0,3551305823,2792199096,0,0.048448,0.003189,0.02881,39.8,107.7,1,29.0,2,0,1,1,0,0,0,0,1,1,3,0,Reconnaissance,1
3111,0.052153,tcp,http,REQ,13,4,292.0,4.0,200.448,128,31,2209.006,1096.753,0,0,3.472,28.99,6.083,1.016,0,4261654022,495895487,255,0.107848,0.015177,0.00461,84.3,57.7,0,94.0,4,3,3,2,1,3,0,0,0,2,5,0,Normal,0
3112,0.004139,udp,ftp,RST,12,8,123.0,95.0,45.736,31,31,480.73,427.919,1,0,19.913,0.886,1.315,5.851,0,3797891560,2615974556,0,0.103752,0.004788,0.006403,37.8,36.2,0,134.0,6,1,0,2,1,4,0,0,0,3,2,0,Normal,0
3113,0.070775,tcp,ftp,ECO,27,11,3505.0,156.0,139.235,31,62,460.655,787.172,2,0,13.383,18.907,2.37,1.601,0,3974354844,3659493508,255,0.004261,0.019941,0.022842,18.5,188.8,1,235.0,5,2,2,3,4,2,1,0,1,3,4,1,Exploits,1
3114,0.020402,tcp,http,ECO,28,8,861.0,220.0,22.973,31,62,2390.342,636.92,0,2,26.333,4.698,2.095,3.508,0,2516003636,2370468721,0,0.167391,0.009309,0.009772,25.4,23.3,0,46.0,2,0,4,2,3,0,0,1,1,0,1,0,Generic,1
3115,0.586239,tcp,ssh,REQ,9,9,229.0,84.0,4.658,31,128,858.28,686.994,2,2,32.523,2.796,0.162,7.267,0,162133846,819262276,0,0.130526,0.014884,0.013374,37.2,60.8,0,33.0,2,1,0,1,2,1,0,0,1,2,1,0,Normal,0
3116,0.160097,tcp,ftp,FIN,25,7,3366.0,386.0,45.442,62,62,389.366,1845.269,2,0,1.937,24.317,5.614,1.098,0,2224270888,1038221407,0,0.113016,0.019412,0.029479,148.3,28.3,1,22.0,2,3,0,3,2,0,0,0,0,3,1,0,Generic,1
3117,0.229412,tcp,smtp,INT,11,13,124.0,635.0,7.179,254,128,222.578,1240.267,1,1,13.966,12.507,3.008,1.73,0,3046343728,2545943894,0,0.063062,0.001831,0.052942,30.8,279.5,1,7.0,5,2,2,3,1,2,0,0,0,0,2,0,Normal,0
3118,0.184933,tcp,http,REQ,23,7,6174.0,362.0,7.43,62,128,661.551,508.319,0,1,0.959,4.036,4.101,7.343,0,2869174857,778315382,255,0.015444,0.00576,0.037891,38.6,6.4,0,94.0,3,2,2,2,0,3,0,0,0,6,0,1,Generic,1
3119,0.155464,tcp,-,FIN,13,4,549.0,226.0,6.388,254,31,2406.18,490.091,1,2,13.317,24.19,3.725,9.169,0,2211560279,311190975,255,0.106846,0.028731,0.015041,68.9,4.4,0,183.0,1,1,1,1,3,2,0,0,0,7,4,0,Normal,0
3120,1.081084,tcp,-,FIN,15,6,173.0,47.0,4.227,254,62,878.212,3678.927,0,0,1.187,4.917,2.047,1.187,0,3214046058,616882648,0,0.004995,0.006665,0.009818,29.2,6.4,1,2.0,1,1,2,2,2,0,0,0,0,0,2,0,Normal,0
3121,0.346257,tcp,-,INT,8,8,21.0,407.0,64.746,62,128,223.533,4130.358,0,1,3.376,7.808,3.297,8.556,0,3222956510,2037323021,0,0.229628,0.004543,0.025077,159.8,294.7,0,55.0,0,2,1,0,1,1,0,0,2,2,3,0,Normal,0
3122,0.345154,icmp,pop3,ECO,9,7,614.0,241.0,42.585,254,31,525.161,111.522,2,0,2.332,4.197,2.461,6.007,0,742698037,2537058535,0,0.023832,0.00618,0.005632,25.4,26.9,0,303.0,3,1,1,3,1,1,0,0,0,1,9,1,Normal,0
3123,0.402024,tcp,ftp,CON,14,12,25.0,338.0,19.786,128,62,995.026,296.547,1,0,5.46,2.551,0.114,1.391,255,1764394174,3328924392,255,0.025358,0.060712,0.002215,20.4,25.8,0,17.0,3,3,4,1,1,2,0,0,0,2,4,0,Normal,0
3124,0.070026,tcp,ftp,ECO,19,7,84.0,640.0,83.179,62,31,749.614,1296.22,3,2,0.785,4.658,8.52,2.852,255,3927344385,529134033,0,0.023525,0.01527,0.030295,21.5,6.2,2,54.0,1,3,6,3,1,2,0,0,0,2,5,0,Normal,0
3125,0.271833,tcp,smtp,RST,11,7,621.0,206.0,51.063,62,31,7.291,1202.025,0,2,5.952,3.972,3.479,1.239,255,3172031239,3744536954,0,0.009067,0.032686,0.013408,147.8,8.6,1,4.0,2,2,4,1,3,7,0,0,0,1,3,0,Normal,0
3126,0.504351,tcp,-,CON,10,6,1340.0,337.0,74.776,128,254,1652.224,1322.935,1,0,16.561,13.944,2.042,12.504,255,2425573158,2447549943,0,0.038115,0.0186,0.001219,74.1,187.2,1,629.0,6,1,4,2,3,1,0,0,0,3,2,0,Normal,0
3127,0.541304,tcp,smtp,CON,12,10,249.0,550.0,1.609,128,254,1576.642,0.775,0,1,13.119,23.103,2.81,8.755,0,477684545,120150288,255,0.02351,0.005917,0.015077,30.7,55.5,0,96.0,4,4,1,2,2,1,1,0,0,5,7,0,Normal,0
3128,0.192368,udp,smtp,RST,7,5,26.0,467.0,0.213,62,62,1160.305,1300.244,0,0,28.32,2.852,0.529,6.779,255,657015147,2832883403,0,0.106286,0.00889,0.015923,214.3,42.4,1,365.0,3,2,3,0,3,1,0,0,1,0,3,0,Normal,0
3129,0.056299,tcp,pop3,RST,23,7,3935.0,1078.0,45.018,62,31,623.319,586.925,0,1,4.813,0.493,11.33,5.65,0,1174969591,1854792549,255,0.05971,0.016526,0.008104,156.8,90.7,0,297.0,6,3,1,1,1,0,0,1,0,1,4,0,Generic,1
3130,0.2691,tcp,-,REQ,26,9,1530.0,134.0,57.492,128,254,1646.194,126.949,2,2,0.256,7.002,1.531,4.217,0,1853709432,2104917505,0,0.00703,0.033318,0.022962,188.0,47.6,0,185.0,1,1,2,1,0,3,0,0,1,0,3,0,Analysis,1
3131,1.083717,tcp,-,ECO,9,11,1041.0,608.0,25.421,62,254,816.217,29.423,1,0,16.746,9.014,4.499,3.919,0,2828423088,1806184631,0,0.039078,0.028512,0.013773,67.1,119.4,2,162.0,2,1,3,0,4,4,0,1,1,3,1,0,Normal,0
3132,0.53657,tcp,pop3,FIN,32,8,4883.0,1656.0,38.55,254,254,502.413,389.177,0,0,6.066,9.211,0.959,1.823,255,4089982251,506199853,255,0.168088,0.032298,0.009666,47.0,82.4,0,266.0,2,3,2,4,2,3,0,1,0,1,3,0,Reconnaissance,1
3133,0.193016,arp,ftp,INT,14,11,462.0,946.0,66.35,62,254,1112.214,635.05,0,1,22.848,12.156,4.556,10.771,0,1336817515,2300836709,255,0.099077,0.005976,0.009127,100.0,2.8,0,429.0,4,2,3,1,1,2,0,0,1,1,3,0,Normal,0
3134,2.234892,tcp,-,REQ,12,13,248.0,57.0,27.866,62,128,1034.011,546.989,0,2,0.186,6.512,1.741,0.476,255,3202867682,68658645,255,0.050144,0.008613,0.028441,55.9,65.9,0,15.0,1,3,5,1,0,2,0,1,2,2,1,0,Normal,0
3135,0.469213,tcp,smtp,FIN,40,15,1035.0,468.0,124.128,31,31,1038.082,444.325,0,0,6.625,1.262,0.934,10.157,0,4257421460,3614991760,255,0.058679,0.023144,0.010921,140.0,53.4,0,61.0,6,2,1,0,4,1,0,0,0,1,1,0,Exploits,1
3136,1.978733,tcp,dns,ECO,33,12,2077.0,195.0,14.642,62,31,1046.378,1340.026,1,0,5.979,6.184,0.191,31.611,0,91469149,3631214122,255,0.058255,0.011253,0.004467,48.6,206.5,0,137.0,2,1,3,2,2,2,0,0,1,0,1,0,Exploits,1
3137,0.32176,tcp,dhcp,REQ,23,6,3911.0,20.0,18.38,128,31,1279.442,2030.721,2,1,3.603,8.306,1.202,4.67,0,3077855452,287745693,255,0.018903,0.013028,0.020743,52.5,98.3,0,139.0,3,3,3,1,0,1,0,0,1,3,7,0,Fuzzers,1
3138,0.092327,tcp,dhcp,CON,13,5,905.0,212.0,19.209,62,62,467.029,907.866,1,1,23.565,16.604,0.161,2.34,255,1559381697,3153512367,0,0.00591,0.013046,0.00568,182.8,13.7,0,11.0,6,0,2,3,0,0,0,0,0,5,3,0,Normal,0
3139,0.174203,tcp,smtp,CON,26,10,1730.0,68.0,8.271,31,62,439.256,1967.641,0,0,2.815,4.867,2.633,2.518,255,174308432,2691209898,255,0.016232,0.002129,0.016483,195.2,179.6,0,126.0,3,1,0,1,5,4,0,0,0,1,2,0,Exploits,1
3140,0.822765,tcp,http,FIN,9,6,1398.0,334.0,60.847,31,254,830.261,629.026,1,2,64.324,4.509,2.848,7.126,255,1856687010,3405352352,255,0.050192,0.002301,0.020469,25.4,170.6,0,107.0,3,3,2,2,0,3,0,1,1,3,4,1,Normal,0
3141,0.414321,tcp,ssh,REQ,11,13,473.0,424.0,17.21,128,62,386.368,282.485,1,1,2.818,4.879,0.934,0.661,0,1155174159,762614540,0,0.032649,0.009809,0.033261,107.8,12.7,1,22.0,4,3,1,1,2,2,0,0,0,1,1,1,Normal,0
3142,0.088987,udp,http,ECO,11,8,519.0,1243.0,27.504,62,128,0.177,249.646,0,2,24.267,17.021,8.181,2.03,0,68228799,1102527979,255,0.046773,0.022887,0.002501,28.0,7.0,0,47.0,3,1,4,1,2,0,0,0,0,1,3,0,Normal,0
3143,1.090804,tcp,pop3,FIN,31,12,1516.0,449.0,47.676,254,128,830.06,939.768,0,2,10.186,6.454,7.231,2.8,255,3224634892,2575315794,255,0.000852,0.016301,0.022111,10.9,234.4,2,321.0,3,4,1,0,1,3,0,1,1,2,4,0,Worms,1
3144,0.147312,tcp,smtp,INT,8,9,26.0,359.0,14.952,254,128,689.761,655.622,1,1,34.553,11.462,3.315,0.441,0,2400843393,2691391550,0,0.12562,0.002969,0.000921,18.6,20.2,2,17.0,4,0,2,1,3,0,0,0,0,4,4,0,Normal,0
3145,0.935035,icmp,ftp,REQ,21,12,3457.0,67.0,87.628,31,31,48.397,1153.277,2,1,0.936,1.252,2.151,7.227,0,4162873188,221874937,255,0.025341,0.009267,0.006316,9.8,84.2,0,78.0,2,1,1,3,4,6,0,0,0,1,4,0,Fuzzers,1
3146,0.023831,tcp,dhcp,INT,36,7,1466.0,28.0,2.931,254,62,1388.033,868.049,0,0,11.923,16.783,3.3,3.35,255,3925156303,1618329040,0,0.005063,0.012678,0.00649,41.0,147.8,1,64.0,2,1,5,1,4,3,1,0,0,1,3,0,Generic,1
3147,0.653458,arp,smtp,REQ,33,4,2330.0,594.0,28.63,62,128,341.109,1849.166,1,2,0.167,3.992,3.099,6.095,255,2659065027,221483097,0,0.002669,0.025515,0.001543,67.3,44.7,0,220.0,2,4,4,2,4,2,0,0,1,1,5,0,Exploits,1
3148,0.020611,icmp,dns,RST,21,10,1454.0,366.0,57.187,62,31,1465.508,2268.465,2,0,3.551,4.223,3.702,3.876,255,4070077871,2064279967,0,0.026104,0.008471,0.02466,272.8,125.0,1,387.0,1,1,2,2,2,0,0,0,1,0,3,0,Exploits,1
3149,0.48872,tcp,http,ECO,21,11,1443.0,295.0,63.354,62,31,843.652,202.645,0,1,17.829,0.864,4.698,1.473,255,2195296076,1381214807,255,0.013827,0.040365,0.009251,66.3,37.4,1,57.0,3,0,1,7,2,3,0,0,1,4,9,0,DoS,1
3150,0.230484,tcp,ssh,REQ,16,7,459.0,955.0,14.737,31,62,18.11,505.686,2,0,6.462,3.755,4.337,3.333,255,1455313997,2145777610,255,0.030202,0.005504,0.037522,71.5,103.0,0,739.0,3,2,3,1,3,1,0,1,0,2,2,1,Normal,0
3151,1.217632,udp,ftp,RST,6,8,289.0,288.0,9.657,31,128,2552.386,868.692,3,0,16.613,5.005,1.725,8.491,255,269282569,3651732418,0,0.107451,0.012156,0.009997,5.4,4.9,1,2.0,2,1,1,0,1,0,0,0,0,2,1,0,Normal,0
3152,0.279095,tcp,http,CON,25,14,3358.0,539.0,140.115,62,62,1250.659,598.281,1,0,3.962,0.484,6.308,6.393,0,1954508785,1835216874,0,0.008835,0.040026,0.020723,161.3,24.7,0,82.0,2,1,0,2,1,5,0,0,0,2,4,0,Generic,1
3153,1.204224,tcp,-,FIN,11,8,191.0,123.0,40.237,254,31,442.705,474.994,2,4,32.798,14.435,3.965,1.765,255,3201579658,3326218736,255,0.292975,0.023227,0.000264,35.0,6.4,0,75.0,0,3,0,1,8,3,0,0,0,0,3,0,Normal,0
3154,0.356859,tcp,ssh,FIN,11,8,7.0,571.0,38.75,128,31,1128.331,730.509,3,1,9.796,8.458,12.292,21.806,0,3202872098,1034941580,0,0.004872,0.00309,0.007473,34.0,68.7,0,59.0,2,3,6,5,4,5,0,0,0,5,2,0,Normal,0
3155,0.034582,tcp,dhcp,FIN,11,7,48.0,655.0,6.011,128,62,2392.249,1863.324,1,0,13.989,2.059,5.145,10.238,0,752963658,2588410839,0,0.160626,0.001056,0.039785,130.5,110.7,0,3.0,4,3,1,2,3,2,0,1,0,2,0,0,Normal,0
3156,0.129072,icmp,ftp,RST,7,9,12.0,108.0,4.325,254,62,269.458,472.406,0,3,5.616,5.589,3.124,10.406,0,53497385,1220510006,255,0.004618,0.038235,0.001876,277.9,3.0,0,155.0,6,3,3,4,0,4,0,0,0,1,1,0,Normal,0
3157,0.299033,udp,http,FIN,11,6,245.0,697.0,65.633,31,62,81.713,574.469,3,2,3.059,0.891,9.232,1.743,255,3174497311,775066712,0,0.150702,0.012309,0.036898,8.1,9.0,2,64.0,2,1,0,2,1,2,0,0,0,1,1,0,Normal,0
3158,1.430157,icmp,smtp,INT,17,13,463.0,148.0,14.792,128,254,1113.654,335.28,1,1,3.678,3.474,10.602,1.679,255,485346468,553519525,0,0.047225,0.037872,0.011481,94.2,15.2,0,110.0,5,1,1,1,3,1,0,0,0,1,1,0,Normal,0
3159,0.139428,udp,http,REQ,32,9,933.0,881.0,54.72,31,254,496.508,438.616,0,0,1.409,2.06,35.283,6.094,0,1218602361,546413504,255,0.182244,0.019537,0.001893,92.1,4.1,1,97.0,3,1,3,1,3,3,0,0,0,1,2,0,Reconnaissance,1
3160,1.001843,udp,-,RST,9,6,259.0,13.0,19.897,128,31,305.072,982.017,0,0,4.076,46.786,7.681,6.722,0,3025014506,2349685950,255,0.084313,0.002953,0.003046,7.2,77.4,0,359.0,2,1,2,0,2,4,0,0,1,2,4,0,Normal,0
3161,0.562859,tcp,ssh,FIN,32,9,956.0,561.0,120.104,254,128,1424.436,635.47,0,2,7.157,1.717,1.326,2.735,0,707956569,3444507448,255,0.080688,0.005736,0.041866,164.8,52.5,1,307.0,5,3,3,1,3,2,0,1,0,0,4,0,Backdoor,1
3162,0.865936,ospf,smtp,ECO,25,8,2209.0,1064.0,30.199,128,254,733.396,236.065,0,3,26.142,0.921,0.668,0.763,255,1893545897,4209193518,255,0.046332,0.046344,0.000587,7.7,187.2,0,52.0,6,0,2,3,1,5,0,1,0,3,1,0,Analysis,1
3163,0.352849,arp,-,INT,12,7,47.0,157.0,2.905,62,254,206.301,2660.047,2,4,5.63,20.305,3.892,0.992,0,2577021956,1399771777,255,0.008057,0.011987,0.020702,156.5,63.8,0,7.0,0,2,2,0,4,1,0,0,0,4,3,0,Normal,0
3164,0.130991,udp,http,FIN,25,7,1035.0,1394.0,29.711,31,62,636.416,81.674,1,0,2.305,21.045,0.376,0.546,0,571605142,1783511160,255,0.034818,0.006531,0.017118,68.3,34.7,2,133.0,3,2,1,0,4,4,0,1,0,5,2,0,Exploits,1
3165,0.169555,udp,http,FIN,34,6,3268.0,38.0,6.368,254,128,441.167,517.959,0,0,1.688,28.065,3.992,3.433,255,2505430155,2832141982,0,0.039731,0.009137,0.006236,75.3,181.1,1,172.0,2,4,1,3,3,2,0,0,1,4,2,0,Generic,1
3166,0.376043,tcp,ssh,ECO,31,11,781.0,346.0,62.451,254,128,886.033,398.31,0,1,7.789,1.739,0.511,2.397,255,1666012798,3155756345,0,0.035885,0.024033,0.036806,386.5,8.8,1,89.0,0,2,2,3,2,1,0,3,0,3,3,0,Exploits,1
3167,0.808347,tcp,ssh,ECO,12,6,405.0,55.0,44.19,254,62,426.963,117.173,1,2,0.052,12.557,2.912,2.834,0,469980967,319682050,255,0.029576,0.020039,0.000594,23.0,5.2,1,538.0,5,1,3,1,1,0,0,0,0,2,2,0,Normal,0
3168,0.472929,icmp,ssh,RST,10,10,668.0,426.0,57.579,128,31,621.236,367.249,0,1,0.909,6.279,6.089,7.855,255,3413816358,1089384905,255,0.04805,0.005042,0.015227,42.6,34.2,1,483.0,3,2,0,2,1,3,0,0,1,2,3,0,Normal,0
3169,1.227369,tcp,-,INT,8,8,474.0,898.0,96.776,128,128,4009.271,1952.197,0,2,8.573,23.716,2.001,1.84,0,249410467,2784882958,0,0.077882,0.023106,0.006113,116.1,122.5,0,79.0,4,4,3,2,2,4,1,0,0,1,3,0,Normal,0
3170,0.003726,tcp,pop3,ECO,32,4,779.0,541.0,42.674,254,254,294.465,721.766,0,0,10.628,27.102,1.767,0.956,0,2040586477,4056400209,255,0.023951,0.031582,0.010053,74.4,103.4,0,85.0,5,1,2,0,1,3,0,0,0,4,1,0,Generic,1
3171,0.045254,tcp,http,CON,24,10,2396.0,41.0,111.424,254,254,1310.824,371.553,2,0,2.453,3.341,4.896,6.136,255,2692479549,440738668,0,0.077291,0.008632,0.000987,250.6,132.9,0,33.0,4,3,2,2,3,5,0,0,0,1,2,0,Shellcode,1
3172,0.331346,tcp,dhcp,CON,32,15,726.0,16.0,71.113,62,62,1541.597,235.023,1,0,1.918,19.673,2.628,6.302,255,167581376,1548627249,0,0.125845,0.041186,0.038494,178.2,28.2,0,106.0,4,0,0,2,2,1,0,0,1,1,2,0,Generic,1
3173,0.143985,tcp,pop3,RST,31,4,2173.0,602.0,3.658,128,128,271.991,133.435,0,1,5.122,35.381,8.078,1.097,255,2171438163,644166337,0,0.007402,0.030093,0.021364,97.8,300.8,1,716.0,2,3,0,1,2,2,0,0,0,3,4,0,Exploits,1
3174,0.666675,tcp,dns,CON,19,6,4588.0,1045.0,26.188,254,254,1047.871,314.732,3,1,4.159,2.378,1.778,0.24,255,3268749199,1464841195,0,0.094219,0.018616,0.015209,48.8,173.4,0,617.0,5,1,3,1,1,3,0,0,0,4,4,0,Backdoor,1
3175,0.269729,tcp,pop3,REQ,28,13,816.0,345.0,97.759,62,254,169.794,804.112,0,0,9.141,18.39,7.98,6.846,255,1112628887,2260020835,0,0.052106,0.016975,0.00634,100.8,29.8,2,301.0,1,2,5,2,2,2,0,0,0,3,2,0,Generic,1
3176,0.927708,tcp,ssh,REQ,7,9,473.0,58.0,3.368,62,128,705.335,54.785,0,2,22.069,26.667,2.695,0.035,0,861391655,1225725547,0,0.025651,0.010022,0.010932,110.3,30.4,1,37.0,2,1,1,3,2,2,0,0,0,2,4,0,Normal,0
3177,0.698302,tcp,pop3,FIN,26,13,2946.0,120.0,11.872,128,128,883.601,25.758,1,1,7.746,2.289,5.155,8.761,0,915654134,833792744,0,0.097346,0.046253,0.03635,12.7,149.7,0,48.0,3,1,1,3,1,3,0,0,0,0,3,0,DoS,1
3178,1.268028,tcp,-,ECO,7,8,411.0,958.0,21.455,254,128,589.426,1013.171,3,0,16.587,27.708,0.829,2.256,255,2995222712,1126345398,255,0.001173,0.064751,0.028238,28.8,65.0,1,280.0,3,3,0,2,4,0,0,1,0,2,1,1,Normal,0
3179,0.063241,udp,-,FIN,5,5,149.0,1133.0,10.551,128,31,513.688,10.485,1,2,9.617,2.431,2.253,0.633,0,2614118236,784952358,255,0.139217,0.016022,0.032328,75.9,16.1,0,104.0,3,3,1,1,1,2,0,0,0,0,1,0,Normal,0
3180,0.242586,tcp,dhcp,ECO,11,7,149.0,1882.0,26.311,128,31,303.32,31.003,0,3,0.937,4.934,4.002,8.395,255,459649645,677867979,255,0.025089,0.013013,0.031951,528.7,142.7,0,38.0,2,2,3,2,5,2,0,0,0,0,2,1,Normal,0
3181,0.081561,tcp,pop3,CON,35,6,2085.0,174.0,21.785,254,254,134.963,615.841,0,1,0.744,1.397,2.968,3.652,0,4111699758,2387064973,255,0.012573,0.032662,0.008099,59.9,7.8,0,160.0,8,8,3,4,5,1,0,1,0,2,5,0,Reconnaissance,1
3182,0.599054,tcp,smtp,INT,10,0,185.0,1812.0,32.004,31,254,979.69,5.924,1,0,1.172,4.365,6.963,1.622,0,3086580350,4086362528,255,0.026475,0.007481,0.032676,328.0,213.9,0,115.0,1,2,4,3,0,2,0,0,0,2,3,0,Normal,0
3183,0.101538,tcp,ftp,CON,9,10,17.0,906.0,6.997,254,31,252.89,1210.11,0,0,3.993,5.24,3.287,8.898,255,3543748587,2203783021,0,0.084889,0.020854,0.02152,321.4,58.1,2,203.0,1,3,2,1,3,5,0,1,1,1,5,0,Normal,0
3184,0.355994,icmp,dns,REQ,9,12,428.0,293.0,73.45,31,31,3441.147,1219.509,1,1,12.875,1.513,3.335,8.304,0,1528685079,1743091511,255,0.003152,0.042962,0.018422,3.2,10.1,0,28.0,5,2,2,2,2,1,0,1,0,3,1,0,Normal,0
3185,0.651902,tcp,dns,FIN,14,12,174.0,943.0,87.001,254,128,679.946,84.584,1,0,4.377,25.44,0.364,2.446,255,2401733255,2954486962,0,0.054249,0.012759,0.009277,9.4,357.2,0,580.0,5,1,1,2,1,1,0,1,0,2,4,0,Normal,0
3186,0.392452,tcp,dns,CON,8,9,251.0,108.0,41.332,31,128,1326.519,380.009,0,3,3.812,9.535,1.758,0.156,0,705283024,3403782303,255,0.041503,0.048218,0.017689,103.9,260.0,1,288.0,3,2,4,4,1,7,0,0,0,3,4,0,Normal,0
3187,0.517926,udp,ssh,REQ,23,8,1329.0,89.0,38.217,254,31,1620.578,1037.989,1,1,0.696,1.438,3.53,3.284,0,2515023724,3772757350,0,0.090407,0.020031,0.026856,156.2,41.7,0,509.0,3,2,1,3,1,0,0,0,0,3,3,0,Exploits,1
3188,0.026603,tcp,pop3,RST,24,13,379.0,343.0,20.308,62,31,291.441,2109.017,0,0,8.16,22.792,1.022,0.428,255,2921788214,3343240780,255,0.2017,0.013461,0.001802,36.0,20.1,0,330.0,3,2,3,0,2,4,0,1,0,0,1,0,DoS,1
3189,0.323026,udp,dns,ECO,5,7,705.0,658.0,165.054,31,62,537.039,682.631,1,3,0.541,18.332,12.026,11.082,0,587278274,1070167989,0,0.021952,0.061827,0.004239,4.8,89.9,0,74.0,2,0,4,4,7,1,0,1,1,2,4,0,Normal,0
3190,0.198147,arp,pop3,ECO,14,6,312.0,130.0,5.186,31,254,791.382,215.877,0,0,24.341,0.442,5.111,0.434,0,3372425077,1262393242,0,0.04281,0.04552,0.0275,75.6,79.3,0,181.0,2,2,2,1,1,2,0,0,0,2,1,0,Normal,0
3191,0.197941,udp,-,ECO,8,8,670.0,146.0,41.449,254,62,2336.463,318.228,1,1,1.013,21.081,3.315,0.18,255,582075352,2781909958,255,0.012688,0.073333,0.020342,120.5,33.0,0,337.0,2,2,0,1,2,2,0,1,0,1,4,0,Normal,0
3192,0.48468,arp,pop3,RST,8,9,153.0,614.0,70.148,31,31,533.866,32.652,1,1,4.902,0.163,3.533,4.247,0,540462001,766175790,255,0.030841,0.052364,0.059633,205.3,25.7,0,342.0,1,0,4,1,2,0,1,0,0,1,7,0,Normal,0
3193,0.67671,tcp,ssh,RST,32,10,6263.0,40.0,23.66,128,31,2696.084,1138.919,0,4,5.262,5.687,1.009,0.989,0,42826210,4192741344,255,0.021928,0.000193,0.012215,84.0,33.7,1,72.0,1,6,2,2,3,3,0,2,0,1,1,0,Generic,1
3194,0.158613,tcp,smtp,INT,34,13,2215.0,138.0,128.483,31,62,530.768,722.195,0,0,14.852,4.285,1.817,0.416,255,4025094007,227186400,255,0.004028,0.006643,0.016984,116.4,99.9,1,419.0,4,4,2,0,5,2,0,0,0,4,3,0,Exploits,1
3195,0.638459,tcp,dns,ECO,32,13,4281.0,91.0,61.367,254,62,3061.839,133.013,1,1,23.517,8.059,3.785,0.63,0,728900378,798468024,0,0.153337,0.056506,0.04072,78.3,65.9,0,165.0,2,2,1,3,5,1,0,1,0,0,2,0,Generic,1
3196,0.697541,tcp,ftp,ECO,10,15,457.0,1271.0,12.806,31,128,234.734,127.098,2,1,1.757,6.686,1.967,10.286,0,2979459600,3678925632,255,0.046855,0.009323,0.010527,359.1,73.7,1,40.0,3,3,3,4,2,2,0,0,0,0,3,0,Normal,0
3197,0.065135,tcp,ftp,REQ,23,6,2126.0,131.0,169.813,254,62,1956.24,581.292,0,1,33.24,10.293,3.93,29.635,255,1960471142,3517404305,255,0.01248,0.032397,0.082845,162.6,370.7,0,1.0,4,2,3,3,1,1,0,0,0,0,4,0,Generic,1
3198,1.55131,tcp,dhcp,FIN,11,10,1377.0,305.0,17.473,254,128,471.896,1076.516,3,2,4.018,5.731,7.313,2.858,255,1405521293,2666826591,255,0.012583,0.002062,0.013189,0.6,2.5,1,206.0,2,2,5,1,3,2,0,0,0,3,5,0,Normal,0
3199,0.816907,tcp,-,FIN,9,12,1265.0,555.0,8.731,254,62,193.513,696.719,1,1,16.228,13.789,2.989,8.771,255,3692331441,4123964496,0,0.058115,0.002081,0.022868,289.0,268.7,1,22.0,2,2,1,3,2,0,0,0,0,1,4,0,Normal,0
3200,1.220542,tcp,ssh,INT,21,6,4411.0,304.0,0.192,62,62,10.313,1308.003,1,1,0.972,12.365,5.144,5.749,255,1023037603,2634008682,255,0.119549,0.027401,0.009361,65.1,34.1,0,367.0,6,4,1,1,4,2,0,0,0,4,1,0,Reconnaissance,1
3201,0.298489,udp,dhcp,REQ,33,10,113.0,2.0,52.019,254,31,563.238,390.089,1,0,6.503,11.772,2.069,11.053,255,536561056,1796948856,255,0.030136,0.04655,0.019794,202.8,208.4,0,723.0,3,2,2,1,2,3,0,0,0,3,3,0,Exploits,1
3202,0.145869,tcp,smtp,REQ,23,6,8309.0,21.0,50.298,31,254,346.848,1071.808,2,0,5.829,7.14,0.245,3.623,255,804401690,645281666,255,0.054185,0.03385,0.005775,70.6,25.7,0,75.0,2,2,3,1,1,0,0,0,0,2,3,0,Reconnaissance,1
3203,0.023668,tcp,ssh,ECO,31,5,1737.0,435.0,196.961,254,62,5277.038,2411.576,1,1,10.291,24.772,2.719,0.887,0,2841333334,3151659324,0,0.027055,0.040028,0.00471,105.4,2.5,1,15.0,2,2,2,2,1,4,0,0,1,1,4,0,Reconnaissance,1
3204,0.851462,tcp,smtp,REQ,24,7,1510.0,235.0,3.193,254,128,810.279,316.065,0,1,6.487,1.579,0.494,0.7,0,685398424,545749368,0,0.115627,0.004061,0.000799,2.0,62.4,0,83.0,3,1,3,4,1,2,0,0,1,0,6,0,Generic,1
3205,1.801608,udp,smtp,REQ,31,9,3074.0,465.0,29.38,31,128,1238.371,825.208,1,1,11.727,15.029,9.568,2.477,255,2256295080,1476239418,0,0.005915,0.006676,0.002491,175.1,62.4,0,241.0,1,2,2,1,4,7,0,1,0,3,7,0,Reconnaissance,1
3206,0.433283,tcp,ssh,RST,7,4,1261.0,1601.0,173.605,254,128,699.317,45.023,1,2,1.022,16.365,1.821,3.393,0,3200978011,3269497848,255,0.006254,0.053345,0.005336,253.9,34.3,1,50.0,3,2,5,1,1,1,0,0,0,2,5,0,Normal,0
3207,0.296096,udp,dhcp,ECO,15,12,530.0,338.0,5.896,254,128,463.977,145.778,1,0,12.643,0.376,3.006,2.796,0,2046657725,32228025,0,0.135697,0.030688,0.008237,57.0,22.8,1,58.0,3,1,3,1,3,2,0,0,0,4,5,0,Normal,0
3208,0.516676,tcp,ssh,REQ,8,11,3.0,419.0,89.584,31,62,648.567,915.451,1,0,5.174,1.852,8.465,14.778,0,759182381,2315688823,255,0.078392,0.04451,0.007152,1.4,66.4,0,6.0,4,3,1,2,0,2,0,0,0,3,2,0,Normal,0
3209,0.045592,tcp,pop3,REQ,10,12,62.0,211.0,20.625,31,128,1835.646,3062.852,2,1,21.573,10.365,14.164,1.13,0,2341946025,2392331829,255,0.038275,0.013918,0.006556,27.2,90.9,0,143.0,1,3,4,1,3,2,0,0,0,1,0,0,Normal,0
3210,0.119589,arp,smtp,FIN,9,10,199.0,1310.0,4.875,254,254,555.687,35.905,2,1,22.126,18.314,2.365,3.371,255,21583493,2671022369,255,0.084481,0.02424,0.001381,291.2,10.5,0,245.0,2,3,0,0,2,2,0,0,0,1,1,0,Normal,0
3211,0.397792,tcp,pop3,REQ,12,5,528.0,278.0,3.389,62,254,1414.982,1506.262,1,2,7.132,5.108,3.146,6.761,0,3846856385,2986375244,0,0.03091,0.001482,0.007034,202.8,45.4,0,31.0,0,0,2,2,2,3,0,0,0,3,2,1,Normal,0
3212,0.334667,tcp,dhcp,CON,26,7,695.0,328.0,93.87,31,31,1771.903,1045.416,0,1,6.478,7.337,10.731,0.599,255,972223320,1884126851,0,0.051607,0.017649,0.021733,87.7,22.8,0,228.0,1,3,0,2,0,1,0,0,0,2,4,0,Exploits,1
3213,1.363166,tcp,http,INT,28,12,3188.0,447.0,25.343,254,254,658.918,439.998,1,0,4.764,11.384,14.914,3.757,255,1225573694,1244041693,0,0.010949,0.028953,0.030956,50.2,22.8,1,1039.0,10,0,1,1,1,1,0,0,1,1,1,0,Fuzzers,1
3214,0.359802,tcp,pop3,REQ,33,4,1819.0,1328.0,1.126,254,62,301.58,681.278,0,1,2.891,14.011,0.421,3.552,255,2590138817,3465209097,0,0.016537,0.050678,0.020102,3.1,50.3,0,575.0,7,3,1,5,2,2,0,0,0,4,3,0,Generic,1
3215,0.191906,tcp,ssh,FIN,7,14,577.0,426.0,13.539,128,254,1752.123,468.807,0,1,5.994,12.211,8.28,1.118,255,2881285803,2294174597,255,0.017899,0.003237,0.01035,242.8,39.8,1,310.0,0,3,1,1,2,1,0,0,0,1,4,0,Normal,0
3216,0.23069,tcp,dns,RST,28,10,3992.0,294.0,99.951,254,31,616.894,2586.581,0,1,14.788,0.645,7.152,3.12,255,2980293439,2799975502,255,0.02092,0.006387,0.040677,33.8,178.2,2,545.0,7,1,3,2,2,3,0,0,0,1,0,0,Exploits,1
3217,0.471634,tcp,pop3,CON,7,8,1103.0,130.0,26.304,128,128,2824.833,4237.407,0,1,12.435,9.268,0.949,0.809,0,3077751932,1412099882,255,0.040355,0.014434,0.121926,64.4,280.2,1,161.0,2,3,0,4,3,4,0,0,1,3,3,0,Normal,0
3218,0.068308,icmp,http,REQ,11,7,281.0,48.0,8.661,128,254,1950.735,3013.611,2,1,13.173,8.204,4.873,13.873,255,2329241832,2932111104,0,0.013502,0.005735,0.004634,164.0,16.3,1,54.0,6,2,1,4,1,2,0,0,0,1,3,0,Normal,0
3219,0.181647,tcp,ssh,INT,5,6,90.0,1183.0,33.046,254,254,2121.931,476.743,0,3,9.393,6.923,8.279,4.111,0,2365855453,821714942,255,0.026539,0.027676,0.008035,716.6,576.1,0,154.0,2,2,3,1,1,2,0,0,0,2,4,0,Normal,0
3220,0.15701,tcp,smtp,INT,8,5,26.0,31.0,79.603,128,31,1032.939,176.48,0,1,6.052,0.463,9.882,4.697,0,2357153109,3197204886,0,0.310717,0.018916,0.010556,17.5,2.1,0,95.0,4,1,3,1,2,1,0,0,0,5,4,0,Normal,0
3221,1.273382,udp,dhcp,INT,12,7,140.0,192.0,90.41,62,128,339.146,1607.162,2,1,1.828,3.053,5.943,11.177,255,284232417,1336884888,0,0.098731,0.034751,0.010342,25.2,196.4,0,157.0,3,1,2,2,2,4,0,0,1,2,1,0,Normal,0
3222,0.188122,tcp,smtp,FIN,24,7,1074.0,489.0,68.041,62,128,668.012,2797.058,0,1,8.482,11.705,15.157,2.59,0,454336019,3112643278,255,0.064132,0.01071,0.054405,54.6,114.2,1,19.0,3,2,2,2,3,2,0,0,0,4,3,0,Fuzzers,1
3223,0.149092,icmp,smtp,CON,23,2,528.0,198.0,44.888,31,128,1637.7,757.189,3,2,1.635,12.683,6.593,1.144,255,3483589983,590280868,255,0.050825,0.022388,0.013591,124.3,92.1,0,77.0,4,2,1,4,2,3,0,1,1,1,0,1,Exploits,1
3224,0.083385,tcp,smtp,RST,34,9,4621.0,125.0,35.313,62,31,578.269,213.139,0,1,2.734,3.767,2.415,4.574,255,3498023095,576678141,0,0.015605,0.010384,0.050033,25.0,41.9,0,163.0,2,2,0,0,1,2,0,0,0,6,3,0,Exploits,1
3225,0.284581,udp,smtp,FIN,7,5,171.0,1013.0,25.652,31,254,1401.504,774.908,1,1,17.324,0.361,0.036,15.289,255,3193926404,2468589549,0,0.018788,0.018114,0.01085,25.4,211.3,0,961.0,3,2,3,6,6,4,0,0,0,3,5,0,Normal,0
3226,0.017139,icmp,dhcp,INT,33,10,167.0,772.0,5.17,62,128,694.098,12.278,3,0,11.697,1.792,7.883,9.096,255,2055325070,4272353706,255,0.007347,0.020027,0.01068,41.2,86.4,1,189.0,2,1,0,0,2,0,0,1,0,3,3,0,Fuzzers,1
3227,0.481879,tcp,pop3,FIN,25,8,4800.0,69.0,104.127,31,128,369.596,1851.365,1,1,13.929,13.092,3.2,25.151,0,1744243466,3274891437,0,0.007603,1.3e-05,0.026861,252.6,85.0,1,69.0,5,4,0,1,2,1,0,0,0,1,5,0,Generic,1
3228,0.539741,udp,-,REQ,12,10,174.0,55.0,15.025,254,31,653.496,1143.867,0,1,1.191,4.023,1.441,1.903,255,2262950996,983564268,255,0.038421,0.003467,0.031262,24.8,99.7,0,152.0,4,2,1,0,3,2,0,0,0,1,2,0,Normal,0
3229,0.055501,udp,smtp,REQ,22,10,1741.0,500.0,60.369,128,128,557.448,311.781,1,2,0.503,0.473,0.908,2.464,0,2495915208,3316376302,0,0.066559,7.6e-05,0.032187,44.4,13.0,0,242.0,4,4,2,2,0,2,0,0,0,0,1,0,Generic,1
3230,0.012887,udp,ftp,INT,14,11,702.0,100.0,40.093,31,31,74.703,290.476,1,3,1.982,4.688,1.102,3.931,0,290180926,3219973213,0,0.151263,0.007069,0.040884,18.1,27.4,0,58.0,2,3,2,1,3,4,0,0,2,1,3,0,Normal,0
3231,0.194528,tcp,http,RST,8,11,412.0,307.0,9.274,128,31,271.445,242.873,1,0,5.31,6.988,2.734,6.821,0,3684534168,3253731942,0,0.039367,0.003297,0.016003,108.3,79.5,0,108.0,2,1,2,1,1,3,0,0,0,1,1,0,Normal,0
3232,1.64685,tcp,pop3,CON,9,8,168.0,322.0,70.255,128,128,188.112,342.483,1,0,4.193,5.124,13.273,2.25,255,2061996309,2229418513,255,0.113082,0.082598,0.01539,2.4,112.9,2,101.0,0,2,2,3,4,1,0,0,0,1,4,0,Normal,0
3233,0.984155,tcp,pop3,REQ,10,9,5.0,510.0,112.515,31,128,3197.905,807.36,1,1,23.78,55.886,1.839,8.783,255,1862308942,108928460,255,0.092501,0.001364,0.030539,45.7,100.7,0,102.0,3,0,2,3,1,3,0,2,0,3,1,0,Normal,0
3234,0.662696,arp,dhcp,CON,16,4,1516.0,121.0,99.665,128,128,4220.06,423.578,0,3,2.104,4.132,9.963,2.626,255,3714473519,2515020560,255,0.023377,0.010639,0.001012,53.9,54.0,0,179.0,1,3,0,1,5,2,0,0,0,3,3,0,Normal,0
3235,0.832915,tcp,dns,REQ,3,4,418.0,97.0,30.262,128,254,534.483,291.579,0,3,32.493,7.939,14.88,1.432,255,3115267064,3987479389,255,0.010748,0.006181,0.01991,17.7,249.0,1,40.0,3,0,0,4,3,2,0,0,0,4,3,0,Normal,0
3236,0.991946,tcp,dns,FIN,13,8,562.0,1031.0,11.443,62,128,545.788,2429.321,1,0,0.885,15.418,0.667,5.911,255,3084473055,2718941535,255,0.023467,0.001672,0.02483,212.0,140.6,0,728.0,4,3,2,0,1,0,0,0,1,4,6,0,Normal,0
3237,0.191452,icmp,pop3,CON,30,5,1576.0,228.0,27.168,128,62,1424.033,380.848,0,1,17.036,3.916,1.056,5.348,0,2938257541,383506032,255,0.004818,0.086526,0.035672,79.5,83.8,0,151.0,2,4,1,6,0,4,0,0,3,3,3,0,Analysis,1
3238,0.302423,tcp,http,RST,11,8,82.0,306.0,128.184,62,128,3058.498,2224.731,1,1,2.095,9.586,0.414,14.831,255,1211427982,1019438518,255,0.120475,0.018066,0.019146,25.4,102.0,0,473.0,3,1,1,4,1,3,1,0,0,0,3,0,Normal,0
3239,0.598679,tcp,-,RST,10,7,107.0,683.0,73.361,254,128,792.924,132.925,0,3,1.275,1.891,1.313,0.13,0,3488775593,3038692243,255,0.002468,0.026025,0.074261,23.9,135.1,1,193.0,4,2,0,4,0,3,0,0,0,0,2,0,Normal,0
3240,0.145433,tcp,dns,CON,11,10,366.0,747.0,35.551,254,254,1314.0,1661.523,1,2,2.338,5.718,0.422,1.911,255,845322652,4068109313,0,0.118973,0.022565,0.00249,14.9,192.9,0,664.0,5,1,3,2,0,3,0,0,0,3,3,0,Normal,0
3241,1.185319,udp,ssh,CON,26,11,2575.0,411.0,17.419,128,128,4284.181,214.951,2,1,6.715,3.282,3.751,0.316,0,3389656836,1301071914,255,0.010207,0.015555,0.005572,64.9,18.0,0,46.0,4,3,0,2,1,1,0,0,1,1,4,0,DoS,1
3242,0.469217,tcp,dns,CON,35,8,4502.0,182.0,19.046,31,254,108.361,2412.637,2,1,5.392,8.446,3.372,3.754,0,4167946564,3909187244,0,0.036435,0.002943,0.016864,111.7,148.5,0,116.0,1,0,2,1,2,3,1,1,0,1,4,0,Generic,1
3243,0.417452,tcp,http,CON,31,7,257.0,645.0,7.706,128,128,639.379,989.008,1,0,25.504,18.626,2.356,8.507,255,3656541683,3935929686,0,0.0172,0.033965,0.026548,19.3,214.3,0,335.0,5,4,1,3,0,2,0,0,0,2,4,0,Reconnaissance,1
3244,0.210866,tcp,smtp,ECO,7,8,114.0,623.0,4.323,62,62,179.959,237.782,1,1,1.466,5.484,7.294,1.111,255,3846020535,4206130668,255,0.031349,0.010647,0.002062,182.5,11.1,0,58.0,3,4,3,2,0,1,0,0,1,2,4,0,Normal,0
3245,0.046376,tcp,dhcp,REQ,8,2,2044.0,663.0,83.942,128,31,526.794,319.015,0,0,7.339,19.706,0.723,4.431,255,1862105236,312061760,255,0.010805,0.006316,0.052889,2.2,14.7,0,214.0,2,0,1,0,2,2,0,0,2,2,3,0,Normal,0
3246,0.54885,tcp,ftp,INT,32,4,108.0,214.0,11.501,128,128,762.996,565.587,1,1,5.031,11.513,2.697,6.351,255,1143412355,2271932390,0,0.053208,0.000526,0.011342,52.1,335.9,0,271.0,2,2,7,5,4,0,0,0,0,3,2,0,Generic,1
3247,0.620631,tcp,dns,INT,11,10,725.0,125.0,26.196,254,254,1000.728,457.181,0,0,10.556,5.389,6.682,4.455,0,4004569260,1973481763,255,0.068469,0.00245,0.017548,0.2,55.7,0,797.0,6,2,3,1,1,3,1,0,0,2,1,0,Normal,0
3248,1.110624,udp,ftp,REQ,27,15,3735.0,73.0,13.443,31,128,172.069,317.156,0,0,14.138,14.191,3.628,3.947,0,3800964490,4211017596,255,0.051285,0.001226,0.02188,6.6,53.6,0,288.0,3,1,1,2,0,2,0,0,1,6,1,0,Fuzzers,1
3249,0.424696,tcp,ftp,REQ,33,9,1256.0,48.0,40.684,128,128,1854.96,342.801,0,2,0.961,12.529,8.801,5.566,0,513850889,295378510,0,0.084446,0.01572,0.041049,159.4,25.4,2,41.0,7,6,2,0,1,2,0,0,0,3,2,0,DoS,1
3250,0.52081,tcp,ssh,INT,16,7,621.0,18.0,21.403,62,128,3429.492,318.977,2,0,11.971,11.884,4.15,1.517,255,4284723530,2417334036,255,0.014098,0.063507,0.049667,167.8,183.2,0,375.0,4,5,2,0,1,2,0,1,0,4,2,0,Normal,0
3251,0.60124,tcp,ftp,ECO,43,4,676.0,227.0,153.404,31,128,2066.405,109.628,0,2,4.39,3.092,1.502,13.531,255,1339017466,1385724937,0,0.097012,0.015701,0.032776,61.5,30.6,0,488.0,1,3,2,2,1,2,0,1,0,0,5,0,Backdoor,1
3252,0.434556,tcp,smtp,CON,36,7,603.0,383.0,41.872,62,128,61.121,1174.213,1,2,2.84,18.563,14.662,0.01,0,3742069366,297209573,255,0.012839,0.052811,0.030959,206.1,1.9,0,103.0,2,1,3,1,2,1,0,0,0,2,5,0,Generic,1
3253,0.209488,udp,-,INT,12,8,548.0,247.0,1.349,128,62,967.42,599.657,1,3,7.157,47.681,9.711,3.734,0,2455877762,382163709,0,0.199607,0.02985,0.003349,11.9,10.0,0,338.0,4,1,3,2,0,2,0,0,0,4,2,0,Normal,0
3254,0.398667,tcp,ssh,FIN,13,7,1171.0,1.0,165.547,254,62,137.011,954.045,1,1,4.594,9.71,0.626,4.065,0,3149437438,3293441894,0,0.074174,0.013859,0.030642,3.8,63.6,0,63.0,4,1,1,4,1,5,0,0,0,3,5,0,Normal,0
3255,0.10105,icmp,-,INT,16,8,1167.0,708.0,13.515,128,31,296.078,554.086,0,2,9.677,4.103,3.539,3.231,255,3689116585,571723942,255,0.001601,0.035056,0.033923,239.3,46.6,0,175.0,5,4,0,1,3,3,0,0,0,2,0,0,Normal,0
3256,0.094837,udp,dns,ECO,33,7,6381.0,1.0,6.881,62,254,1056.348,678.146,1,0,1.567,4.956,10.157,12.474,255,905268917,3235574194,0,0.008526,0.005254,0.034528,84.7,31.6,0,159.0,4,3,3,2,0,5,0,0,0,4,2,0,Fuzzers,1
3257,1.409847,udp,pop3,ECO,8,4,300.0,227.0,0.035,128,128,2331.035,3745.385,0,1,1.725,62.241,0.04,3.007,0,1835221523,4092257754,0,0.007814,0.017709,0.046062,134.7,26.3,1,33.0,4,2,1,3,1,3,0,0,0,3,2,0,Normal,0
3258,0.105682,udp,ftp,INT,13,7,22.0,400.0,17.946,128,31,1195.502,703.635,1,2,11.026,30.608,1.679,0.106,255,1113495529,2307022063,0,0.014571,0.000877,0.011684,15.1,44.7,0,68.0,4,5,5,0,2,3,0,0,1,5,3,0,Normal,0
3259,0.303859,tcp,ssh,FIN,22,8,2845.0,942.0,24.696,128,128,382.455,1664.224,0,1,4.756,3.709,0.198,11.272,255,723589697,564811810,0,0.011086,0.015702,0.088527,572.9,14.7,0,13.0,5,3,2,3,2,0,0,0,1,2,2,0,Generic,1
3260,0.302059,arp,ftp,RST,11,11,447.0,200.0,13.829,31,31,264.159,273.729,0,5,5.312,1.613,9.632,0.528,255,2250398825,1416641762,0,0.010071,0.012022,0.102802,69.6,16.8,0,337.0,1,3,0,2,2,3,0,0,0,0,1,0,Normal,0
3261,0.385819,udp,dhcp,REQ,10,6,141.0,1237.0,175.0,62,254,1483.316,1059.052,2,0,3.822,9.933,2.594,16.868,0,2294335821,2712132116,255,0.018861,0.002679,0.010831,46.0,110.0,1,198.0,2,1,1,2,0,1,1,1,1,2,1,0,Normal,0
3262,1.807557,tcp,dhcp,ECO,33,10,1066.0,65.0,168.548,62,62,56.554,621.324,3,1,9.083,12.718,1.872,0.889,0,2318206090,2907525213,255,0.011559,0.045028,0.002501,25.3,31.4,0,15.0,1,2,4,3,3,3,0,0,0,3,4,0,Exploits,1
3263,0.142958,tcp,dhcp,REQ,13,4,159.0,510.0,2.798,31,254,1585.775,1870.658,0,0,7.532,2.867,22.748,0.532,0,916927543,4263646181,0,0.017133,0.03022,0.018733,29.0,50.1,0,22.0,3,3,2,0,1,2,0,0,0,1,4,0,Normal,0
3264,0.019319,tcp,dns,FIN,13,6,62.0,1128.0,40.852,62,62,368.395,650.858,1,2,9.255,1.145,3.011,2.938,255,1638089913,2956916831,0,0.068929,0.011704,0.010316,159.1,84.4,1,116.0,1,0,1,3,2,3,0,0,0,1,3,0,Normal,0
3265,0.215899,udp,ftp,ECO,15,7,1011.0,262.0,37.116,128,31,2241.467,363.327,0,2,3.458,18.289,7.875,2.197,255,3794215847,1164745357,255,0.065145,0.018215,0.018444,2.3,208.6,0,110.0,2,3,5,1,5,3,0,0,0,0,2,0,Normal,0
3266,0.222499,tcp,smtp,RST,14,9,736.0,585.0,21.775,31,254,143.12,1777.881,1,0,2.437,20.858,12.652,17.713,0,1152086126,805365978,0,0.133157,0.069248,0.038867,6.7,28.0,2,14.0,3,3,2,3,7,4,0,0,0,5,2,0,Normal,0
3267,0.069981,udp,pop3,RST,5,7,2061.0,766.0,19.969,62,31,78.57,180.072,1,1,5.697,12.142,5.37,3.135,0,3351958197,1641503273,255,0.023364,0.033705,0.003894,28.5,15.6,1,173.0,5,5,3,2,2,2,0,0,1,3,1,0,Normal,0
3268,0.01166,tcp,smtp,FIN,35,6,2946.0,136.0,51.839,128,62,11.966,3018.131,0,0,4.388,26.459,11.598,1.692,0,426561510,3633385521,255,0.001916,0.014584,0.023012,87.9,99.9,2,314.0,2,4,4,5,2,2,0,1,0,1,1,1,Exploits,1
3269,0.161725,tcp,ssh,INT,28,2,1566.0,208.0,36.883,254,128,407.014,511.697,2,0,14.496,6.239,1.965,0.209,255,3868517441,1320580167,255,0.000216,0.000362,0.012364,1.0,7.6,1,601.0,1,2,2,2,5,0,0,0,0,1,4,0,Analysis,1
3270,0.432822,tcp,dhcp,INT,11,10,62.0,27.0,2.464,62,128,210.166,1128.407,0,2,5.732,42.487,6.844,12.506,255,370681151,2056060612,255,0.024358,0.016141,0.012228,107.7,88.8,1,194.0,5,1,1,2,4,3,0,0,2,2,5,0,Normal,0
3271,0.011782,tcp,pop3,CON,38,14,348.0,599.0,167.78,254,62,613.324,609.571,1,0,8.783,8.127,4.235,23.859,0,1889055922,4291656716,0,0.03702,0.018373,0.017099,18.6,93.7,0,33.0,6,0,3,2,0,2,0,0,0,1,3,0,Analysis,1
3272,0.247363,tcp,ftp,ECO,31,3,625.0,228.0,7.758,31,254,164.157,1638.111,1,1,4.913,13.836,2.023,9.848,0,2835116064,1466457785,0,0.184975,3.4e-05,0.010512,111.6,89.3,0,319.0,4,1,1,0,3,1,0,0,0,0,5,0,Generic,1
3273,0.290944,udp,http,CON,26,8,2139.0,549.0,49.48,128,254,882.902,945.604,1,0,6.883,26.504,0.319,2.957,255,1896221950,3491367878,255,0.064319,0.00538,0.005799,52.8,14.8,0,296.0,2,1,3,2,2,1,0,0,1,1,4,0,Generic,1
3274,1.055564,tcp,dns,FIN,27,7,2663.0,351.0,9.156,128,31,242.025,910.566,0,1,15.381,6.245,17.402,21.485,0,2475605309,771587140,0,0.132311,0.022062,0.027091,44.2,150.3,1,206.0,2,1,3,5,2,2,0,0,0,1,6,0,Exploits,1
3275,1.125467,icmp,smtp,CON,25,4,717.0,908.0,120.755,128,62,69.725,338.767,0,1,6.96,2.927,5.382,8.13,0,2870883073,3764910080,255,0.034801,0.002613,0.046377,208.5,119.1,1,78.0,3,4,3,3,0,2,0,0,2,1,2,0,Exploits,1
3276,0.719626,udp,pop3,ECO,35,4,2301.0,209.0,0.346,31,31,62.495,1280.946,0,2,2.363,11.615,10.926,0.82,255,4107719796,2210231300,0,0.088419,0.097374,0.027842,93.7,47.7,1,25.0,4,3,1,2,1,0,0,0,1,3,5,0,Fuzzers,1
3277,0.23593,udp,ftp,FIN,12,8,616.0,492.0,43.675,254,62,273.772,122.26,2,2,21.712,2.706,0.39,3.694,0,609839175,797369229,255,0.009276,0.014785,0.003741,138.5,53.7,1,441.0,1,2,1,5,4,1,0,0,0,1,7,0,Normal,0
3278,0.136813,tcp,http,REQ,5,10,735.0,674.0,117.899,31,62,513.071,1755.205,4,1,0.533,0.1,2.318,0.609,255,1428652331,4116826221,255,0.024309,0.022088,0.131448,31.8,9.2,0,317.0,3,1,1,2,3,3,0,1,0,0,2,0,Normal,0
3279,0.192667,udp,ftp,CON,15,10,123.0,838.0,14.272,62,128,869.265,2059.432,1,3,0.206,1.523,5.026,0.061,0,1887983435,1213343089,255,0.037548,0.009407,0.096331,3.5,112.3,0,127.0,3,0,3,4,1,0,0,0,0,0,2,1,Normal,0
3280,0.280603,icmp,smtp,INT,9,10,445.0,149.0,71.643,128,62,417.574,591.217,4,1,23.207,2.234,0.344,2.458,255,2995685914,1044042581,255,0.093955,0.012437,0.00178,11.5,86.0,1,293.0,5,2,0,2,2,2,0,0,0,0,3,0,Normal,0
3281,0.607778,udp,http,REQ,34,9,1678.0,806.0,126.401,128,31,302.95,12.144,2,1,1.692,0.016,1.933,8.043,255,2189255631,3141741626,0,0.101644,0.007448,0.029416,124.4,23.3,0,117.0,1,2,1,3,4,5,0,0,1,0,3,0,Generic,1
3282,0.435975,tcp,dns,FIN,7,12,760.0,240.0,22.113,62,254,462.373,3031.192,2,1,3.663,7.013,2.342,3.628,255,13693991,1391418513,0,0.028966,0.010327,0.053408,18.8,4.8,0,732.0,3,3,1,2,2,1,0,0,1,1,3,0,Normal,0
3283,0.012034,udp,ftp,CON,8,14,577.0,66.0,19.739,128,254,969.607,11.244,2,1,22.53,1.709,4.881,3.365,255,2013626139,3332016788,255,0.116801,0.132256,0.038232,630.1,54.5,0,8.0,5,3,1,3,2,6,0,0,0,4,3,0,Normal,0
3284,0.398958,tcp,dhcp,REQ,10,9,521.0,96.0,141.971,254,62,897.552,888.182,2,0,1.598,11.364,11.247,10.323,0,3449797772,1476241469,0,0.00894,0.0227,0.019089,62.3,60.3,1,441.0,5,2,1,0,2,1,0,1,1,6,4,1,Normal,0
3285,0.799375,tcp,smtp,FIN,8,7,1148.0,24.0,19.74,128,254,1578.766,631.454,0,1,2.414,15.385,2.437,1.05,0,3698576079,3024332015,0,0.057502,0.000852,0.002189,35.9,9.0,0,3.0,4,1,2,1,3,2,0,1,0,1,3,0,Normal,0
3286,1.220247,udp,ssh,INT,29,11,1046.0,17.0,137.192,62,31,3944.058,1353.55,1,0,13.236,56.014,7.543,8.92,0,1089156861,3629513785,0,0.08273,0.037791,0.021994,94.4,69.4,1,2.0,2,4,0,2,3,0,0,0,0,3,3,0,Generic,1
3287,0.034314,udp,smtp,REQ,31,7,3260.0,238.0,44.139,31,254,735.232,1408.823,0,1,0.009,12.434,5.111,0.888,0,2873897559,2516819834,0,0.016883,0.009336,0.005028,77.6,285.5,1,79.0,1,0,0,1,5,2,0,1,0,1,4,0,Generic,1
3288,2.654901,tcp,-,CON,10,10,1322.0,964.0,76.625,254,254,1866.051,250.354,1,0,21.769,18.449,6.811,0.041,0,4071880857,3904310776,255,0.009639,0.038312,0.008687,117.2,78.1,2,3.0,3,3,3,0,1,2,0,0,1,0,6,0,Normal,0
3289,0.385613,tcp,ftp,FIN,9,7,370.0,240.0,102.886,62,31,1168.211,1739.199,1,0,1.731,5.175,4.029,3.177,0,578928548,3665056229,255,0.003416,0.012853,0.070805,108.8,51.9,1,637.0,9,0,3,7,2,0,0,0,1,3,2,0,Normal,0
3290,0.035929,icmp,pop3,INT,8,5,727.0,418.0,7.339,128,128,1402.102,240.09,1,1,22.973,9.537,7.455,0.825,0,11387709,1999742677,0,0.004411,0.002933,0.027233,22.4,209.7,0,74.0,1,1,1,2,3,1,0,0,1,2,2,0,Normal,0
3291,0.646892,tcp,smtp,RST,11,7,1712.0,148.0,104.997,128,128,576.659,1492.401,2,2,2.464,1.447,10.289,2.684,255,1508112947,2363815730,0,0.116506,0.074723,0.030288,264.2,40.6,1,807.0,4,1,2,2,4,1,0,0,0,0,5,1,Normal,0
3292,0.995155,tcp,ssh,FIN,29,9,883.0,1215.0,24.323,128,254,4748.833,326.376,3,0,0.388,22.837,6.37,5.311,255,175470516,2575609586,0,0.044061,0.005188,0.036311,2.2,46.8,0,360.0,2,3,2,1,1,0,0,0,0,2,2,0,Exploits,1
3293,0.179457,udp,pop3,INT,33,8,736.0,336.0,123.341,62,31,924.786,68.645,2,1,1.411,11.743,2.54,0.575,255,1562800029,488094492,0,0.012293,0.056645,0.001715,62.3,148.0,0,188.0,6,1,4,2,2,0,0,1,0,2,3,0,Generic,1
3294,0.130086,udp,smtp,ECO,15,7,1047.0,475.0,7.899,128,254,460.215,698.267,2,1,3.241,13.901,1.184,3.87,255,3957643014,1066685232,0,0.12773,0.002486,0.04133,22.5,0.7,0,428.0,4,2,2,1,3,3,0,0,0,2,4,0,Normal,0
3295,0.212125,tcp,smtp,INT,12,12,261.0,147.0,23.038,254,31,143.293,416.969,1,1,16.621,10.457,2.804,11.07,255,1737261502,3711631268,0,0.014401,0.018886,0.005652,42.2,211.5,0,218.0,5,1,2,4,2,3,0,0,1,1,3,0,Normal,0
3296,0.476752,tcp,http,CON,35,8,2250.0,162.0,32.496,62,31,875.31,180.46,0,1,6.528,5.841,8.09,0.422,0,4066200005,3673296603,0,0.037604,0.031525,0.009073,23.4,76.2,0,149.0,1,2,2,1,1,2,0,0,0,0,5,0,Analysis,1
3297,0.174149,tcp,http,RST,27,9,1071.0,13.0,159.237,62,254,211.948,470.779,0,0,7.464,5.586,5.927,6.532,255,2298712421,3996415318,255,0.055296,0.024028,0.027079,7.9,91.0,0,266.0,1,0,3,2,1,4,0,1,2,3,2,0,Exploits,1
3298,0.056373,tcp,http,INT,9,3,187.0,225.0,41.547,128,128,2117.62,814.815,0,0,4.863,25.842,10.148,5.611,0,611867218,2949716184,255,0.010574,0.012506,0.018532,56.2,200.6,0,144.0,2,3,1,2,3,2,1,0,0,2,2,0,Normal,0
3299,0.236801,udp,ftp,INT,4,3,251.0,198.0,99.705,62,128,215.879,694.764,0,0,2.366,2.091,4.076,12.373,0,2118626047,544967335,255,0.000551,0.006459,0.057815,173.7,4.5,0,213.0,5,3,0,1,3,3,0,0,0,3,3,0,Normal,0
3300,0.160019,udp,ssh,RST,16,5,473.0,2099.0,7.656,31,62,100.06,3090.081,1,0,6.338,0.302,13.617,1.809,255,104995508,3195034888,0,0.081839,0.00885,0.028306,133.0,58.8,0,20.0,1,0,3,0,0,2,0,0,0,0,3,0,Normal,0
3301,0.402279,tcp,dhcp,FIN,22,11,2181.0,64.0,5.514,254,31,88.123,47.549,0,1,3.696,5.134,6.552,1.89,0,1655520380,1127030885,255,0.011677,0.021611,0.005622,139.3,8.5,1,397.0,2,0,2,3,1,1,0,0,1,1,2,0,Analysis,1
3302,0.838325,tcp,dns,RST,9,12,64.0,301.0,0.357,254,62,715.074,507.839,0,4,27.216,0.158,10.435,3.393,0,4113232186,1692910762,0,0.296265,0.010193,0.006971,15.1,134.4,0,340.0,2,3,1,4,2,3,0,1,0,3,4,0,Normal,0
3303,0.261458,tcp,smtp,INT,10,10,176.0,93.0,74.791,128,128,523.165,217.742,1,0,2.751,3.156,2.266,4.413,255,2510723195,703039138,0,0.018233,0.000311,0.003014,2.3,9.0,0,94.0,5,2,2,1,0,0,0,1,0,1,4,0,Normal,0
3304,1.153311,tcp,pop3,ECO,27,2,666.0,186.0,6.587,254,31,2499.149,475.033,1,1,5.444,3.088,0.973,3.052,255,2246854163,4182857812,0,0.024509,0.06782,0.004045,125.0,17.3,0,298.0,3,3,0,4,0,2,0,0,0,0,4,0,Worms,1
3305,0.531238,tcp,ssh,RST,23,4,634.0,281.0,41.892,254,62,554.566,1605.349,1,2,13.198,8.853,0.093,3.551,0,3344424746,3161594954,0,0.067769,0.042883,0.019817,32.8,66.2,0,107.0,1,1,1,0,2,5,0,1,1,3,7,0,Exploits,1
3306,0.324833,tcp,ftp,ECO,7,15,77.0,1204.0,81.017,128,128,245.462,2185.089,1,1,1.444,11.232,2.419,23.413,0,2872034966,2031406778,0,0.006249,0.000134,0.048367,14.5,7.5,0,166.0,1,1,2,1,2,1,0,0,0,2,2,0,Normal,0
3307,0.605242,udp,ftp,FIN,12,7,40.0,386.0,11.621,62,128,315.765,77.351,1,2,17.627,4.95,3.575,3.74,0,1171213438,618911314,255,0.145448,0.001491,0.014779,89.6,12.3,0,60.0,4,4,1,1,1,3,0,0,0,2,5,0,Normal,0
3308,0.850562,tcp,ssh,CON,12,8,49.0,7.0,116.224,128,62,1566.478,1256.731,0,0,1.318,2.411,1.973,2.388,255,2737668545,3042254839,0,0.058973,0.001283,0.003045,8.7,192.3,0,336.0,1,1,1,3,1,3,0,0,0,4,2,0,Normal,0
3309,0.511915,udp,ftp,ECO,37,6,2444.0,405.0,70.882,62,128,1517.875,1374.611,0,0,3.588,2.829,0.586,12.607,0,2171391943,3408051360,0,0.034607,0.02066,0.02348,59.1,67.0,1,208.0,3,3,3,6,1,1,0,0,1,6,5,0,Generic,1
3310,0.049929,tcp,http,INT,10,2,1713.0,763.0,13.55,31,31,1039.554,960.318,1,1,10.064,0.18,0.758,0.046,0,544487384,699023659,0,0.155623,0.00033,0.032168,219.2,44.7,1,98.0,6,2,0,3,0,1,0,1,0,1,3,0,Normal,0
3311,0.014356,udp,smtp,RST,35,16,1401.0,339.0,72.828,62,254,838.523,228.994,2,1,4.062,7.629,1.495,1.998,255,3959908188,1165015983,255,0.013118,0.049569,0.007027,6.7,432.3,0,102.0,5,1,2,2,2,1,0,1,0,1,6,0,Reconnaissance,1
3312,0.801265,arp,ssh,RST,24,12,3326.0,435.0,154.912,254,128,260.659,1245.144,0,2,9.631,17.362,2.155,2.709,0,1570715934,3355954304,255,0.002201,0.003682,0.001215,40.5,5.3,0,50.0,4,0,0,0,2,3,0,1,0,3,2,0,Reconnaissance,1
3313,0.055522,tcp,ftp,INT,11,5,43.0,281.0,16.19,128,62,1437.097,263.545,0,1,5.233,0.892,7.07,1.284,255,1656869692,458813573,0,0.095263,0.018596,0.014361,46.2,72.5,1,279.0,2,1,2,1,3,2,0,0,1,4,4,0,Normal,0
3314,0.388957,tcp,-,FIN,26,12,2260.0,1673.0,4.387,128,31,91.011,733.304,0,1,13.682,2.725,4.443,2.719,255,664485880,186118055,0,0.023844,0.001079,0.027669,163.6,8.7,1,341.0,4,0,1,1,1,2,0,0,0,3,5,0,Generic,1
3315,0.049596,udp,pop3,FIN,8,6,919.0,69.0,17.407,254,128,549.245,1192.356,0,0,2.447,11.117,1.521,9.213,255,2458077511,4195443947,0,0.012498,0.051884,0.00302,68.9,53.7,0,658.0,2,1,0,1,3,1,0,0,1,1,3,0,Normal,0
3316,1.222211,tcp,dns,RST,11,13,391.0,954.0,102.049,128,254,500.492,95.855,1,2,10.185,4.834,3.61,5.832,255,3297493649,3659207796,255,0.031269,0.027538,0.034524,54.9,21.0,1,133.0,1,3,1,3,4,1,0,0,2,0,2,0,Normal,0
3317,0.195077,tcp,ssh,FIN,28,10,1393.0,462.0,255.213,254,128,653.181,534.864,1,0,11.325,5.226,0.747,1.328,255,4278858793,3877139141,0,0.04825,0.000706,0.010722,267.8,62.7,1,834.0,3,1,3,2,3,2,0,0,0,3,3,0,Exploits,1
3318,0.498971,tcp,http,FIN,6,15,151.0,580.0,38.449,31,254,1366.026,1366.396,0,1,0.919,9.16,0.281,2.586,0,989021414,1099892034,255,0.02461,0.002446,0.003812,8.0,26.2,0,148.0,3,0,4,0,3,3,0,1,0,1,3,0,Normal,0
3319,0.143222,icmp,ftp,CON,9,8,1686.0,466.0,10.05,31,254,227.347,1358.169,0,1,2.896,1.131,2.206,5.618,0,1283370379,3962831458,0,0.042713,0.002136,0.021739,10.3,150.6,1,142.0,5,1,3,1,7,2,0,0,0,2,6,0,Normal,0
3320,0.37231,tcp,smtp,ECO,6,6,377.0,70.0,142.74,128,128,7.019,3789.088,0,0,3.146,1.606,0.792,0.767,0,3211198734,147710717,255,0.046377,0.002774,0.037615,172.0,0.9,0,10.0,6,1,6,0,0,3,0,0,0,4,4,0,Normal,0
3321,0.008619,tcp,-,REQ,9,11,65.0,349.0,26.751,254,31,1372.984,144.743,1,3,5.684,11.407,6.192,6.868,255,1918722941,4165461313,0,0.017438,0.02317,0.01405,259.6,177.6,0,164.0,4,2,1,1,0,1,0,0,2,5,4,1,Normal,0
3322,0.149376,tcp,ftp,RST,6,2,367.0,399.0,120.018,254,62,647.898,3916.747,0,1,1.333,2.785,7.471,0.2,0,2838218022,3651208728,0,0.003869,0.04306,0.010155,270.2,244.0,1,168.0,2,1,1,0,2,1,1,0,0,3,2,0,Normal,0
3323,0.678169,udp,ssh,REQ,31,6,3704.0,242.0,1.779,62,31,222.13,218.395,1,1,33.907,12.413,7.769,2.694,0,817639004,3462733112,255,0.106133,0.047743,0.033133,48.4,100.0,0,203.0,3,2,1,3,3,0,0,0,0,1,0,0,Exploits,1
3324,0.239305,tcp,pop3,REQ,30,11,2057.0,464.0,25.239,128,254,1867.28,1161.235,0,1,0.407,8.956,5.928,0.766,0,987998384,3909544727,0,0.008098,0.012713,0.007973,20.6,123.6,0,98.0,1,2,0,1,5,2,0,0,1,3,5,0,Fuzzers,1
3325,0.31409,icmp,ftp,CON,28,8,346.0,285.0,53.582,254,128,535.894,42.153,0,0,15.678,9.478,5.772,12.39,0,2477612827,3459568971,255,0.027373,0.00357,0.03181,117.0,332.6,1,57.0,5,3,5,1,1,1,0,1,0,1,1,0,Generic,1
3326,0.668328,udp,-,INT,29,11,264.0,102.0,85.716,128,254,1729.084,2252.394,2,0,11.761,7.864,7.41,6.262,255,3998885219,3414149017,255,0.040487,0.079778,0.002957,14.1,11.2,0,39.0,1,4,2,2,1,1,0,0,0,2,1,0,Fuzzers,1
3327,0.144877,tcp,-,REQ,14,14,1011.0,278.0,64.282,254,254,2552.683,832.778,0,0,5.127,1.53,0.903,20.138,255,1410230821,3160779450,0,0.047951,0.020983,0.048137,120.4,90.3,0,19.0,2,3,2,1,0,3,0,0,1,1,4,0,Normal,0
3328,0.029839,tcp,smtp,ECO,36,5,765.0,274.0,129.626,31,254,827.64,70.878,0,0,0.77,2.092,19.214,2.892,255,1061046714,3686383949,0,0.077013,0.000599,0.018047,23.2,134.7,1,209.0,1,1,5,0,4,3,0,0,0,3,5,0,Fuzzers,1
3329,0.236782,udp,ssh,ECO,7,9,30.0,29.0,10.351,128,254,2022.764,2615.248,2,1,6.249,10.905,0.578,3.727,255,2500296289,132747735,0,0.026285,0.006,0.0159,79.8,1.4,1,150.0,3,4,2,1,3,3,0,0,0,2,0,0,Normal,0
3330,0.515174,udp,smtp,RST,16,10,172.0,155.0,1.066,128,31,666.944,1058.377,1,1,0.458,7.635,9.278,5.267,255,2322669117,3257671673,255,0.00689,0.014881,0.006952,23.5,128.5,0,39.0,1,1,1,3,2,5,0,0,0,5,6,0,Normal,0
3331,0.423251,tcp,dns,RST,37,5,535.0,1997.0,50.271,31,254,75.162,525.997,1,0,12.975,10.761,3.062,4.195,0,3581154486,3210196488,255,0.037054,0.001349,0.002141,145.8,88.5,0,391.0,0,1,1,4,2,4,0,0,0,2,1,0,Analysis,1
3332,0.821429,tcp,-,RST,12,7,58.0,403.0,80.502,254,31,179.176,1189.547,2,2,19.225,15.899,13.288,6.547,0,1292895977,1865773593,0,0.044071,0.021899,0.001083,67.6,69.4,0,557.0,5,1,0,5,4,1,1,0,0,6,3,0,Normal,0
3333,1.47264,tcp,http,RST,8,6,281.0,241.0,12.718,254,128,1388.904,548.326,2,3,18.063,3.318,0.116,0.449,0,3132621716,2894734004,255,0.123436,0.00785,0.038143,32.7,322.1,1,169.0,1,3,1,3,2,1,1,0,0,3,5,0,Normal,0
3334,0.923791,tcp,-,RST,13,10,168.0,264.0,14.609,254,62,865.579,7.742,0,0,28.064,4.182,14.028,9.748,0,3839946496,4212367068,255,0.092009,0.008969,0.015098,294.2,54.9,0,58.0,2,3,4,3,4,1,0,0,0,2,5,0,Normal,0
3335,0.11557,tcp,dns,FIN,12,9,167.0,188.0,3.683,62,254,307.812,314.814,1,1,20.16,20.715,0.773,11.017,0,3600535960,799304253,0,0.029031,0.000282,0.000984,0.5,21.4,0,560.0,2,2,3,2,2,2,0,0,0,1,3,0,Normal,0
3336,0.731259,tcp,ftp,FIN,10,6,425.0,140.0,70.853,128,62,912.473,1066.916,1,2,1.471,4.35,9.909,0.512,0,455796867,3587564416,255,0.074533,0.003388,0.000943,44.0,12.4,0,237.0,8,1,2,2,1,2,0,0,1,2,1,0,Normal,0
3337,0.524163,tcp,-,INT,7,8,561.0,26.0,38.818,62,62,1709.478,2006.751,0,2,1.417,10.375,10.905,1.885,0,3759952642,3990594254,255,0.03732,0.04366,0.074859,71.6,167.7,1,261.0,0,3,4,0,2,1,0,0,0,2,4,0,Normal,0
3338,0.342539,icmp,smtp,FIN,23,6,707.0,341.0,54.655,128,254,611.562,807.055,1,1,1.434,8.294,0.939,5.207,255,798455537,1115805668,0,0.020822,0.020787,0.001881,42.4,4.8,0,495.0,5,3,3,5,3,1,1,0,0,3,3,0,DoS,1
3339,0.14785,udp,ftp,INT,11,10,38.0,870.0,2.077,254,31,788.475,1622.225,2,0,13.999,8.333,1.325,2.768,255,1853683930,3681175715,255,0.103562,0.006736,0.012531,24.1,136.8,0,147.0,4,0,4,3,4,2,0,0,1,3,2,1,Normal,0
3340,0.690673,udp,dhcp,CON,5,5,212.0,920.0,92.76,62,62,1068.373,329.823,1,0,14.897,8.946,11.558,4.756,0,3875041532,87905570,0,0.073092,0.01525,0.056181,193.2,62.8,0,13.0,2,3,1,5,0,2,0,1,1,2,3,0,Normal,0
3341,0.230289,udp,dns,ECO,14,7,353.0,22.0,8.849,128,128,109.621,828.146,1,2,3.776,25.071,2.693,4.912,0,2217003120,40916573,0,0.14291,0.083992,0.027006,151.9,125.1,0,593.0,4,1,2,3,1,3,0,0,0,0,3,0,Normal,0
3342,0.000673,udp,-,REQ,23,7,111.0,12.0,16.273,128,254,290.738,254.915,0,0,1.963,0.827,14.473,3.357,255,3643921873,1673170543,255,0.049059,0.003842,0.006128,180.0,22.4,0,182.0,6,2,3,0,6,2,0,0,0,1,3,0,Fuzzers,1
3343,0.602882,tcp,ssh,FIN,8,9,553.0,630.0,5.492,31,254,3029.935,60.501,0,0,2.733,10.958,1.423,0.951,255,2946135657,143284846,0,0.048187,0.027675,0.06788,19.0,2.0,0,384.0,2,1,5,4,0,3,0,0,0,1,6,1,Normal,0
3344,0.162077,udp,ssh,REQ,2,11,91.0,222.0,13.739,254,62,689.838,175.316,1,1,1.515,6.553,21.222,0.909,0,3219607921,3103025919,0,0.006255,0.01991,0.024243,154.2,3.1,0,10.0,3,3,2,0,3,3,0,0,1,3,2,0,Normal,0
3345,0.928334,tcp,dhcp,RST,3,9,295.0,535.0,26.183,31,62,783.67,810.609,0,1,12.09,11.595,0.713,0.532,0,3449180825,511581559,0,0.022527,0.023716,0.006348,137.9,59.6,1,141.0,5,2,1,2,4,5,0,0,0,2,1,0,Normal,0
3346,0.982853,tcp,ssh,CON,29,9,1965.0,434.0,42.274,62,254,1187.998,448.963,2,1,10.736,1.271,0.022,0.063,0,4231864599,2830932061,255,0.103592,0.019048,0.059352,84.4,34.9,1,8.0,5,2,3,1,3,2,0,0,0,1,2,0,Generic,1
3347,0.066956,arp,ftp,ECO,36,6,3147.0,326.0,39.555,128,31,1232.942,831.747,1,1,3.548,2.663,3.038,14.578,255,2173911347,3258085642,255,0.026415,0.014143,0.026978,68.7,146.0,0,299.0,2,2,2,3,3,3,0,0,0,2,5,0,Fuzzers,1
3348,0.81088,icmp,ssh,ECO,30,4,2547.0,648.0,33.247,254,31,0.263,905.722,2,0,20.711,15.753,7.421,0.513,0,466792064,740673418,0,0.056633,0.008602,0.007353,65.3,194.7,0,48.0,3,1,0,4,3,2,1,0,0,1,3,0,Generic,1
3349,0.215368,tcp,pop3,ECO,29,10,1875.0,562.0,9.198,128,128,1439.421,827.026,1,1,0.675,4.109,8.032,0.317,255,807379426,2543058803,255,0.026637,0.022307,0.027609,132.2,114.1,1,827.0,1,0,2,2,1,2,0,0,1,1,2,0,Exploits,1
3350,0.163745,udp,smtp,FIN,6,14,1.0,968.0,22.967,128,31,282.174,316.25,0,1,25.91,9.29,8.672,27.981,0,609020097,711745562,255,0.043805,0.006182,0.017253,85.1,111.5,0,435.0,3,1,1,4,2,1,0,0,0,3,2,0,Normal,0
3351,0.302115,tcp,pop3,INT,8,8,290.0,257.0,12.494,128,254,1398.853,140.963,1,1,3.55,1.428,8.142,0.409,0,697733419,283032134,255,0.052384,0.024301,0.01842,190.4,141.5,0,86.0,4,1,1,2,1,2,0,0,1,0,3,0,Normal,0
3352,0.13605,tcp,dhcp,RST,9,14,122.0,756.0,6.051,128,128,1106.937,2892.698,0,0,22.738,3.391,4.596,0.227,0,217922768,4288010633,0,0.077451,0.014044,0.023697,6.1,125.3,0,198.0,1,2,0,0,1,2,0,1,0,4,2,1,Normal,0
3353,0.159716,tcp,pop3,INT,14,4,202.0,357.0,37.543,31,128,777.934,208.535,1,0,28.614,14.668,3.346,3.809,255,814221535,3290349202,255,0.007606,0.054334,0.023805,58.9,107.4,0,305.0,3,5,0,3,0,3,0,0,0,3,4,0,Normal,0
3354,0.411517,tcp,smtp,INT,8,9,196.0,179.0,11.962,254,254,1364.448,11.825,0,0,21.618,7.326,3.154,5.248,255,1981213048,399067650,255,0.065595,0.028758,0.034532,95.1,64.5,2,261.0,3,0,0,0,1,5,0,0,0,2,3,0,Normal,0
3355,0.277375,udp,dns,CON,11,4,981.0,211.0,1.13,254,62,1119.748,542.52,0,3,2.455,0.739,3.644,9.361,255,2986300706,285965343,0,0.06178,0.00931,0.05602,31.9,50.7,0,49.0,4,3,3,3,3,0,0,1,0,2,1,0,Normal,0
3356,0.994829,tcp,pop3,INT,11,8,338.0,108.0,40.138,128,31,1014.022,653.511,1,2,5.582,10.116,1.57,36.539,0,2768156336,59559778,0,0.027503,0.026954,0.022704,41.7,111.9,0,615.0,4,2,0,2,6,2,0,1,0,4,7,0,Normal,0
3357,0.50464,tcp,pop3,RST,24,10,1009.0,285.0,0.806,128,254,694.519,239.712,2,2,2.28,22.913,3.075,3.519,255,2650443307,2917719581,255,0.164169,0.007789,0.014367,24.5,6.7,0,132.0,7,1,4,3,3,3,0,0,1,1,3,0,Generic,1
3358,0.765343,ospf,ftp,FIN,10,7,359.0,109.0,124.42,254,128,1059.79,2262.45,0,0,3.04,3.49,0.646,12.018,0,2318478930,2333756695,0,0.001371,0.032261,0.045844,122.9,221.9,0,419.0,6,2,2,2,4,2,0,0,0,3,2,0,Normal,0
3359,0.21377,tcp,-,RST,23,9,966.0,28.0,23.877,31,31,202.289,2406.081,0,2,2.339,0.055,6.121,0.203,0,781730000,3144835277,255,0.147958,0.050313,0.006406,17.4,161.4,0,188.0,3,5,4,3,1,3,0,0,0,1,7,0,Generic,1
3360,0.676406,tcp,pop3,RST,24,5,4413.0,564.0,35.13,128,128,380.89,809.442,1,0,3.559,12.34,0.588,1.242,255,48719547,943105047,0,0.026148,0.025296,0.001961,205.5,240.7,0,172.0,4,4,2,0,1,2,0,1,0,1,1,0,Generic,1
3361,0.695113,tcp,http,FIN,11,3,322.0,225.0,38.471,62,128,108.647,1510.072,1,1,14.999,15.818,0.144,1.362,0,2286184414,724037369,255,0.056477,0.005851,0.020057,97.7,87.7,0,16.0,2,3,1,0,2,0,0,1,0,1,4,0,Normal,0
3362,0.960628,tcp,dhcp,RST,8,6,424.0,218.0,63.198,128,254,1360.5,13.673,1,1,3.006,10.052,9.539,14.782,255,3722148965,3872666834,255,0.067703,0.00603,0.071451,144.4,423.5,0,82.0,4,2,0,5,1,4,0,0,1,4,3,0,Normal,0
3363,0.18158,tcp,-,REQ,31,8,506.0,20.0,12.099,62,31,223.094,826.433,2,2,27.993,19.152,8.444,10.754,0,1142060572,1561574863,0,0.040288,0.00643,0.003088,62.5,37.5,1,89.0,2,3,1,1,3,1,0,1,0,4,2,0,Generic,1
3364,0.035272,udp,dhcp,CON,23,11,1862.0,1252.0,9.346,128,31,487.138,55.702,1,2,3.917,8.345,6.548,0.097,255,2340633057,3404655715,255,0.011293,0.000329,0.013202,25.2,61.2,0,9.0,3,0,5,1,0,3,0,0,0,3,5,0,Generic,1
3365,0.36005,icmp,ssh,INT,9,10,61.0,262.0,43.656,62,62,613.581,3221.25,1,0,5.511,6.331,1.788,6.063,255,1407289713,3615727445,255,0.005709,0.002051,0.001292,135.5,17.5,1,61.0,5,2,2,3,4,2,0,0,1,1,5,0,Normal,0
3366,0.012722,tcp,ftp,REQ,9,8,292.0,93.0,5.621,254,254,1441.718,976.871,1,1,58.511,20.607,13.288,2.683,255,588991293,2962907120,0,0.140811,0.00098,0.006857,130.6,36.5,1,442.0,4,4,2,1,1,1,0,0,0,2,6,0,Normal,0
3367,1.26318,tcp,-,CON,35,11,2926.0,104.0,43.729,62,128,305.377,1003.12,2,0,3.449,2.19,10.499,0.147,0,1376102769,3291344002,0,0.007622,0.035795,0.019756,1.3,213.4,0,388.0,4,1,3,2,1,2,0,0,1,3,4,0,Exploits,1
3368,0.034723,tcp,pop3,REQ,22,8,753.0,185.0,141.109,62,254,294.709,33.037,1,0,0.144,16.914,0.253,0.856,0,930533241,104520030,0,0.120062,0.036707,0.031678,154.1,72.3,0,131.0,1,3,4,3,6,2,0,0,0,4,4,1,Generic,1
3369,0.339415,icmp,-,REQ,7,9,405.0,398.0,24.031,31,254,1861.463,1342.061,2,1,3.693,14.771,7.029,21.21,255,519469822,4107601106,0,0.038761,0.010757,0.004385,2.2,118.9,1,3.0,2,2,2,4,2,4,0,0,2,4,3,0,Normal,0
3370,0.814598,tcp,-,INT,9,10,68.0,81.0,17.96,31,31,1113.751,586.949,1,0,18.524,2.512,0.447,3.738,0,1926030719,1424156192,255,0.269378,0.03676,0.009298,46.1,108.2,0,267.0,6,0,1,2,2,1,0,0,0,0,1,0,Normal,0
3371,0.207888,tcp,pop3,INT,29,6,445.0,358.0,21.145,128,128,7968.203,177.765,0,1,1.216,0.422,1.95,0.968,255,422371985,119419391,255,0.178056,0.000788,0.014873,178.5,4.2,0,174.0,1,1,1,2,5,4,0,0,0,4,3,0,DoS,1
3372,0.715083,ospf,ssh,REQ,13,11,1149.0,1082.0,117.596,62,128,977.766,2301.354,2,1,5.157,0.08,2.483,0.378,255,2091881676,3299241499,255,0.046062,0.016709,0.099181,165.4,18.2,0,129.0,4,4,1,2,2,4,0,0,0,0,1,0,Normal,0
3373,0.556837,tcp,http,REQ,23,10,626.0,2030.0,64.07,254,31,1562.104,227.585,0,0,10.13,8.723,2.959,0.025,255,2541025850,601420083,255,0.115839,0.004305,0.02117,47.6,108.7,0,85.0,5,2,1,3,2,3,0,0,0,3,4,0,DoS,1
3374,0.073885,tcp,ftp,INT,10,9,390.0,1479.0,188.443,62,62,69.802,299.587,1,2,5.528,17.382,3.599,3.172,0,2840995367,1347072259,255,0.031593,0.002776,0.006374,1.5,11.5,1,157.0,3,0,3,1,1,2,0,1,1,1,0,0,Normal,0
3375,0.574124,tcp,ssh,ECO,8,7,222.0,279.0,15.99,128,31,1662.916,2702.109,1,0,1.042,5.891,2.696,4.705,255,3262843400,4189216376,255,0.025511,0.027548,0.017504,320.1,43.9,1,111.0,3,4,2,1,1,1,0,0,0,2,3,0,Normal,0
3376,0.272477,tcp,ssh,ECO,14,7,20.0,119.0,1.886,31,128,2720.822,410.303,1,0,1.806,1.668,6.324,1.173,255,1773228194,2591604341,0,0.050639,0.001472,0.007412,41.2,87.2,1,55.0,0,2,3,1,4,2,1,0,1,4,2,0,Normal,0
3377,0.19875,ospf,ftp,INT,9,11,98.0,178.0,41.593,128,254,792.726,211.269,0,0,29.408,12.841,0.615,0.246,0,1589253780,3815400745,0,0.054529,0.026263,0.007585,42.5,20.6,0,68.0,1,3,3,2,3,4,0,0,0,3,0,0,Normal,0
3378,0.539361,tcp,dns,RST,40,8,1125.0,323.0,58.593,254,31,198.116,45.853,0,4,5.677,0.961,8.073,3.34,0,3706857024,273782737,0,0.011443,0.01267,0.027135,93.7,24.1,0,56.0,4,4,3,0,5,1,0,0,0,4,4,0,Reconnaissance,1
3379,1.044574,tcp,-,RST,11,7,1011.0,4.0,51.379,128,254,945.501,31.409,2,0,7.138,0.849,3.947,0.237,0,2982412881,819116144,255,0.017331,0.006867,0.037183,31.4,67.0,2,375.0,5,1,2,2,5,3,0,0,1,5,6,0,Normal,0
3380,0.973326,tcp,-,FIN,31,14,1118.0,676.0,86.161,31,62,18.639,1818.158,2,0,3.723,15.237,1.342,16.798,255,3178133407,2685353909,255,0.028466,0.01978,0.008543,56.6,366.2,0,532.0,0,2,4,2,2,0,0,0,0,4,3,0,Analysis,1
3381,0.712379,tcp,dhcp,REQ,19,10,747.0,580.0,16.014,31,128,1260.442,121.73,0,2,4.741,3.971,1.851,4.399,255,3895719203,3939295461,0,0.10402,0.010035,0.008755,185.6,7.0,1,35.0,7,3,2,5,2,3,0,0,0,3,4,1,Normal,0
3382,0.498396,tcp,http,RST,22,11,1078.0,583.0,65.245,254,62,962.55,882.417,0,1,11.607,8.714,2.422,6.252,0,2868150169,2679706014,255,0.009031,0.001322,0.01806,17.0,100.4,0,40.0,3,3,3,3,5,2,1,0,0,1,5,0,DoS,1
3383,0.534799,icmp,dhcp,FIN,26,12,1563.0,1789.0,47.757,254,31,198.011,421.349,1,0,13.91,0.838,4.665,10.893,0,1366142100,584468375,0,0.012855,0.000815,0.00468,53.1,67.6,0,142.0,1,3,2,2,1,3,0,0,0,2,3,0,Reconnaissance,1
3384,0.577213,tcp,-,INT,31,8,2664.0,233.0,8.735,62,31,1347.591,195.327,0,0,0.651,32.881,4.65,7.314,255,3802630088,2289908270,0,0.005743,0.002617,0.013881,37.3,109.9,0,95.0,2,2,3,3,2,0,0,0,1,0,3,0,Generic,1
3385,0.344616,icmp,dhcp,RST,7,10,154.0,1648.0,49.123,31,254,1119.914,286.469,0,0,6.185,8.397,0.742,7.392,0,763172084,172857999,0,0.024831,0.022592,0.01715,6.7,87.7,0,72.0,3,3,0,3,2,2,0,0,0,1,1,0,Normal,0
3386,0.531389,udp,dns,ECO,34,6,2882.0,112.0,8.769,31,128,1758.644,153.568,2,1,15.61,1.662,1.503,1.062,0,3880601852,2199958692,255,0.010093,0.021578,0.002432,79.0,43.2,0,6.0,3,1,1,5,0,3,0,1,0,1,3,0,Generic,1
3387,0.065015,tcp,pop3,ECO,15,8,262.0,330.0,24.627,31,31,404.393,1174.723,1,1,29.763,8.74,3.851,7.613,0,3873858542,2763289112,255,0.127059,0.028667,0.021883,30.7,112.5,0,114.0,2,2,1,2,3,3,0,0,0,4,2,0,Normal,0
3388,0.855133,udp,pop3,REQ,32,4,1380.0,302.0,90.162,31,254,1451.064,23.733,0,1,1.584,28.625,10.16,5.915,0,3356757052,269315868,255,0.051525,0.008389,0.00128,201.4,5.2,3,281.0,3,4,0,1,2,2,0,0,0,1,5,0,Analysis,1
3389,0.138474,udp,ftp,FIN,8,5,421.0,89.0,52.66,31,128,1216.416,3658.359,1,1,6.086,2.521,1.666,0.515,0,2054703850,1745565172,255,0.000466,0.017557,0.04586,288.1,142.4,0,177.0,0,1,1,1,2,0,0,0,1,0,3,0,Normal,0
3390,0.248883,udp,ssh,FIN,5,9,231.0,598.0,25.305,254,62,153.202,277.237,0,2,19.187,12.178,5.821,6.088,0,1065104103,1294098778,255,0.107653,0.018788,0.026633,47.8,74.5,0,6.0,3,3,1,3,3,1,0,0,2,3,5,0,Normal,0
3391,1.520061,tcp,ftp,RST,10,10,234.0,816.0,45.482,128,31,308.07,852.068,1,1,21.618,9.416,7.437,3.152,0,3478421596,3512518750,0,0.036274,0.007359,0.000891,202.8,18.5,1,339.0,4,2,1,3,4,0,0,0,0,1,4,0,Normal,0
3392,0.454358,tcp,pop3,RST,23,6,4132.0,454.0,104.024,62,62,50.946,853.704,4,1,8.017,2.938,7.009,1.165,0,881884471,2574516257,0,0.062158,0.068677,0.015048,104.3,11.4,1,49.0,2,2,3,4,4,1,0,0,0,1,5,0,Exploits,1
3393,0.094635,tcp,dhcp,CON,34,7,2110.0,195.0,13.714,128,254,400.406,731.791,2,2,6.382,4.07,3.973,1.514,0,3665147332,103809748,0,0.137449,0.016754,0.016335,93.4,38.9,1,29.0,1,0,2,3,1,3,0,0,2,3,1,0,Backdoor,1
3394,0.006551,udp,pop3,FIN,7,7,74.0,1330.0,65.868,128,254,190.153,1815.988,1,1,9.068,18.841,1.676,3.208,255,652060335,18698818,255,0.000143,0.013518,0.029294,12.5,121.1,0,30.0,3,4,3,2,1,2,0,0,1,3,4,0,Normal,0
3395,0.061566,tcp,ssh,FIN,39,10,246.0,1387.0,39.053,254,254,331.294,90.299,0,1,4.785,2.082,6.077,11.517,0,1295084799,2213921422,255,0.000997,0.003786,0.017016,164.9,95.0,0,124.0,7,2,0,1,2,1,0,0,0,1,0,0,Exploits,1
3396,0.087314,tcp,ftp,ECO,25,6,930.0,787.0,7.882,31,254,156.852,1508.103,2,3,6.312,2.586,9.732,9.836,255,1057881754,3354155128,255,0.004512,0.014746,0.016649,252.3,0.4,1,76.0,4,3,2,1,2,3,0,0,0,2,4,0,Reconnaissance,1
3397,0.335956,tcp,-,RST,13,8,140.0,550.0,58.713,31,254,34.938,1611.554,2,1,17.298,16.981,9.642,2.999,0,2982649155,4009272932,255,0.114512,0.011154,0.006167,204.6,206.0,0,291.0,3,2,1,1,2,1,0,0,1,2,4,0,Normal,0
3398,0.361647,tcp,smtp,ECO,8,7,620.0,21.0,23.663,62,128,774.325,385.432,0,3,1.643,5.296,15.241,4.569,0,4151874431,538249212,255,0.10051,0.016526,0.021098,63.0,103.8,1,341.0,4,2,2,1,0,0,0,1,0,3,2,0,Normal,0
3399,0.237224,udp,http,FIN,26,7,1217.0,155.0,22.262,31,254,3329.292,84.696,0,0,18.711,6.105,1.602,3.298,255,788495638,1793468297,255,0.017475,0.028836,0.03489,101.9,133.0,2,191.0,2,1,2,1,3,0,0,0,0,2,0,0,Exploits,1
3400,0.269472,udp,smtp,RST,28,10,1157.0,121.0,44.36,31,31,327.036,265.43,1,2,0.884,18.133,0.678,1.817,0,2879875929,370535389,0,0.048844,0.00203,0.030302,97.3,74.6,0,421.0,6,1,3,2,2,3,0,0,0,2,3,0,Generic,1
3401,1.377729,udp,pop3,ECO,12,4,2592.0,172.0,52.535,31,31,656.974,1394.596,2,1,4.831,10.538,3.93,1.01,255,661880124,1897434227,0,0.100348,0.023376,0.003137,94.1,116.2,1,524.0,1,5,2,0,5,5,0,0,1,0,6,0,Normal,0
3402,0.538599,tcp,-,REQ,27,4,5432.0,297.0,10.776,254,128,242.569,197.453,1,0,0.421,2.446,0.487,11.403,0,1314867187,1917007714,255,0.007895,0.009254,0.014287,106.8,80.4,0,56.0,5,0,2,0,0,3,0,0,0,2,7,0,Fuzzers,1
3403,0.329508,tcp,dhcp,RST,15,7,260.0,488.0,72.6,62,128,784.69,318.457,1,0,4.384,9.618,6.09,2.294,0,133502144,3143640794,0,0.018534,0.027653,0.003116,84.5,33.3,3,210.0,2,1,1,1,1,2,0,0,0,1,1,0,Normal,0
3404,0.159647,udp,smtp,REQ,28,7,3285.0,185.0,2.036,62,62,678.914,730.7,2,0,10.097,7.496,1.836,0.378,255,2424916391,4065844762,255,0.05382,0.022714,0.005488,48.7,144.4,0,19.0,2,5,2,2,2,3,0,0,0,2,3,0,Reconnaissance,1
3405,0.08718,tcp,-,FIN,22,10,651.0,202.0,111.038,62,62,1488.689,26.838,1,2,6.106,3.565,3.118,1.665,0,2702223133,3672881611,255,0.04123,0.028798,0.022329,138.3,145.1,0,73.0,2,1,3,0,1,0,0,0,0,1,4,0,DoS,1
3406,0.084925,udp,ssh,INT,33,10,476.0,349.0,35.064,128,128,1295.298,343.59,0,1,7.59,30.745,5.297,1.046,255,1927476724,265615394,0,0.019674,0.005296,0.01854,70.6,88.9,1,175.0,2,4,0,2,1,1,0,0,1,1,5,0,Fuzzers,1
3407,0.513679,tcp,-,CON,7,9,452.0,120.0,13.434,128,62,1352.566,368.993,0,0,14.501,20.086,14.434,3.725,0,4278972193,3675618358,0,0.040177,0.00286,0.016339,100.6,42.7,1,126.0,1,3,6,0,2,1,0,0,1,3,2,0,Normal,0
3408,0.042182,tcp,smtp,FIN,10,3,322.0,155.0,11.341,128,254,570.137,239.251,1,3,2.768,14.866,5.022,4.233,0,2435488125,2217943759,255,0.009705,0.000628,0.032693,66.9,46.7,1,32.0,1,3,2,5,2,1,0,0,0,2,4,0,Normal,0
3409,0.467163,tcp,smtp,REQ,8,7,400.0,245.0,6.08,62,128,619.908,80.034,0,3,3.596,14.778,0.25,4.913,255,2513043551,2866848935,0,0.188763,0.05252,0.014154,75.0,467.2,0,200.0,3,1,3,1,3,2,1,0,0,2,4,0,Normal,0
3410,0.950943,udp,ssh,ECO,9,10,94.0,898.0,27.612,254,128,767.624,834.16,0,2,1.041,6.69,2.783,3.764,255,1792950813,3545143778,255,0.117704,0.009778,0.013443,61.6,14.6,0,46.0,3,3,1,4,2,1,0,0,0,5,0,1,Normal,0
3411,0.205529,tcp,dns,FIN,33,7,675.0,1.0,5.914,62,128,886.687,1849.017,1,2,26.75,6.523,4.263,9.626,255,1264960004,3989098768,0,0.043712,0.030266,0.043449,240.1,62.3,1,67.0,1,2,2,3,2,1,0,0,1,6,2,0,Generic,1
3412,3.165996,icmp,-,CON,15,4,446.0,29.0,1.668,31,254,1666.47,92.649,0,3,19.297,7.915,4.064,3.074,0,2871382665,726555877,255,0.034434,0.00027,0.002895,117.2,64.1,2,160.0,5,0,1,1,2,4,1,1,0,2,5,0,Normal,0
3413,0.20262,tcp,dns,RST,10,5,308.0,37.0,16.546,128,254,249.981,627.175,0,3,5.899,0.682,2.368,1.89,0,1502873230,1464660936,255,0.041784,0.029537,0.005488,130.1,37.3,2,162.0,3,2,1,3,4,4,0,0,0,1,4,0,Normal,0
3414,0.246489,tcp,pop3,CON,7,8,1674.0,996.0,11.668,254,254,306.349,278.15,1,1,9.475,1.626,6.572,1.672,255,3778663815,1086608594,0,0.011296,0.020316,0.005866,209.4,6.4,1,49.0,1,4,2,1,6,1,0,0,0,2,3,0,Normal,0
3415,2.287301,udp,dhcp,FIN,12,7,376.0,815.0,65.897,128,62,499.412,494.264,0,0,4.61,10.726,1.299,2.51,255,854950066,1907646557,255,0.032048,0.003509,0.013721,149.3,8.6,0,564.0,3,3,2,2,4,2,0,0,0,3,4,0,Normal,0
3416,0.233693,tcp,http,CON,14,9,413.0,480.0,15.155,31,128,3253.455,209.228,3,0,19.994,0.068,1.046,3.413,255,3828049460,2844931681,0,0.114033,0.027106,0.004591,39.5,37.1,1,182.0,0,2,4,4,0,1,0,0,0,3,1,0,Normal,0
3417,0.273144,tcp,ftp,FIN,19,7,1915.0,367.0,25.068,128,128,179.885,408.423,1,1,0.749,13.828,2.09,8.575,0,1866328654,2259665690,0,0.098319,0.012801,0.001387,15.7,16.3,0,257.0,3,2,2,2,1,2,0,0,1,1,4,1,Generic,1
3418,0.732433,arp,dhcp,ECO,35,5,4331.0,101.0,27.678,128,128,892.605,939.709,2,0,35.567,9.102,10.712,0.868,0,3642758444,2316203719,255,0.014948,0.006145,0.000811,208.2,173.5,0,235.0,2,2,2,4,5,2,1,0,0,4,2,0,Exploits,1
3419,0.863343,udp,ftp,INT,8,3,774.0,127.0,52.154,31,31,1564.205,604.961,0,0,2.593,9.45,18.662,0.476,255,2245859062,1263090778,0,0.036707,0.020889,0.00269,16.3,134.7,0,188.0,1,2,1,1,2,1,0,0,0,3,1,0,Normal,0
3420,0.632424,tcp,http,ECO,29,14,2173.0,21.0,51.629,128,31,1505.957,24.274,2,0,2.034,0.788,4.633,1.548,0,1305866806,2852182495,0,0.022298,0.012156,0.000802,416.8,17.7,0,140.0,3,3,0,1,3,5,0,0,0,1,4,0,DoS,1
3421,0.396024,udp,pop3,RST,33,5,2015.0,2.0,16.444,254,128,234.056,30.041,1,1,19.688,14.791,0.847,1.075,255,2587003133,3674923386,0,0.112676,0.001553,0.005686,106.2,26.4,0,181.0,3,1,0,0,1,0,0,0,0,2,2,0,DoS,1
3422,0.107173,tcp,dns,INT,3,9,1709.0,592.0,35.874,254,128,1294.402,1030.139,0,1,17.234,4.976,0.608,7.569,255,4275328130,1812841445,0,0.057873,0.003255,0.028621,26.7,61.9,0,110.0,3,0,1,0,1,0,0,0,0,1,5,1,Normal,0
3423,0.061179,tcp,smtp,ECO,31,12,4890.0,212.0,57.82,62,128,646.048,391.82,0,0,16.658,34.794,2.604,2.66,255,3629508592,1069745353,255,0.062978,0.033412,0.096045,177.9,7.1,1,37.0,0,2,2,0,0,4,0,0,1,2,2,0,Generic,1
3424,0.013235,tcp,dns,CON,12,5,219.0,1282.0,21.636,254,254,26.255,2570.877,1,0,7.217,21.11,2.643,2.342,0,3345615133,2223899354,0,0.0015,0.008897,0.030453,122.0,92.6,1,1160.0,2,4,4,5,4,5,0,0,0,1,3,0,Normal,0
3425,0.45302,tcp,smtp,CON,13,3,75.0,60.0,82.91,31,254,609.504,1249.184,0,0,1.029,5.465,7.706,1.574,0,2212330190,139086753,0,0.013292,0.020042,0.004137,36.2,589.2,0,23.0,1,2,0,0,1,0,0,0,1,1,3,0,Normal,0
3426,0.757149,tcp,ftp,RST,6,3,641.0,207.0,7.647,62,128,167.209,829.101,2,1,2.435,0.195,0.706,6.985,0,3513497405,3830748240,0,0.007653,0.002608,0.026347,146.8,8.7,0,50.0,7,0,3,4,0,2,0,0,0,0,0,0,Normal,0
3427,0.431944,tcp,ssh,REQ,15,9,224.0,480.0,105.441,62,31,343.04,462.202,0,1,19.371,32.82,5.675,8.766,0,4157377989,4221749871,0,0.068934,0.015888,0.023,299.2,204.6,0,354.0,2,2,2,2,2,2,0,0,0,1,4,0,Normal,0
3428,0.047499,udp,ftp,INT,24,7,2368.0,422.0,84.428,62,62,1287.462,1291.598,0,1,2.74,0.05,12.798,1.033,0,2207320525,3837032555,255,0.0279,0.024,0.00578,130.6,171.8,1,75.0,6,0,2,2,1,5,0,0,0,4,5,0,DoS,1
3429,0.116361,tcp,smtp,REQ,27,6,1782.0,290.0,3.685,128,128,1962.547,821.317,1,0,13.797,24.17,4.702,12.094,0,1535101215,694478510,255,0.035416,0.005987,0.004853,134.4,34.9,1,115.0,3,2,6,3,0,1,0,0,0,2,3,0,Reconnaissance,1
3430,0.2162,tcp,http,ECO,29,7,2640.0,2111.0,60.678,62,128,2521.347,1314.744,0,2,5.137,1.936,23.897,2.966,0,2561730254,689626152,0,0.040552,0.002178,0.050763,68.9,108.3,0,459.0,1,2,1,1,1,3,0,0,0,2,2,0,Fuzzers,1
3431,0.057826,udp,-,CON,34,6,203.0,164.0,10.377,128,128,96.842,1925.347,0,0,26.857,28.497,2.334,9.227,0,495512161,196982573,0,0.006069,0.007807,0.007275,173.9,261.6,1,369.0,2,2,2,2,2,1,0,0,0,0,3,0,Generic,1
3432,0.260586,ospf,smtp,ECO,32,4,5579.0,179.0,8.633,254,62,767.189,1278.653,0,1,2.97,0.193,3.856,4.887,0,3588243753,3600181835,0,0.067321,0.018316,0.012979,309.6,61.4,0,277.0,4,0,0,3,3,1,0,0,0,2,4,0,Generic,1
3433,0.586833,tcp,http,ECO,33,5,459.0,501.0,27.491,254,31,1641.527,626.72,0,0,20.922,0.158,6.673,2.855,255,3870500707,271429492,255,0.062286,0.007258,0.001177,59.0,84.1,0,21.0,4,0,4,4,1,0,0,0,0,1,2,0,Backdoor,1
3434,1.037968,icmp,dhcp,RST,11,13,131.0,282.0,63.255,128,128,318.699,1016.27,0,0,20.29,11.734,0.898,0.263,255,627362954,203146563,0,0.03349,0.022913,0.02421,34.2,59.8,0,461.0,1,0,0,3,1,1,0,1,0,2,2,0,Normal,0
3435,1.181284,udp,dhcp,FIN,12,8,12.0,2308.0,77.86,128,254,12.016,484.704,1,1,6.882,2.03,8.451,1.719,0,3977491299,3748540539,255,0.007118,0.000852,0.014103,172.2,53.9,0,262.0,1,1,1,3,1,1,0,1,2,1,4,0,Normal,0
3436,1.128221,tcp,ftp,FIN,29,6,3429.0,527.0,12.157,31,31,1090.437,279.987,1,0,22.238,11.176,11.895,3.671,0,1913722438,3245785899,0,0.059545,0.018541,0.037756,37.8,133.3,0,177.0,5,3,1,4,2,2,0,0,1,2,3,0,Generic,1
3437,0.050682,tcp,ftp,FIN,16,9,407.0,60.0,18.272,62,62,493.509,416.602,1,1,28.931,26.177,5.747,2.066,255,565947892,1437188516,0,0.103922,0.034079,0.062518,97.0,229.1,0,204.0,3,4,6,2,4,4,0,0,1,3,6,0,Normal,0
3438,1.425235,tcp,smtp,RST,8,4,302.0,50.0,27.134,62,254,275.96,189.837,2,2,0.812,7.8,11.807,1.152,255,2920729085,1963174336,0,0.030273,0.000703,0.014173,24.4,26.5,0,510.0,1,0,1,3,0,3,0,0,0,2,4,0,Normal,0
3439,0.545864,udp,http,INT,11,2,725.0,1365.0,10.531,254,128,201.15,1617.772,0,1,1.289,18.228,1.179,17.12,0,3836742490,1261126111,255,0.021191,0.023248,0.007422,38.9,75.8,1,410.0,4,1,4,2,4,4,0,1,0,3,4,0,Normal,0
3440,1.711792,tcp,pop3,ECO,24,3,1098.0,208.0,179.257,31,254,1495.329,908.775,2,3,9.199,4.358,2.744,4.292,255,1692276200,3334342100,255,0.00856,0.020432,0.006935,40.9,42.3,0,35.0,6,1,2,1,1,2,0,0,1,0,4,0,Generic,1
3441,0.048477,tcp,-,FIN,16,3,585.0,443.0,66.014,128,62,785.169,36.236,1,1,11.059,9.172,0.226,6.332,0,3918857621,3805280116,255,0.009316,0.033178,0.005379,275.6,69.8,0,0.0,5,4,3,2,4,2,0,0,0,4,4,0,Normal,0
3442,0.080395,udp,dns,INT,12,5,313.0,126.0,120.499,62,31,1706.299,1029.087,1,0,10.868,8.05,18.465,0.886,255,3698780728,3053325992,255,0.102639,0.070957,0.000158,59.3,16.9,0,9.0,1,2,0,2,2,5,0,0,0,6,3,0,Normal,0
3443,2.145494,tcp,http,CON,8,9,341.0,91.0,147.067,31,31,487.612,943.723,1,0,12.329,8.504,4.197,0.368,255,2518604475,405475074,255,0.006998,0.063117,0.013019,38.9,71.8,1,197.0,3,0,2,2,3,0,0,1,0,1,4,0,Normal,0
3444,0.526509,tcp,pop3,ECO,6,8,399.0,129.0,40.369,31,254,703.882,73.624,1,0,4.988,5.938,15.485,0.917,255,2861020233,3304562198,255,0.084674,0.001768,0.045054,52.0,73.2,2,172.0,2,0,1,4,1,1,0,0,1,2,1,0,Normal,0
3445,0.701685,icmp,http,FIN,27,3,1334.0,4.0,44.617,254,62,1896.988,1144.436,1,0,3.749,2.896,2.382,0.304,0,4220376497,2529786410,0,0.043506,0.036415,0.014155,16.5,70.0,0,167.0,2,2,0,1,2,3,0,0,1,2,4,0,DoS,1
3446,0.848156,arp,dns,INT,17,10,24.0,608.0,31.609,62,128,1734.96,1754.045,2,1,26.479,37.319,13.965,0.99,0,3560911123,3074030956,0,0.002741,0.004231,0.037093,54.7,29.4,1,407.0,1,1,3,0,1,2,0,0,0,3,4,0,Normal,0
3447,0.063189,udp,pop3,ECO,26,5,4075.0,391.0,17.374,254,128,1632.379,478.008,1,0,34.271,2.672,5.903,12.327,255,894806141,2359082120,0,0.020754,0.012857,0.041076,24.7,47.3,0,180.0,4,5,3,5,2,1,0,0,1,3,3,0,Generic,1
3448,0.141578,tcp,dns,ECO,31,4,688.0,167.0,95.778,62,128,2039.265,690.237,1,2,3.987,4.528,9.338,2.348,0,3528425044,4084438090,255,0.027009,0.041958,0.007553,3.5,11.5,0,3.0,3,2,1,2,1,5,0,1,0,3,2,0,Exploits,1
3449,0.003145,tcp,http,ECO,10,7,944.0,190.0,24.248,62,31,3223.731,260.333,3,1,8.631,1.291,10.14,0.536,0,2930333357,3905229511,0,0.015339,0.003657,0.001402,81.8,65.2,1,518.0,4,2,2,2,1,4,0,2,0,0,3,0,Normal,0
3450,2.126443,tcp,http,REQ,32,4,205.0,338.0,14.13,254,254,1686.922,664.613,1,1,14.418,9.487,0.441,4.28,0,2539122468,1964746673,255,0.004189,0.011295,0.046036,6.9,127.9,1,61.0,3,1,1,1,2,3,0,1,0,6,2,1,Fuzzers,1
3451,0.274048,tcp,smtp,FIN,25,7,1538.0,348.0,27.536,31,128,2409.746,462.956,2,2,3.168,3.678,2.547,0.307,0,3462369038,527975503,255,0.069021,0.008524,0.006029,170.3,74.5,4,26.0,6,4,0,2,3,1,0,0,0,1,2,0,Exploits,1
3452,0.023254,tcp,-,FIN,35,9,224.0,249.0,63.999,62,31,922.169,412.616,0,1,5.564,19.915,4.034,8.706,0,3368322211,2770831704,0,0.007071,0.133654,0.003835,174.6,59.3,0,688.0,4,0,2,2,2,2,0,1,0,0,2,0,Generic,1
3453,0.005069,icmp,ftp,INT,8,7,399.0,408.0,49.657,31,62,1003.828,815.957,1,0,10.696,1.402,3.338,0.135,255,1492788158,1087658334,0,0.067093,0.000196,0.009487,47.9,68.7,0,50.0,1,3,0,5,2,4,0,0,0,2,2,0,Normal,0
3454,0.138557,udp,smtp,INT,11,6,1190.0,133.0,46.161,62,128,428.609,213.123,1,0,24.134,10.878,2.407,9.195,255,3746996840,3686110939,0,0.108539,0.013079,0.05324,77.4,64.0,1,479.0,2,0,1,5,1,0,0,0,0,2,4,0,Normal,0
3455,0.122795,tcp,dns,REQ,32,8,629.0,4835.0,33.865,62,128,1924.94,1089.267,0,0,9.178,3.724,3.313,0.521,0,3249664696,788131186,255,0.050239,0.007904,0.011329,106.8,142.4,0,327.0,0,2,2,0,3,1,0,1,1,4,3,0,Shellcode,1
3456,1.129627,tcp,pop3,FIN,20,7,3214.0,493.0,16.903,62,31,2647.759,1266.903,1,1,12.814,8.771,2.682,4.508,255,4261172089,3120009696,0,0.013803,0.021855,0.019296,231.8,10.5,0,73.0,3,1,3,5,0,2,0,0,1,0,2,0,Exploits,1
3457,0.038789,tcp,ssh,RST,26,2,321.0,517.0,29.364,128,31,1104.635,144.599,0,1,2.944,2.56,2.97,1.559,255,432507919,2027444461,0,0.02546,0.005289,0.008788,28.7,32.1,1,31.0,1,2,1,3,4,2,0,1,0,0,3,0,Reconnaissance,1
3458,0.50342,tcp,http,INT,37,8,5292.0,526.0,18.383,128,128,1444.949,20.578,0,1,10.989,7.424,3.792,5.511,0,3262197749,3308642255,255,0.10033,0.037045,0.018215,223.3,125.5,0,201.0,2,1,4,3,1,3,0,2,1,1,2,0,Reconnaissance,1
3459,0.224544,udp,pop3,FIN,13,10,412.0,268.0,26.488,254,254,1723.019,369.18,2,2,0.465,4.08,0.556,16.065,0,2285015135,4267524872,255,0.043673,0.053167,0.004266,125.0,184.1,2,297.0,1,3,0,3,1,2,0,1,0,3,1,0,Normal,0
3460,0.035844,tcp,dhcp,ECO,21,6,776.0,132.0,43.049,254,254,771.098,771.684,1,1,5.096,20.367,0.399,1.468,0,2493291233,4120079556,255,0.025026,0.007246,0.011012,62.9,128.0,0,28.0,4,3,1,3,4,2,0,1,0,2,4,0,Fuzzers,1
3461,0.129154,udp,http,INT,5,9,281.0,130.0,29.366,128,254,4733.156,508.506,2,0,5.808,0.744,6.588,9.015,255,104180197,2464468337,255,0.084874,0.019373,0.016787,0.7,465.4,0,102.0,2,2,3,2,1,1,0,0,0,2,4,0,Normal,0
3462,1.061754,tcp,ftp,CON,31,13,2501.0,65.0,88.757,62,31,856.126,361.338,0,1,23.407,2.259,0.218,4.276,255,2955869131,4072356144,255,0.015598,0.02512,0.061893,234.9,46.2,0,680.0,4,3,6,5,2,2,0,1,0,4,1,0,Exploits,1
3463,0.106007,tcp,dns,INT,19,13,70.0,228.0,31.027,128,31,1188.417,22.371,1,2,7.152,43.833,12.365,0.423,0,3594045681,4148145823,255,0.048972,0.012827,0.000511,61.5,71.9,1,572.0,4,2,2,3,2,1,0,0,0,4,1,0,Normal,0
3464,0.311598,ospf,dns,ECO,4,4,374.0,903.0,23.006,31,254,3013.325,631.096,1,0,6.344,18.641,1.261,7.56,0,2451920460,2971952466,0,0.01168,0.007284,0.018236,79.0,15.7,0,57.0,3,2,1,3,1,2,0,1,1,0,4,0,Normal,0
3465,1.095295,tcp,dns,RST,47,11,1767.0,558.0,12.262,128,31,1121.382,2625.279,1,3,1.689,22.535,7.237,2.437,0,1921732596,1708497637,255,0.04108,0.008224,0.013066,78.3,193.5,1,321.0,0,4,2,2,4,1,0,0,0,4,1,0,Exploits,1
3466,0.283656,tcp,dhcp,FIN,27,8,534.0,391.0,33.41,62,62,1644.654,1122.302,0,0,2.888,3.104,2.954,12.085,0,946373955,3563466937,0,0.015582,0.00092,0.013741,46.6,38.9,0,1.0,3,1,4,2,4,0,0,1,0,3,1,0,Fuzzers,1
3467,2.371476,udp,ssh,RST,41,2,1303.0,331.0,2.267,31,31,2078.798,36.63,0,1,21.677,43.495,1.932,3.223,255,1554184118,2110490807,255,0.032441,0.005785,0.017497,28.7,12.5,3,435.0,2,1,0,2,1,3,0,0,0,3,3,0,Generic,1
3468,0.550731,tcp,dhcp,REQ,6,7,1027.0,265.0,72.778,31,62,1400.621,281.095,2,2,9.05,2.097,7.427,0.139,255,414664564,3888605977,255,0.026942,0.042232,0.014094,287.0,237.1,0,11.0,2,3,5,4,3,1,0,0,0,1,1,0,Normal,0
3469,0.298142,tcp,ftp,ECO,9,3,52.0,175.0,286.267,31,62,28.298,987.399,0,2,14.39,14.582,7.408,21.931,255,2204807283,3943613033,255,0.052424,0.000421,0.078676,79.5,66.6,1,11.0,3,3,5,3,3,5,0,0,0,2,2,0,Normal,0
3470,0.823716,tcp,smtp,ECO,40,7,4172.0,917.0,1.07,31,128,530.046,724.646,3,2,1.693,3.61,9.681,10.643,0,4268902131,355916162,255,0.004092,0.010003,0.006138,8.6,156.2,1,168.0,2,0,1,2,2,2,0,0,0,2,4,0,Analysis,1
3471,0.315486,tcp,-,RST,9,9,23.0,1089.0,69.48,128,128,459.651,129.743,1,0,5.265,34.727,2.754,16.835,255,137676662,1538946866,255,0.00517,0.029436,0.023945,17.0,3.3,3,136.0,3,2,1,1,1,0,0,0,0,0,1,0,Normal,0
3472,0.313818,tcp,ftp,REQ,9,10,281.0,382.0,27.773,128,31,153.076,402.611,0,1,5.294,1.65,3.512,3.004,255,4165304584,2395748885,0,0.033347,0.021369,0.041801,53.4,192.7,0,151.0,3,3,2,3,1,0,1,0,1,1,3,0,Normal,0
3473,0.409154,tcp,smtp,INT,34,8,424.0,583.0,6.937,254,128,2467.287,138.507,0,2,0.209,7.315,4.853,7.627,0,1330367681,3977676241,0,0.062022,0.015513,0.024051,78.9,107.3,0,188.0,2,5,1,5,2,2,0,1,0,1,3,0,Generic,1
3474,0.20711,udp,http,ECO,11,12,782.0,454.0,119.122,31,128,442.528,174.911,1,0,15.118,10.862,7.143,0.329,255,1311337237,1707793666,0,0.142444,0.032988,0.004198,95.4,146.8,0,115.0,4,3,0,2,0,2,0,0,1,0,2,0,Normal,0
3475,0.358505,icmp,dhcp,ECO,33,11,2889.0,371.0,9.044,62,62,948.132,928.842,2,2,15.583,7.353,0.841,1.763,0,1737707610,3325244411,0,0.06735,0.016409,0.002395,41.9,3.8,0,82.0,3,2,2,1,2,1,0,0,1,4,4,0,Generic,1
3476,0.716568,tcp,ftp,ECO,14,8,5.0,264.0,167.829,31,31,23.991,1072.244,1,0,0.877,4.7,3.261,1.57,0,2944377611,501173679,0,0.055717,0.010542,0.000465,74.4,94.7,0,24.0,7,3,0,4,4,4,0,0,2,0,1,0,Normal,0
3477,0.674959,tcp,http,ECO,31,7,2646.0,72.0,78.638,128,31,433.433,17.935,1,1,3.827,8.733,1.497,4.323,255,3569000058,1642924644,255,0.042795,0.088072,0.013285,181.3,1.5,0,325.0,1,3,3,4,1,2,0,0,1,1,2,0,Fuzzers,1
3478,0.019402,tcp,pop3,REQ,29,5,3867.0,773.0,0.58,128,128,501.689,1381.474,2,1,12.303,0.349,0.661,0.119,0,1886602756,1510439035,0,0.030121,0.000115,0.014904,270.7,12.6,1,1.0,3,1,3,1,5,2,0,1,1,1,3,0,Reconnaissance,1
3479,0.27969,tcp,-,ECO,26,9,3321.0,451.0,34.074,31,128,178.755,1442.08,0,0,23.685,6.107,9.977,7.857,0,2089863774,3223764164,0,0.010261,0.008633,0.01165,16.1,57.0,1,1.0,3,5,0,0,5,3,0,0,0,2,5,0,Reconnaissance,1
3480,0.122163,tcp,ftp,RST,37,6,139.0,310.0,58.898,62,128,2535.332,1540.253,1,0,12.873,10.227,1.182,2.305,255,514866314,2338506399,255,0.053613,0.010469,0.002039,181.4,196.2,1,135.0,3,4,1,2,2,5,0,1,1,2,1,0,Generic,1
3481,0.130887,udp,http,CON,6,7,452.0,429.0,82.077,62,31,446.059,567.509,3,1,10.449,33.809,9.488,2.953,255,1267703100,916714159,255,0.009411,0.031193,0.010958,175.4,13.6,3,2.0,5,2,3,2,4,4,0,0,0,2,3,0,Normal,0
3482,0.288419,tcp,ssh,FIN,32,4,1986.0,264.0,215.837,62,62,2316.775,153.181,1,1,21.663,13.729,0.203,1.263,255,3753533986,545456668,255,0.026326,0.002325,0.01389,72.0,86.2,0,42.0,2,1,4,6,0,2,0,0,0,3,5,0,Exploits,1
3483,0.618642,tcp,pop3,ECO,34,7,884.0,441.0,79.831,62,62,425.218,113.552,1,1,3.445,1.082,5.588,1.268,255,3677372127,4078766833,0,0.089398,0.050605,0.001992,24.9,77.2,1,132.0,4,3,1,6,1,1,0,0,0,0,1,0,Fuzzers,1
3484,0.138135,udp,http,INT,24,8,1141.0,19.0,15.821,128,128,1816.422,671.191,3,2,0.698,15.555,4.181,5.113,255,1473716256,256806720,0,0.21798,0.00171,0.013191,25.7,13.5,1,42.0,4,2,0,4,4,2,0,1,1,3,8,0,Generic,1
3485,0.127149,udp,dns,ECO,27,7,1820.0,186.0,42.027,62,31,2166.269,605.319,2,1,0.082,2.055,5.546,4.645,255,2721388808,179295287,255,0.094641,0.069361,0.005551,65.7,70.9,0,481.0,3,3,1,0,2,1,0,0,1,1,8,0,Exploits,1
3486,0.817663,tcp,dns,CON,37,4,1586.0,16.0,164.31,31,128,969.402,50.945,0,1,23.269,28.042,5.656,2.622,0,3339181950,2389068807,0,0.004506,0.004671,0.000915,136.6,76.9,0,11.0,1,1,2,2,2,1,0,0,0,4,5,0,Exploits,1
3487,0.126928,tcp,ssh,INT,37,11,1020.0,219.0,13.489,31,62,84.046,315.745,1,1,5.666,18.506,1.727,4.695,255,2124990022,782209724,255,0.078716,0.017903,0.032464,90.9,40.3,1,133.0,5,1,1,1,0,3,0,0,0,3,5,0,Generic,1
3488,0.195611,arp,ftp,RST,37,13,1771.0,281.0,100.168,254,31,1336.068,2267.152,0,0,9.736,1.289,3.24,13.593,0,4123563573,562112627,255,0.099735,0.002363,0.001582,167.2,121.4,0,224.0,3,3,1,1,2,2,0,1,0,1,6,0,Exploits,1
3489,0.160974,tcp,smtp,REQ,8,9,747.0,5.0,115.167,62,62,1159.203,516.778,2,1,5.213,1.807,7.789,9.13,255,1825509578,3535712402,255,0.053233,0.014352,0.06862,268.1,148.6,1,145.0,2,1,1,1,5,1,0,0,0,2,2,0,Normal,0
3490,0.089806,udp,smtp,RST,4,7,249.0,77.0,44.681,128,31,1493.664,2726.188,3,2,5.491,1.954,0.212,0.611,0,3151194824,1453051810,0,0.063262,0.00236,3.4e-05,34.4,184.8,2,219.0,2,2,1,1,4,1,0,1,2,1,1,0,Normal,0
3491,0.757368,udp,-,CON,29,8,117.0,1969.0,47.116,31,254,350.758,127.613,1,2,8.673,7.737,8.733,5.738,0,1030324250,2514327345,0,0.022053,0.014815,0.011883,440.6,45.6,0,221.0,7,2,6,2,5,3,0,1,0,2,4,0,Generic,1
3492,2.18195,tcp,smtp,REQ,13,7,369.0,289.0,11.821,62,254,250.753,982.638,0,1,8.678,11.8,3.512,1.496,0,1171595354,1310513401,0,0.00513,0.005629,0.044002,149.9,16.1,1,17.0,4,4,4,0,3,0,0,0,0,0,7,0,Normal,0
3493,0.056837,tcp,smtp,INT,27,13,1009.0,555.0,9.245,62,128,465.377,2177.353,3,2,20.275,28.084,5.009,4.865,0,3954010867,1276102561,0,0.020448,0.008901,0.00646,90.5,170.9,0,309.0,3,3,3,2,3,3,0,0,0,5,4,0,DoS,1
3494,0.196556,tcp,dhcp,ECO,25,12,472.0,215.0,45.608,31,128,1976.757,517.631,2,2,27.19,0.795,9.311,6.078,255,1026620536,132617524,0,0.015899,0.00181,0.01149,8.2,28.3,2,966.0,1,1,1,2,0,2,0,0,0,2,2,0,Generic,1
3495,0.184803,tcp,smtp,INT,15,8,778.0,679.0,79.536,31,62,22.41,3107.298,0,3,13.717,2.113,2.638,1.459,0,3549577198,3759643632,0,0.001551,0.020046,0.001637,38.2,71.8,1,49.0,2,0,4,2,1,2,0,0,0,7,4,0,Normal,0
3496,0.096447,tcp,dhcp,FIN,29,10,727.0,83.0,10.943,62,62,789.066,2584.866,0,1,17.668,4.275,2.007,2.91,255,3085240723,80143091,0,0.040888,0.017943,0.023206,108.3,148.8,1,27.0,3,5,5,2,2,4,0,0,0,2,4,0,Fuzzers,1
3497,0.363049,udp,ftp,RST,35,6,1687.0,190.0,20.989,31,128,1441.091,2065.995,1,2,6.061,11.847,12.815,0.882,255,3204177626,2693442390,0,0.017044,0.007355,0.000259,5.7,59.3,0,52.0,2,2,1,3,1,3,0,0,2,0,2,0,Exploits,1
3498,1.130053,udp,ssh,ECO,26,8,1908.0,1080.0,6.631,31,62,357.7,771.057,2,0,2.398,12.704,0.934,3.921,255,1505791334,480803025,0,0.067044,0.021988,0.010451,49.2,8.8,0,362.0,0,4,3,3,0,1,0,0,1,5,1,0,Exploits,1
3499,0.026379,icmp,dhcp,ECO,5,4,2685.0,336.0,80.552,254,31,378.146,1322.568,0,3,10.417,10.347,2.229,0.257,255,679399215,2523841773,255,0.020122,0.000291,0.007965,11.9,22.4,1,321.0,1,2,1,1,1,2,0,0,0,7,1,0,Normal,0
3500,0.996069,arp,http,FIN,27,14,362.0,822.0,20.283,62,254,524.415,795.16,1,0,10.536,12.309,5.667,4.756,0,3463632747,1446372325,255,0.0668,0.03119,0.026704,18.4,359.6,0,81.0,1,3,2,2,2,1,0,0,0,1,6,0,DoS,1
3501,0.197739,udp,smtp,ECO,6,5,1192.0,251.0,10.833,254,128,541.921,248.745,2,1,1.469,9.737,1.807,1.503,255,3350330351,3372371339,255,0.037131,0.012803,0.007068,15.1,105.1,0,38.0,2,1,2,3,2,2,0,0,0,3,4,0,Normal,0
3502,1.12095,tcp,dhcp,INT,36,10,1663.0,303.0,70.958,254,254,269.155,605.644,0,1,0.075,3.784,0.161,5.507,255,3994961046,4065550062,255,0.071706,0.019368,0.005723,18.4,44.6,1,127.0,3,1,1,1,2,3,0,0,0,1,2,0,Generic,1
3503,0.231438,tcp,smtp,ECO,8,7,1121.0,343.0,8.715,128,128,988.127,28.719,3,0,3.778,19.607,2.071,2.246,0,2110496509,4030820099,0,0.017529,0.003089,0.008681,116.2,0.3,0,195.0,4,3,0,4,4,0,0,1,1,3,7,0,Normal,0
3504,0.143202,udp,dhcp,REQ,26,10,3925.0,412.0,35.793,62,254,413.085,5.571,2,2,3.084,9.15,2.68,0.38,255,3129589776,1959123019,0,0.031148,0.030574,0.005144,17.9,120.4,2,101.0,4,1,0,1,4,1,0,0,2,4,4,0,Generic,1
3505,0.016898,tcp,dns,ECO,32,11,404.0,94.0,64.195,128,128,1352.076,473.827,4,1,5.712,7.649,26.038,1.059,255,539846530,1854830093,255,0.053004,0.010597,0.030059,35.4,0.8,1,288.0,4,1,3,4,0,1,0,0,2,3,3,0,Exploits,1
3506,0.002154,tcp,dhcp,INT,38,4,943.0,536.0,79.14,254,31,359.93,308.319,3,0,3.958,2.162,1.53,0.236,0,3656841071,4070137517,255,0.037407,0.008663,0.009946,115.1,429.3,0,183.0,5,2,2,2,1,1,0,0,1,2,3,0,Generic,1
3507,0.647258,tcp,ssh,REQ,9,4,895.0,218.0,41.053,254,31,1010.641,260.941,0,0,1.835,4.793,4.194,0.515,255,916174139,3665298989,255,0.008657,0.013205,0.02983,6.3,123.1,0,177.0,5,6,4,1,1,2,0,0,0,1,6,0,Normal,0
3508,1.171307,tcp,dns,RST,23,10,323.0,441.0,101.05,31,62,362.569,1443.477,2,0,4.192,6.575,8.886,1.174,0,4247439749,850155067,0,0.019139,0.034747,0.025369,111.6,162.6,2,220.0,3,4,1,1,0,5,0,0,0,1,1,1,Fuzzers,1
3509,0.305626,tcp,http,FIN,41,4,2239.0,505.0,10.15,254,254,332.78,1798.448,0,0,1.167,1.096,11.565,7.369,255,782676550,1860916899,0,0.027188,0.013318,0.013616,8.7,71.6,1,178.0,3,0,0,4,1,5,0,0,1,3,5,0,Generic,1
3510,0.443121,udp,http,RST,14,5,883.0,1.0,13.44,128,128,639.038,197.648,0,0,29.203,3.039,9.48,0.594,255,3706199764,726801603,255,0.002019,0.080935,0.000567,35.2,42.9,0,206.0,1,1,1,0,0,4,0,0,0,8,2,0,Normal,0
3511,0.011332,tcp,ftp,FIN,32,8,1580.0,124.0,11.325,254,62,1181.385,2200.469,0,1,1.179,19.777,3.086,3.45,255,4129581653,1010189224,0,0.00351,0.002232,0.000319,29.2,37.1,0,327.0,6,2,0,1,2,1,0,0,1,3,5,0,Analysis,1
3512,0.804999,tcp,pop3,RST,36,11,1653.0,58.0,39.009,128,254,139.129,706.654,3,1,6.902,0.598,5.696,0.646,0,2553356143,1512564607,0,0.03383,0.02926,0.007596,103.0,42.5,0,241.0,2,1,2,2,1,1,0,1,0,2,3,0,Exploits,1
3513,0.333101,tcp,dns,FIN,33,7,775.0,128.0,67.165,254,254,4.368,314.533,1,1,0.47,5.356,1.481,7.776,0,2285373284,2006351858,255,0.016972,0.012293,0.012926,38.6,129.6,3,88.0,1,1,6,3,3,2,0,0,1,3,6,0,Shellcode,1
3514,1.348073,tcp,dns,CON,29,5,1556.0,871.0,0.175,128,254,421.204,624.066,1,1,10.278,1.405,6.464,4.662,0,620865712,783720292,255,0.092374,0.002798,0.007753,128.8,14.9,0,36.0,5,2,1,2,4,3,0,0,1,2,5,0,Backdoor,1
3515,0.484794,tcp,dns,INT,18,7,1421.0,24.0,64.366,31,128,1895.684,629.097,1,0,1.31,28.875,0.115,3.153,255,2564826041,983974122,0,0.001324,0.005075,0.018406,148.8,42.1,2,478.0,4,0,3,2,4,1,0,1,0,1,3,0,Reconnaissance,1
3516,0.306233,tcp,ftp,CON,42,9,709.0,73.0,19.229,62,254,2746.819,2483.287,1,1,1.784,8.566,1.526,0.194,0,1409418521,3843645893,0,0.057313,0.127681,0.015295,30.3,30.0,1,73.0,2,4,2,0,1,6,0,0,1,2,1,0,Exploits,1
3517,0.003343,tcp,pop3,FIN,27,6,2498.0,342.0,1.849,62,31,1382.537,319.342,0,3,6.116,0.606,0.454,3.853,0,2584650513,588359353,255,0.026446,0.057848,0.006988,14.3,115.4,1,94.0,3,2,2,0,2,2,0,0,0,0,4,0,Generic,1
3518,0.972951,udp,dns,FIN,7,11,1604.0,238.0,2.198,254,254,189.517,94.358,0,2,7.667,5.08,3.737,3.34,255,1291681998,4185859900,0,0.006351,0.026411,0.008979,182.9,7.4,0,97.0,3,6,1,0,3,3,0,0,0,0,2,0,Normal,0
3519,0.521156,tcp,dns,CON,8,6,1998.0,6.0,52.843,31,254,156.335,53.515,0,0,6.816,3.017,1.433,2.031,255,3835040528,2118381289,0,0.034725,0.009094,0.000528,118.0,5.4,3,113.0,1,1,5,2,1,2,0,0,0,1,2,0,Normal,0
3520,0.501014,ospf,smtp,INT,29,8,1116.0,28.0,3.524,254,254,967.864,670.788,0,2,6.69,4.117,0.444,4.304,0,1328776413,1929079388,255,0.031093,0.008539,0.002706,122.9,18.6,1,300.0,2,0,3,2,1,2,0,0,0,1,1,0,Exploits,1
3521,1.102181,udp,ssh,FIN,10,10,72.0,410.0,13.069,62,254,521.35,104.721,0,1,5.35,26.313,9.595,8.236,0,2769301876,2193308786,0,0.037218,0.044195,0.009468,62.0,66.2,0,116.0,2,6,4,1,3,1,0,0,0,1,5,0,Normal,0
3522,0.096108,tcp,ftp,FIN,26,7,753.0,270.0,227.708,62,128,768.663,423.299,2,1,3.518,1.49,4.613,25.996,255,3105406069,1505656510,0,0.10342,0.000774,0.009627,1.4,34.3,0,330.0,3,0,3,1,2,1,0,0,0,2,2,0,DoS,1
3523,0.868066,tcp,-,REQ,9,5,742.0,46.0,53.694,254,128,406.303,900.159,0,1,0.826,3.395,5.532,4.021,0,2986232620,3358906810,255,0.019438,0.001329,0.010885,220.6,134.0,0,453.0,7,4,1,2,1,1,0,0,0,2,2,1,Normal,0
3524,0.046142,tcp,ssh,CON,6,5,82.0,309.0,202.31,62,128,2619.221,120.416,0,1,27.387,40.308,12.768,2.195,255,842245336,46144671,255,0.010376,0.000974,0.003803,10.0,227.7,2,270.0,1,2,1,0,3,3,0,0,0,0,4,1,Normal,0
3525,0.029194,udp,smtp,RST,11,8,64.0,515.0,10.499,254,31,1646.642,55.829,1,2,22.307,11.108,6.751,4.039,255,3621918317,1146808801,0,0.09328,0.033503,0.002046,107.5,217.2,0,57.0,4,3,4,2,2,0,0,0,0,6,2,1,Normal,0
3526,1.172496,udp,ssh,ECO,9,5,1275.0,29.0,31.473,62,62,1471.084,526.541,3,2,3.293,3.885,2.252,13.553,0,4245890751,1166953694,255,0.00456,0.001308,0.005603,0.9,0.0,0,364.0,2,1,2,0,1,1,0,0,0,0,1,0,Normal,0
3527,1.343237,udp,smtp,FIN,12,3,232.0,342.0,16.586,31,128,1582.648,927.362,0,1,9.258,5.001,9.191,1.361,255,2282539588,3365642096,255,0.042472,0.026165,0.005291,58.1,9.2,1,339.0,0,2,3,1,2,0,0,0,0,1,7,0,Normal,0
3528,0.073742,icmp,smtp,ECO,6,9,159.0,293.0,29.06,128,254,3821.716,614.201,1,2,11.532,5.578,1.451,2.479,255,3003239006,970210657,255,0.036149,0.0078,0.044386,25.1,237.2,0,46.0,2,2,2,3,5,5,1,0,0,1,3,0,Normal,0
3529,0.148174,tcp,dhcp,RST,30,7,594.0,663.0,32.859,254,62,1062.351,587.794,0,1,22.373,3.821,0.225,6.633,0,2926550738,996965925,0,0.168006,0.019529,0.005243,181.9,58.9,0,191.0,1,2,3,1,1,1,0,0,0,2,3,0,Fuzzers,1
3530,0.214122,udp,-,RST,8,6,119.0,515.0,23.511,254,31,199.643,146.39,2,2,5.977,3.814,2.123,8.877,255,731681096,1412267349,255,0.025903,0.028872,0.018462,11.6,58.8,0,35.0,1,1,0,1,4,1,0,0,0,2,4,0,Normal,0
3531,0.981633,tcp,-,INT,9,6,983.0,507.0,11.831,31,62,554.439,1288.561,1,1,15.919,12.406,6.295,17.536,255,2728819501,218018456,255,0.066175,0.032277,0.001673,30.6,39.9,2,102.0,2,0,2,4,3,3,0,0,0,2,0,0,Normal,0
3532,0.898373,udp,dhcp,FIN,8,7,267.0,751.0,49.059,254,31,51.103,121.228,2,1,18.711,18.62,2.049,23.419,255,1870234679,1351356980,0,0.0578,0.019779,0.010495,158.7,65.7,1,51.0,1,3,4,2,1,1,0,1,0,1,3,0,Normal,0
3533,0.186824,tcp,dhcp,ECO,13,7,108.0,1002.0,16.72,31,128,864.652,2088.333,1,1,1.633,25.511,9.475,2.652,0,4122398695,2916397595,255,0.0128,0.078403,0.00544,166.2,327.1,1,31.0,6,1,0,0,2,1,0,0,1,1,1,0,Normal,0
3534,0.740769,udp,dns,REQ,9,6,923.0,18.0,4.115,128,128,800.375,321.433,1,1,2.681,3.997,7.885,0.694,0,1276190227,3943834579,0,0.157207,0.010112,0.004341,41.2,7.1,1,406.0,2,1,4,6,1,0,0,1,0,4,3,1,Normal,0
3535,0.018435,tcp,smtp,FIN,36,12,867.0,1337.0,66.858,62,254,1002.653,21.439,1,2,4.072,8.361,3.81,0.47,0,2900282526,2242889979,255,0.005883,0.012624,0.026156,243.3,228.9,0,23.0,2,0,1,2,1,4,0,0,0,1,2,0,Exploits,1
3536,0.1342,tcp,dns,FIN,31,8,3248.0,130.0,45.078,31,128,85.71,1479.568,1,1,11.716,10.38,0.515,1.471,0,516076611,1796024376,0,0.000952,0.001829,0.017262,71.1,4.8,0,242.0,3,2,0,4,2,1,0,1,0,1,3,0,Fuzzers,1
3537,0.362356,tcp,dhcp,CON,10,4,30.0,128.0,110.962,128,128,429.18,587.826,2,1,2.671,15.283,0.803,0.829,0,499378467,1672549916,0,0.071107,0.023033,0.036815,455.2,23.5,2,195.0,5,1,2,1,2,2,0,0,2,3,4,0,Normal,0
3538,0.321258,icmp,dns,INT,42,5,4724.0,71.0,56.019,62,62,451.532,653.325,0,2,16.707,0.246,9.628,3.637,255,2030456859,3703205822,0,0.008282,0.031032,0.03103,87.0,276.8,1,86.0,7,2,4,0,1,1,0,0,2,2,2,0,Generic,1
3539,0.273277,tcp,pop3,INT,9,11,78.0,109.0,4.358,254,254,128.333,171.98,1,1,33.352,1.332,3.116,1.257,0,3723219288,2655158495,255,0.043572,0.020396,0.005782,243.9,85.5,1,360.0,2,2,3,3,2,1,0,1,0,2,3,0,Normal,0
3540,0.074332,tcp,ftp,INT,6,9,755.0,260.0,46.748,254,128,522.79,476.154,1,1,10.632,34.163,4.623,4.629,0,2123653448,3325509574,0,0.047051,0.042585,0.025131,112.3,2.2,0,160.0,4,2,1,1,0,1,0,0,1,2,3,1,Normal,0
3541,0.822241,tcp,dns,ECO,31,10,5553.0,167.0,43.648,254,128,209.85,154.907,3,2,1.274,20.676,14.987,0.658,0,1004202073,1471425613,0,0.007681,0.04239,0.056112,160.0,99.8,0,42.0,0,2,0,2,1,1,0,1,0,1,3,0,DoS,1
3542,0.118463,tcp,ssh,ECO,8,4,847.0,9.0,29.229,62,31,1930.745,323.229,1,0,16.229,1.576,2.688,11.249,255,3365482062,3222302261,0,0.126541,0.020713,0.093951,4.1,119.9,0,61.0,3,5,1,3,1,0,0,0,2,4,3,0,Normal,0
3543,0.792949,icmp,dns,RST,40,10,1526.0,0.0,5.22,128,62,275.146,179.123,0,1,2.032,8.291,2.67,16.668,0,2735621938,184623527,0,0.01081,0.019692,0.035276,127.1,69.6,0,32.0,2,3,1,3,1,1,0,0,2,2,4,0,DoS,1
3544,0.679867,arp,-,REQ,14,10,15.0,144.0,8.503,128,128,162.835,903.346,0,0,15.149,49.642,6.977,4.365,0,1083090605,2093508984,0,0.003453,0.014034,0.004046,74.2,23.1,0,45.0,1,0,1,2,1,1,0,0,0,2,1,0,Normal,0
3545,0.249782,udp,http,ECO,12,6,353.0,233.0,194.512,254,128,1719.687,496.161,0,0,8.493,0.162,4.773,0.574,0,3999803835,2157978800,255,0.058471,0.004962,0.079949,15.7,20.7,0,197.0,1,2,5,1,4,0,0,0,0,1,6,0,Normal,0
3546,0.35717,udp,pop3,CON,7,7,439.0,236.0,59.117,128,31,656.377,613.14,2,1,10.597,4.178,9.352,8.45,0,2866546599,6754151,0,0.013501,0.061728,0.006921,30.0,81.5,1,319.0,3,3,2,3,2,2,0,0,0,1,4,0,Normal,0
3547,0.306032,tcp,ftp,REQ,10,6,133.0,129.0,7.038,62,62,3203.886,32.97,2,1,3.008,0.148,3.627,5.947,0,3045449575,270855020,0,0.008181,0.043573,0.054392,9.9,21.5,0,603.0,1,2,5,5,1,1,0,0,0,2,2,0,Normal,0
3548,2.379645,tcp,-,REQ,27,6,3971.0,117.0,31.023,62,62,163.086,66.219,1,0,7.121,23.174,0.04,0.853,255,2570852298,501004727,255,0.155578,0.033176,0.053661,57.8,192.0,0,181.0,3,1,3,3,1,2,0,0,0,1,3,0,Worms,1
3549,0.282076,tcp,dhcp,CON,9,9,26.0,442.0,48.13,254,128,2037.022,509.336,2,0,17.393,40.425,0.566,27.867,0,999919539,3780543020,0,0.141042,0.089504,0.047863,224.3,180.8,0,417.0,8,0,3,4,2,1,0,0,1,1,3,0,Normal,0
3550,1.164708,udp,dhcp,ECO,22,4,1104.0,81.0,48.025,128,31,426.607,401.375,3,2,5.829,0.941,3.857,0.209,255,1928534447,1612658143,255,0.004488,0.020171,0.01185,157.1,3.6,0,413.0,4,2,3,3,1,0,0,1,0,3,7,0,DoS,1
3551,0.780588,tcp,dns,CON,37,8,3363.0,163.0,16.246,128,62,1462.118,2946.22,0,0,5.22,9.568,8.257,0.91,0,3263233039,4228545005,255,0.014289,0.004628,0.038387,140.0,4.3,0,181.0,3,2,1,5,3,0,0,1,0,1,0,0,DoS,1
3552,0.551087,udp,ssh,FIN,26,6,1946.0,1092.0,7.455,254,254,314.308,724.876,1,0,4.133,2.488,8.041,2.642,255,4080165301,4289270849,0,0.039512,0.080713,0.022916,75.8,274.7,1,721.0,6,1,2,1,1,3,0,0,1,3,1,1,Generic,1
3553,0.021255,tcp,pop3,CON,9,6,18.0,386.0,35.63,31,31,213.884,262.387,0,1,7.996,2.173,1.009,1.923,0,2215149458,2793427285,0,0.007223,0.044592,0.013011,15.3,204.2,0,103.0,8,3,0,1,1,2,0,0,0,1,3,0,Normal,0
3554,0.263102,tcp,-,RST,12,6,7.0,575.0,103.673,128,31,920.186,3.564,0,2,12.75,35.19,3.231,5.318,255,4038758979,99755776,255,0.007318,0.015436,0.021042,0.1,12.7,0,508.0,5,1,0,4,0,2,0,0,1,0,3,0,Normal,0
3555,1.227992,tcp,ftp,INT,10,8,467.0,352.0,7.36,128,128,1612.887,30.387,1,0,5.201,18.166,17.548,2.438,0,776955586,3457922693,0,0.03036,0.002164,0.009069,172.6,27.6,1,118.0,2,2,1,0,4,3,0,0,0,2,1,0,Normal,0
3556,0.690455,udp,smtp,CON,31,6,940.0,424.0,26.803,128,62,1192.181,881.284,1,2,5.811,5.057,0.013,26.247,255,2513854785,2345680469,255,0.134695,0.12673,8.9e-05,1.2,231.4,1,209.0,3,0,2,2,3,2,0,1,0,2,3,0,Fuzzers,1
3557,1.059749,udp,smtp,ECO,8,6,331.0,599.0,81.627,62,128,219.104,138.845,1,2,7.478,0.553,6.593,2.834,255,2085985883,4091097512,0,0.040856,0.009608,0.000988,97.7,159.7,0,141.0,3,1,2,5,6,2,0,1,0,0,2,0,Normal,0
3558,0.240833,tcp,ftp,FIN,33,6,984.0,208.0,69.354,62,62,335.902,421.686,2,1,12.721,15.878,0.504,0.089,255,391644535,1532561668,0,0.051341,0.008025,0.05684,12.0,298.4,0,376.0,3,5,3,2,1,3,0,0,0,2,4,0,Reconnaissance,1
3559,0.00944,udp,-,FIN,32,6,381.0,78.0,99.81,128,31,2503.334,307.9,0,1,4.454,8.85,4.509,5.856,0,2309458442,1680760424,0,0.036678,0.02584,0.027046,345.4,24.5,0,311.0,4,3,2,4,4,2,0,0,1,7,2,0,Generic,1
3560,0.949333,udp,dhcp,ECO,14,9,462.0,73.0,71.937,31,62,549.981,2578.574,2,0,7.829,41.786,2.932,6.824,0,3960380296,2895070954,255,0.101596,0.027193,0.007486,93.7,151.4,0,488.0,2,2,2,2,3,1,0,0,0,2,2,0,Normal,0
3561,0.351377,tcp,smtp,CON,25,7,657.0,80.0,28.64,62,62,1063.06,144.973,0,0,27.077,28.098,2.47,0.638,0,4131462162,1725191494,255,0.006327,0.023734,0.001573,59.7,66.6,1,744.0,3,2,2,2,2,3,0,0,0,1,2,0,Exploits,1
3562,0.151889,udp,pop3,FIN,17,8,788.0,3.0,34.86,128,62,456.149,109.947,2,0,1.925,10.414,12.125,5.002,255,1690271210,4154778576,255,0.076027,0.008714,0.004876,31.5,12.9,0,98.0,4,1,1,2,2,2,0,0,1,2,3,0,Normal,0
3563,0.305185,tcp,dns,INT,30,10,2529.0,708.0,80.837,62,31,2561.761,476.187,1,1,1.526,1.231,4.13,3.069,0,1876013777,2123412030,0,0.013494,0.001946,0.004853,129.6,6.9,0,156.0,0,2,0,2,0,1,0,0,1,6,2,0,Reconnaissance,1
3564,0.204263,tcp,smtp,RST,8,4,466.0,53.0,9.137,31,128,111.788,2310.396,1,3,48.584,8.507,7.179,0.408,255,3592422893,2840856580,0,0.00967,0.01587,0.015098,136.3,22.1,1,75.0,4,4,1,0,3,2,0,0,0,0,3,0,Normal,0
3565,0.118222,tcp,dns,RST,32,10,1674.0,139.0,106.429,62,62,1580.616,289.348,1,1,12.907,14.815,14.267,13.011,255,2132420278,1480789899,255,0.01122,0.001063,0.005702,170.3,159.3,0,37.0,2,2,0,1,1,1,0,0,0,4,3,0,Backdoor,1
3566,0.290324,tcp,dns,FIN,21,4,778.0,390.0,72.171,31,31,2267.566,1262.453,0,1,21.073,1.707,2.982,1.193,0,3079788993,597606909,0,0.023308,0.05561,0.001054,36.9,74.4,3,357.0,2,1,4,3,2,1,0,0,0,2,4,0,Fuzzers,1
3567,0.097997,tcp,ssh,CON,36,12,546.0,385.0,93.487,62,31,2662.078,409.618,2,4,19.48,1.029,15.451,18.322,255,2372508810,2865233666,255,0.037934,0.03652,0.001873,134.7,44.9,0,216.0,3,1,2,3,2,2,0,0,2,2,7,0,DoS,1
3568,1.49653,tcp,dhcp,REQ,10,14,418.0,523.0,54.003,254,254,2280.399,2889.309,0,1,12.967,1.466,0.106,1.327,255,472785930,846408684,0,0.082316,0.001765,0.000238,7.8,38.4,0,337.0,1,3,2,1,0,1,0,0,0,2,3,0,Normal,0
3569,0.081998,tcp,pop3,REQ,33,11,1908.0,184.0,84.29,31,31,244.295,42.333,2,1,1.92,0.884,3.491,0.192,255,2310298806,2384547939,255,0.004489,0.008183,0.061477,55.1,262.2,1,398.0,3,5,4,1,2,4,0,0,0,2,2,0,Fuzzers,1
3570,0.44782,udp,ssh,REQ,8,6,144.0,62.0,30.037,254,31,907.146,5.469,1,0,13.842,6.951,1.44,1.727,0,3527016032,3174328525,255,0.017141,0.02663,0.115714,33.0,3.1,0,247.0,2,2,1,2,3,2,0,0,1,1,2,0,Normal,0
3571,0.94506,udp,-,INT,34,12,1003.0,72.0,1.178,254,62,1511.6,415.887,2,1,22.398,12.943,3.829,7.007,255,1401204486,2824281655,0,0.007977,0.036544,0.00246,9.4,525.7,0,250.0,1,1,1,3,0,4,0,0,0,3,3,0,Exploits,1
3572,0.703457,tcp,smtp,ECO,13,15,212.0,126.0,21.626,62,31,317.56,220.698,0,0,1.837,6.77,1.917,5.217,0,1382240590,1976023358,255,0.01977,0.010385,0.02659,51.6,51.4,0,86.0,3,1,2,2,5,1,0,1,0,1,1,0,Normal,0
3573,0.253447,tcp,dhcp,FIN,8,7,129.0,182.0,65.139,128,254,565.052,77.695,0,1,10.61,16.332,7.614,3.146,0,1319310554,3307562422,0,0.011836,0.000525,0.017867,72.3,15.8,0,42.0,3,4,4,3,2,1,0,0,0,1,3,0,Normal,0
3574,0.653326,tcp,dns,RST,21,7,321.0,210.0,68.922,254,254,1217.663,290.482,0,1,16.778,3.153,1.536,3.251,0,3691132472,2663145475,255,0.05079,0.011066,0.064484,216.9,262.3,0,396.0,2,1,2,1,1,4,0,0,1,2,1,1,Normal,0
3575,0.25548,udp,smtp,ECO,9,12,943.0,182.0,1.417,31,254,1148.321,823.843,1,0,1.622,4.452,1.803,9.12,255,4266918958,2237412271,255,0.053016,0.013128,0.027329,152.9,54.5,0,184.0,2,1,2,1,6,2,0,0,1,2,4,0,Normal,0
3576,0.20254,icmp,ftp,RST,11,8,300.0,87.0,28.271,254,62,2367.685,280.477,2,0,2.214,1.485,3.08,1.389,0,3292562964,776373623,255,0.127927,0.011506,0.009263,71.0,87.8,1,415.0,3,2,0,4,2,1,0,0,1,3,3,0,Normal,0
3577,0.171186,tcp,http,INT,23,3,3932.0,485.0,6.493,31,128,700.957,132.141,2,2,2.893,9.347,3.254,0.751,255,3321503338,3975033681,255,0.035885,0.004604,0.011171,25.8,476.7,1,225.0,2,2,3,1,1,2,0,1,0,3,4,0,Fuzzers,1
3578,0.084485,udp,ssh,INT,8,11,9.0,29.0,21.108,128,62,509.494,3427.913,0,1,3.165,4.706,8.24,2.196,255,2175658424,764405349,255,0.049543,0.018269,0.001162,6.1,144.0,0,7.0,3,0,3,0,3,1,0,0,0,2,5,0,Normal,0
3579,0.376938,tcp,ftp,INT,32,5,426.0,262.0,134.11,62,31,19.709,1191.377,2,2,5.526,7.802,12.047,1.402,0,2828920113,681222313,255,0.005857,0.07004,0.029078,16.9,31.6,0,116.0,1,1,1,3,1,2,0,0,0,3,3,0,Exploits,1
3580,0.470594,ospf,smtp,FIN,13,8,59.0,448.0,26.787,254,62,551.204,93.316,2,0,2.031,1.827,8.756,8.171,255,201500555,4153134415,255,0.047562,0.050397,0.001719,280.0,33.0,0,1097.0,5,2,0,4,2,0,0,0,0,2,0,0,Normal,0
3581,0.30234,tcp,smtp,CON,31,9,1008.0,474.0,212.079,62,254,593.295,56.209,2,0,2.737,1.466,0.586,4.278,255,1804520391,2076190469,255,0.011881,0.020868,0.010774,64.9,132.4,1,688.0,6,0,3,0,0,2,0,1,0,5,1,0,Exploits,1
3582,0.134702,tcp,pop3,REQ,29,8,3008.0,40.0,2.664,128,62,1362.5,4190.707,2,0,61.465,5.933,2.271,6.645,255,3927707569,1058159641,0,0.078034,0.002505,0.001722,173.7,20.5,1,201.0,4,2,2,2,3,0,0,1,0,1,1,0,Fuzzers,1
3583,0.124131,tcp,dhcp,REQ,7,9,78.0,254.0,84.956,128,31,555.08,256.649,0,1,5.733,18.656,2.255,1.003,0,675613191,864452366,0,0.127939,0.008705,0.01589,22.7,35.3,0,212.0,4,2,4,2,1,2,0,0,0,0,5,0,Normal,0
3584,0.00617,tcp,smtp,INT,29,9,1183.0,439.0,32.285,128,128,257.367,23.451,0,3,4.788,15.138,5.268,11.254,0,3928794664,1405571020,255,0.142006,0.016595,0.005481,225.1,37.7,0,1222.0,3,4,4,1,1,2,0,0,1,0,4,1,Exploits,1
3585,0.526262,tcp,-,INT,43,7,2929.0,4.0,29.973,254,31,222.117,1337.763,2,0,0.551,7.611,0.456,5.105,255,3585702693,2253227419,255,0.023843,0.038151,0.057658,95.1,96.6,2,66.0,5,1,2,2,3,2,0,0,0,0,2,0,Reconnaissance,1
3586,1.451066,tcp,smtp,FIN,24,15,6339.0,181.0,68.529,62,62,214.381,1359.267,1,2,25.001,8.104,0.499,13.706,255,4196160655,1413146262,0,0.011522,0.016341,0.00106,26.8,14.9,0,345.0,2,2,2,1,3,1,0,0,0,2,3,1,Fuzzers,1
3587,0.604564,tcp,dhcp,ECO,6,5,9.0,415.0,49.528,62,62,3252.55,478.38,1,1,1.372,35.769,5.202,4.167,0,398723426,2527850419,255,0.027195,0.033215,0.036629,79.7,83.2,0,65.0,7,5,6,1,1,3,0,0,0,6,3,0,Normal,0
3588,0.906737,udp,dns,ECO,8,5,603.0,271.0,83.234,62,254,3601.496,1719.62,0,0,11.537,2.307,2.657,12.105,0,3955841958,1169622725,0,0.046459,0.01186,0.032021,144.3,167.3,1,161.0,4,1,0,3,2,2,0,1,0,1,1,0,Normal,0
3589,0.160139,udp,smtp,CON,31,6,386.0,781.0,47.002,62,254,249.054,815.937,1,1,9.628,10.246,4.763,33.034,0,2708086936,236349758,255,0.091299,0.001978,0.013561,142.2,44.8,0,547.0,3,4,3,2,0,0,0,2,0,3,2,0,Exploits,1
3590,0.497991,tcp,pop3,CON,3,14,458.0,116.0,34.404,128,62,2358.98,55.503,3,3,33.704,18.882,4.751,6.668,0,2037959071,4026179748,255,0.011945,0.040908,0.019625,72.9,99.6,0,266.0,2,1,1,2,2,1,0,1,0,1,0,0,Normal,0
3591,0.005393,icmp,dns,REQ,32,7,6187.0,390.0,12.609,254,31,1202.673,2056.102,1,1,3.499,4.469,9.376,3.784,255,3426351643,515872122,0,0.026023,0.019759,0.011177,191.8,96.3,0,244.0,4,2,4,0,2,1,0,0,1,4,3,0,Fuzzers,1
3592,0.406476,tcp,dns,FIN,11,9,97.0,1140.0,60.901,128,254,1607.298,1767.114,3,1,7.153,7.188,0.188,6.511,0,3654704093,205747964,0,0.010174,0.015811,0.01266,106.5,70.3,0,202.0,2,2,3,5,3,0,0,0,0,5,3,0,Normal,0
3593,1.528555,arp,dns,FIN,22,4,1143.0,185.0,168.881,128,62,2944.493,229.472,1,0,9.189,47.804,3.294,6.061,255,803144752,435582497,0,0.035809,0.016924,0.080825,80.4,82.7,0,14.0,2,3,3,2,1,2,0,0,0,2,6,0,Fuzzers,1
3594,0.241705,tcp,pop3,ECO,13,11,417.0,562.0,57.227,254,62,966.614,99.198,1,1,1.982,0.509,8.145,1.317,0,2465320048,1101983949,255,0.004024,0.019931,0.013799,27.7,49.5,1,63.0,3,0,2,3,2,2,0,1,0,1,5,0,Normal,0
3595,0.251502,udp,dns,CON,13,10,7.0,92.0,152.14,31,62,201.891,1031.233,2,1,0.287,4.585,0.647,1.895,255,897547672,3048601740,255,0.104621,0.016965,0.004654,67.0,18.1,0,55.0,2,1,1,3,1,1,0,0,1,3,4,0,Normal,0
3596,0.315997,icmp,ftp,REQ,26,11,1685.0,1379.0,0.108,62,128,2710.944,1081.53,1,3,3.697,29.44,6.237,13.056,0,3136781237,243909555,255,0.000328,0.01245,0.004028,252.9,32.4,1,228.0,3,1,1,7,2,2,0,0,0,4,4,0,Worms,1
3597,0.681801,udp,smtp,ECO,32,9,1950.0,171.0,25.917,254,62,1139.833,264.346,0,2,0.307,18.319,2.266,9.885,0,2367553271,424729107,0,0.118003,0.001374,0.041005,33.6,177.5,0,273.0,5,3,3,2,1,2,1,1,0,2,6,0,DoS,1
3598,0.063223,udp,ssh,RST,31,7,967.0,70.0,174.502,128,31,1754.137,246.352,0,0,14.406,12.171,1.72,0.53,0,437528841,2591476364,0,0.038273,0.034902,0.001952,71.6,104.2,1,352.0,3,1,5,0,3,5,0,0,1,0,2,0,DoS,1
3599,0.491428,tcp,dhcp,CON,33,11,828.0,856.0,61.637,62,31,42.956,238.171,0,2,27.912,25.358,1.216,1.085,255,3984384316,3700015816,255,0.151734,0.00195,0.009925,72.7,47.6,0,523.0,5,0,2,3,2,0,0,0,0,2,3,0,Analysis,1
3600,0.882504,udp,dhcp,FIN,12,6,333.0,617.0,4.079,254,62,1112.151,294.528,0,0,6.079,5.976,1.959,3.44,255,3034431802,393738696,255,0.025841,0.025909,0.038637,113.7,329.2,0,146.0,5,1,2,0,2,3,0,0,0,1,2,0,Normal,0
3601,0.262848,tcp,pop3,RST,15,10,1468.0,24.0,28.178,62,31,392.363,905.591,2,0,2.356,16.19,0.582,4.537,0,1772009764,2874004072,0,0.019413,0.015467,0.005202,211.0,296.7,0,564.0,3,3,2,2,3,2,0,1,1,2,5,0,Normal,0
3602,0.381151,tcp,pop3,INT,10,5,88.0,171.0,76.217,62,128,809.313,1362.439,0,0,35.86,5.938,11.947,7.845,0,605978277,1253496671,0,0.018349,0.000144,0.020226,39.6,20.6,1,150.0,3,1,2,2,2,3,0,0,1,1,3,1,Normal,0
3603,1.115874,ospf,dns,ECO,8,13,612.0,623.0,0.827,62,62,1078.025,816.411,0,0,4.535,49.568,18.056,0.208,255,1459432576,1850792491,0,0.052563,0.026306,0.025027,86.6,120.8,0,309.0,1,2,3,1,1,1,0,0,0,1,3,0,Normal,0
3604,0.454081,tcp,ftp,REQ,10,11,134.0,4.0,69.337,254,62,82.031,1516.999,2,2,10.618,35.768,0.982,5.871,255,1110012388,4085798737,255,0.000102,0.014381,0.009144,88.3,32.5,1,506.0,3,2,7,0,3,0,0,0,0,0,7,0,Normal,0
3605,0.060972,tcp,smtp,FIN,43,12,5613.0,1086.0,18.16,31,128,512.227,124.96,0,2,9.883,6.987,0.564,2.684,255,2898795131,1214701757,0,0.172675,0.06717,0.027019,292.1,1.8,0,462.0,2,0,2,5,6,5,0,0,0,2,1,0,Reconnaissance,1
3606,0.616595,icmp,ssh,CON,11,9,508.0,171.0,66.699,128,31,417.326,24.191,5,0,6.578,15.662,5.222,10.735,255,1200972551,595289110,0,0.021087,0.000786,0.102191,82.1,53.4,1,207.0,2,2,1,1,2,1,0,0,0,0,5,0,Normal,0
3607,0.123514,tcp,smtp,RST,11,9,1277.0,179.0,124.522,128,62,1110.102,1896.926,0,3,24.213,10.32,6.576,4.534,0,2177915533,1460857201,0,0.117858,0.018724,0.008626,12.3,71.7,0,37.0,5,2,1,3,3,2,0,0,0,1,5,0,Normal,0
3608,0.399137,tcp,http,RST,10,4,31.0,278.0,34.829,62,254,342.007,2397.274,0,1,23.694,19.963,3.018,1.328,255,1116604941,2374374284,255,0.053108,0.020173,0.017955,5.7,218.8,1,251.0,4,4,3,1,1,3,0,0,0,7,2,0,Normal,0
3609,0.50945,tcp,-,RST,9,9,88.0,470.0,5.047,31,31,108.99,1088.918,1,0,3.503,8.313,9.768,4.115,0,206033164,2476663674,0,0.07284,0.003955,0.002471,91.7,163.5,1,64.0,2,0,6,0,2,1,0,1,0,2,2,0,Normal,0
3610,0.232127,udp,-,CON,5,14,362.0,282.0,38.637,31,62,1226.125,533.083,3,1,11.112,11.977,5.306,1.946,0,404622036,725442091,255,0.087701,0.004283,0.040539,148.6,29.5,0,554.0,4,1,2,3,2,0,0,0,0,2,2,0,Normal,0
3611,0.139045,icmp,dns,CON,38,11,2246.0,32.0,12.575,254,31,2521.01,90.227,1,2,5.914,6.776,2.08,5.338,0,1316747077,965365120,255,0.04964,0.032532,0.007775,67.7,66.1,1,158.0,3,0,3,1,3,0,0,0,0,1,1,0,Generic,1
3612,1.234493,tcp,pop3,CON,7,2,226.0,455.0,40.256,31,31,785.48,82.741,1,0,2.161,3.12,1.071,1.89,255,1982074475,367107501,0,0.056451,0.017752,0.020089,8.6,85.8,0,61.0,5,1,3,3,2,2,0,0,0,1,2,0,Normal,0
3613,0.522797,udp,pop3,RST,19,6,1606.0,35.0,6.805,62,31,462.255,693.927,0,0,2.693,7.741,2.647,8.807,255,1532162494,4237890495,0,0.10231,0.02048,0.024842,39.6,26.1,1,32.0,5,1,2,2,1,1,0,0,0,3,3,0,Generic,1
3614,0.361455,tcp,pop3,FIN,22,8,975.0,85.0,9.581,128,31,1313.327,1437.552,1,0,1.615,15.599,7.132,8.802,255,3351633391,466314129,255,0.091429,0.001632,0.041575,544.6,1.2,0,29.0,3,2,2,2,3,2,0,0,0,4,5,0,DoS,1
3615,0.204435,udp,ssh,RST,35,11,383.0,446.0,39.204,31,31,1321.804,185.368,1,2,4.472,18.834,3.721,1.961,0,3000629232,4187836608,0,0.065272,0.032548,0.049143,132.2,32.4,0,111.0,2,3,1,0,1,1,0,0,1,1,0,0,Generic,1
3616,1.114004,udp,-,CON,29,7,5931.0,41.0,8.216,254,128,303.227,15.266,2,0,5.72,9.226,1.77,0.472,255,3197184025,3904361536,0,0.0453,0.001763,0.044043,178.5,350.7,1,485.0,5,2,2,0,1,0,0,0,0,0,4,0,Exploits,1
3617,0.427619,arp,dhcp,INT,9,12,440.0,79.0,45.931,62,128,862.839,74.15,0,1,0.3,12.07,2.434,1.438,0,1171916453,2789028495,255,0.001298,0.037159,0.020207,11.8,78.1,0,72.0,3,1,2,1,1,1,0,0,0,0,3,0,Normal,0
3618,1.657812,tcp,dhcp,CON,11,7,605.0,477.0,209.881,62,31,334.261,318.693,0,1,9.877,93.514,4.145,3.297,0,1011005643,1160650280,255,0.075184,0.012611,0.010504,108.9,28.2,0,46.0,4,2,1,2,2,2,0,1,0,4,4,0,Normal,0
3619,0.280106,tcp,pop3,INT,13,10,1183.0,949.0,25.412,254,254,1121.396,304.017,2,1,22.518,14.107,9.661,0.507,255,2077520106,3739433868,0,0.097541,0.03273,0.015737,53.7,3.1,0,129.0,4,1,2,4,3,4,0,0,0,2,3,0,Normal,0
3620,0.865567,tcp,dns,RST,29,11,2636.0,416.0,72.864,128,128,507.537,2321.968,1,0,8.966,2.729,5.992,4.198,255,1595064964,3077527093,255,0.185103,0.012122,0.000228,35.9,298.0,2,47.0,4,8,1,6,5,1,0,0,0,2,3,0,Analysis,1
3621,0.720597,tcp,http,CON,34,14,1000.0,387.0,15.475,128,31,829.055,766.75,3,1,1.252,25.361,2.905,5.972,255,1050722989,2166977027,255,0.139193,0.00964,0.034991,36.7,171.7,0,121.0,5,1,2,2,1,3,0,0,0,0,2,1,Generic,1
3622,0.352938,tcp,dhcp,REQ,5,7,95.0,1452.0,68.844,31,128,43.022,5621.791,0,0,33.909,11.428,2.762,1.225,0,2681497821,1519361425,0,0.012579,0.054255,0.018503,76.0,6.6,0,25.0,3,1,2,3,1,0,0,0,0,1,3,0,Normal,0
3623,0.512015,tcp,http,FIN,10,5,767.0,1154.0,70.948,62,128,69.481,77.541,2,2,1.269,4.069,1.567,5.357,255,3928842315,2091319870,255,0.00745,0.00148,0.032972,152.0,30.8,2,177.0,2,1,1,1,0,0,0,0,1,0,8,0,Normal,0
3624,1.283383,tcp,pop3,CON,33,5,574.0,358.0,156.063,128,62,3884.772,111.374,0,2,1.653,4.728,12.241,8.016,255,2537782421,676414616,0,0.020995,0.036425,0.040111,59.5,75.2,1,227.0,5,1,1,2,2,3,0,0,0,1,2,0,Fuzzers,1
3625,0.109128,icmp,dhcp,RST,35,10,1544.0,711.0,85.576,254,62,289.611,348.974,0,0,5.17,2.253,2.298,0.963,255,2166259800,3822767151,0,0.07545,0.002489,0.006622,46.5,123.6,1,93.0,6,2,1,2,1,1,0,0,1,1,2,0,Generic,1
3626,0.007652,tcp,dhcp,REQ,30,9,1343.0,470.0,68.794,254,31,461.562,548.57,0,2,30.249,20.122,11.741,2.425,0,324905168,917147028,255,0.007251,0.030239,0.041994,124.3,15.8,0,471.0,7,1,1,0,3,1,0,0,1,2,4,1,Generic,1
3627,0.288358,tcp,smtp,REQ,33,7,2266.0,49.0,31.446,31,254,10.629,261.149,1,0,3.714,25.535,4.091,0.13,255,4289714359,3590901002,255,0.041071,0.018537,0.029353,3.5,44.0,2,852.0,3,1,4,4,1,3,0,0,0,3,2,0,DoS,1
3628,0.082137,udp,pop3,CON,23,9,1593.0,79.0,7.838,62,128,698.596,298.894,0,1,21.064,1.193,14.622,0.983,255,632231191,3060221073,255,0.07002,0.007692,0.009501,200.6,227.4,0,9.0,1,3,5,2,2,1,0,1,0,2,4,0,Generic,1
3629,0.10876,tcp,pop3,CON,32,9,1073.0,103.0,87.8,254,128,222.794,463.94,0,3,9.839,3.457,20.283,8.774,0,1260406798,176317836,0,0.054243,0.013424,0.001537,108.1,63.3,2,129.0,5,3,3,1,3,1,0,0,0,3,1,0,Generic,1
3630,1.308299,tcp,dhcp,INT,9,7,69.0,18.0,123.378,128,62,5725.46,389.389,0,0,6.552,8.811,7.954,17.553,255,2409336601,1306246518,255,0.027207,0.028349,0.001517,16.1,6.1,1,109.0,1,2,3,0,1,2,0,0,0,2,4,0,Normal,0
3631,0.268952,tcp,ftp,FIN,17,8,1063.0,62.0,19.001,62,62,1583.333,406.311,0,1,18.844,5.576,3.541,1.208,255,3850101047,3649772515,0,0.029226,0.014535,0.002597,2.2,46.3,0,600.0,4,4,3,2,2,1,0,0,0,1,1,0,Normal,0
3632,0.088671,tcp,ssh,ECO,24,8,472.0,41.0,3.237,62,62,750.556,579.344,0,0,6.955,1.229,0.908,2.154,0,141332326,1215205468,255,0.077823,0.004462,0.025804,39.8,8.4,0,183.0,2,2,1,5,3,2,0,1,1,2,3,0,Analysis,1
3633,0.450558,tcp,pop3,CON,26,3,865.0,1039.0,26.422,62,62,3249.666,856.979,0,0,5.554,7.309,0.863,23.675,0,3608184636,1419703898,255,0.074137,0.022207,0.012696,226.9,24.2,0,2.0,6,0,2,2,1,4,0,0,0,6,2,0,Generic,1
3634,0.001196,udp,http,RST,11,12,1683.0,1064.0,182.167,62,128,600.373,4176.61,0,2,4.122,10.266,19.194,5.143,0,4033869867,3553215868,255,0.018488,0.01107,0.026004,418.8,237.7,1,345.0,3,2,2,1,1,3,0,0,0,2,6,0,Normal,0
3635,0.145953,tcp,http,FIN,29,10,1124.0,169.0,78.325,128,128,8.512,949.433,0,3,9.623,13.595,2.329,1.695,255,1524647918,1486274156,255,0.032307,0.040049,0.038519,52.8,88.9,1,24.0,6,1,2,1,1,3,0,0,1,2,0,0,Generic,1
3636,0.257177,tcp,dns,REQ,13,7,1933.0,301.0,57.102,254,31,1510.865,695.181,1,0,18.019,4.173,9.252,9.851,0,966829222,871362414,0,0.107226,0.024675,0.012525,84.7,3.1,0,133.0,2,1,1,0,4,1,0,0,0,2,2,0,Normal,0
3637,0.52709,tcp,ftp,CON,30,4,1768.0,1351.0,6.579,62,62,1512.527,749.397,0,0,1.726,5.125,0.556,1.6,255,4139236366,2504697130,0,0.039569,0.001029,0.008423,265.6,62.3,0,174.0,1,1,5,3,3,4,0,1,0,1,3,0,Fuzzers,1
3638,1.10411,tcp,pop3,CON,15,10,90.0,475.0,81.556,128,254,218.543,2199.291,2,1,11.142,9.492,2.669,3.314,0,1646971199,1566593567,255,0.006709,0.095516,0.02443,104.5,116.0,1,102.0,4,3,1,0,0,3,0,0,1,3,2,0,Normal,0
3639,0.010475,tcp,dhcp,INT,28,11,2041.0,135.0,70.012,128,254,1631.832,571.746,1,1,26.884,2.072,2.892,1.593,255,336583621,1841547971,255,0.084992,0.013569,0.008384,6.5,278.6,1,411.0,2,4,5,1,3,2,0,0,0,1,3,0,Fuzzers,1
3640,0.28456,icmp,http,FIN,10,2,669.0,259.0,81.93,254,31,566.421,188.267,0,1,4.408,9.117,5.227,9.915,0,3256323944,3763239995,0,0.059117,0.011258,0.022239,55.3,148.6,0,577.0,4,1,4,2,4,2,0,0,0,2,0,0,Normal,0
3641,0.082864,tcp,ftp,FIN,12,3,1051.0,204.0,69.472,31,62,1177.792,21.494,2,0,12.921,0.053,3.575,23.065,255,886367520,1465954093,255,0.014866,0.035868,0.005048,32.1,75.7,1,226.0,3,1,1,4,2,2,0,0,0,1,6,0,Normal,0
3642,0.632997,tcp,dhcp,RST,10,8,300.0,779.0,55.807,254,254,1306.965,1470.49,1,0,32.296,4.7,15.366,1.57,255,1608807786,1822607514,0,0.03431,0.008478,0.020309,74.9,1.4,0,144.0,2,1,3,5,1,1,0,0,0,0,1,0,Normal,0
3643,0.379771,tcp,smtp,INT,27,7,2675.0,322.0,31.301,128,254,623.209,638.135,0,0,10.185,13.276,17.91,0.989,0,2464355990,4182571958,0,0.02698,0.001824,0.029245,23.5,90.0,1,509.0,1,3,2,1,0,1,0,0,0,2,2,0,Fuzzers,1
3644,0.191647,udp,http,REQ,13,11,157.0,115.0,35.789,62,62,1066.618,577.796,2,0,1.184,6.172,4.554,4.191,255,1373658097,691752262,0,0.018121,0.000988,0.003915,482.3,7.7,0,265.0,6,1,2,2,3,3,1,0,1,0,3,0,Normal,0
3645,0.085538,udp,smtp,REQ,12,9,563.0,823.0,0.279,128,62,1022.42,439.024,1,1,3.072,0.615,6.634,8.067,255,1232860785,468511238,255,0.229611,0.024578,0.015807,11.0,83.9,1,1.0,2,1,1,4,4,2,0,1,0,1,1,0,Normal,0
3646,0.52278,tcp,dhcp,REQ,27,9,371.0,1232.0,17.184,128,31,737.787,328.148,1,3,10.973,1.813,3.288,11.758,0,59795570,3688166674,255,0.012841,0.023767,0.026957,23.2,51.4,1,372.0,9,4,3,1,1,3,0,1,0,0,4,0,Exploits,1
3647,0.239486,udp,ftp,REQ,10,9,54.0,525.0,49.854,128,254,1213.612,795.828,0,1,4.305,13.228,9.68,3.07,0,1102991054,1341397160,0,0.017643,0.016228,0.033595,116.8,7.8,0,123.0,6,2,2,2,1,2,0,0,0,2,3,0,Normal,0
3648,0.678852,tcp,dns,ECO,14,8,278.0,132.0,0.042,31,128,3814.299,343.838,1,0,3.983,1.195,5.991,9.891,255,138087023,1115773997,0,0.019527,0.000438,0.001275,88.5,182.4,0,336.0,2,2,0,3,1,1,0,0,1,2,3,0,Normal,0
3649,0.395163,udp,smtp,REQ,11,2,156.0,182.0,128.91,254,31,983.138,760.338,1,2,18.919,2.362,0.337,5.954,255,1776166934,2922237440,255,0.060084,0.013983,0.008776,225.4,70.4,0,137.0,2,2,2,2,4,3,0,0,2,0,4,0,Normal,0
3650,0.205762,tcp,pop3,INT,23,5,809.0,12.0,75.172,62,62,1689.415,250.045,2,2,30.934,5.909,1.622,3.771,255,730644909,1063700379,0,0.02381,0.059861,0.019388,66.8,209.0,0,70.0,6,0,1,1,1,0,0,0,0,0,3,0,DoS,1
3651,1.003419,udp,smtp,CON,12,5,1193.0,65.0,8.815,128,31,93.436,1743.379,1,1,0.423,3.482,1.03,0.67,255,1921799740,569427237,0,0.106014,0.020081,0.003442,6.4,292.8,0,44.0,6,2,0,2,4,4,0,0,0,1,4,1,Normal,0
3652,0.517836,udp,dhcp,RST,5,4,326.0,192.0,31.424,128,254,308.663,915.341,0,0,0.435,0.207,4.47,7.335,0,112363674,3523281873,255,0.019315,0.009707,0.026965,41.5,26.3,0,164.0,6,0,2,3,2,1,0,0,0,5,2,1,Normal,0
3653,0.68367,udp,pop3,INT,5,5,1263.0,1014.0,32.796,62,254,90.775,862.259,1,2,0.146,33.671,5.937,0.345,0,573559633,740593634,0,0.071787,0.001097,0.045391,5.4,45.6,0,222.0,3,1,2,1,2,1,0,1,0,1,5,1,Normal,0
3654,0.369729,tcp,dns,REQ,9,6,224.0,1141.0,2.852,62,128,146.095,1246.278,0,0,4.823,9.883,6.291,7.414,255,4017981737,2136297984,0,0.073381,0.004147,0.002824,185.0,109.4,0,102.0,2,1,1,4,1,0,0,0,0,3,2,0,Normal,0
3655,0.456706,udp,dns,RST,15,5,13.0,257.0,8.201,31,62,937.396,515.562,1,1,4.255,0.972,0.687,0.999,0,1755950671,2833138340,0,0.054895,0.017287,0.011857,153.7,10.7,1,175.0,4,0,3,1,3,4,0,1,0,3,3,0,Normal,0
3656,0.442806,udp,ssh,CON,9,5,1899.0,18.0,26.339,254,31,43.904,914.837,1,0,4.242,4.831,12.141,8.134,0,3796493018,3284722577,255,0.306667,0.015959,0.004676,40.2,19.6,1,136.0,5,5,0,2,1,1,0,0,1,1,5,0,Normal,0
3657,0.265425,tcp,-,CON,13,8,636.0,1044.0,16.962,31,128,1799.105,1555.989,0,1,2.608,0.508,13.336,0.525,255,958626313,362831082,0,0.216143,0.034115,0.000871,125.7,58.5,0,121.0,3,1,4,2,1,0,0,1,1,1,2,1,Normal,0
3658,0.17796,tcp,http,FIN,11,15,353.0,237.0,37.953,62,31,2232.556,154.967,2,2,0.053,15.649,0.203,5.426,255,4103442138,1913122899,0,0.028644,0.032572,0.016318,21.4,2.4,1,72.0,3,3,0,1,3,2,0,1,0,2,3,0,Normal,0
3659,1.040992,tcp,http,FIN,26,13,1182.0,472.0,72.698,128,254,311.321,619.081,1,2,7.234,17.187,1.3,7.768,255,2053003128,2451251761,0,0.10122,0.00255,0.09994,101.3,80.6,1,328.0,8,1,1,1,3,0,0,0,0,0,1,0,DoS,1
3660,0.194512,tcp,pop3,REQ,12,10,485.0,689.0,143.67,31,62,352.948,1903.938,1,1,12.584,9.085,0.863,10.067,255,3971581652,2696635757,0,6e-06,0.004875,0.053218,94.6,13.5,1,11.0,3,2,0,1,1,0,0,0,0,2,3,1,Normal,0
3661,0.063826,udp,pop3,REQ,8,2,1091.0,19.0,1.473,62,254,571.221,2971.6,2,2,7.929,41.924,1.448,1.276,0,900692893,951784609,0,0.034511,0.015467,0.003196,3.9,88.9,0,86.0,3,3,0,0,3,0,0,0,0,1,4,1,Normal,0
3662,0.258061,tcp,pop3,CON,24,9,2773.0,1100.0,28.202,128,254,1279.025,335.795,1,0,6.271,7.626,6.39,6.764,0,3844594930,1499789142,255,0.070423,0.009011,0.018555,19.2,23.9,1,218.0,4,1,2,2,3,0,0,0,0,2,2,0,Reconnaissance,1
3663,0.502854,udp,-,CON,29,17,2499.0,628.0,15.435,31,128,4538.242,67.983,1,0,4.794,25.11,0.202,3.856,255,2108903865,737714692,255,0.151497,0.031302,0.000524,57.2,87.1,0,25.0,7,2,3,1,1,2,0,0,0,2,1,0,DoS,1
3664,0.848017,udp,ftp,RST,31,13,839.0,82.0,144.21,31,31,1398.179,249.099,1,1,0.08,7.984,0.025,0.314,255,2649608108,1464683122,0,0.066605,0.01556,0.005375,46.3,16.1,0,892.0,6,1,1,0,2,2,0,1,0,1,1,0,Generic,1
3665,0.399696,udp,ftp,FIN,11,7,564.0,1012.0,18.807,31,254,321.772,597.732,2,2,50.755,4.744,12.454,3.444,0,1502263021,1319642814,255,0.03573,0.015674,0.020929,13.1,11.4,0,85.0,2,1,1,4,5,2,0,0,1,1,0,0,Normal,0
3666,0.693874,udp,-,RST,3,11,68.0,1230.0,233.122,31,128,415.877,1767.406,1,3,15.274,1.584,4.885,7.434,0,3101027777,1602049409,0,0.206528,0.006685,0.025488,56.4,132.2,0,378.0,5,0,3,2,4,1,0,0,0,3,4,1,Normal,0
3667,1.075346,udp,ftp,ECO,8,7,1638.0,124.0,41.67,254,254,692.137,533.347,1,0,10.102,8.5,1.524,3.652,255,226986410,4007918836,255,0.031784,0.014378,0.000208,37.4,146.0,1,236.0,2,2,4,5,2,0,0,1,0,0,5,0,Normal,0
3668,0.832954,tcp,dns,INT,15,9,1462.0,200.0,72.229,31,62,847.095,1781.262,1,2,6.102,8.956,24.077,6.939,0,1435594801,2523330985,255,0.07179,0.025293,0.007792,191.1,1.1,0,75.0,3,1,5,2,2,3,0,0,0,2,5,0,Normal,0
3669,0.195797,tcp,dhcp,INT,14,7,43.0,144.0,95.563,62,62,1204.136,133.727,3,0,4.567,6.81,0.014,0.368,0,2022570139,3205267683,255,0.013301,0.034882,0.044256,248.7,11.1,2,42.0,1,2,1,2,5,1,0,0,0,0,8,0,Normal,0
3670,0.913763,udp,http,REQ,31,6,1512.0,89.0,52.593,254,31,294.402,1212.71,2,0,9.363,4.501,3.503,5.268,0,239349356,2046999939,255,0.029291,0.000583,0.05694,18.0,108.6,1,154.0,3,2,3,1,2,0,0,0,0,2,1,0,Generic,1
3671,0.87457,arp,pop3,FIN,7,15,744.0,137.0,75.264,128,31,1558.443,227.863,0,3,1.494,8.468,6.353,1.674,0,1840005146,1925806286,0,0.140448,0.004835,0.019026,5.2,0.1,1,463.0,5,3,1,3,3,3,0,0,0,0,1,0,Normal,0
3672,0.152424,tcp,pop3,REQ,25,5,1369.0,666.0,40.769,128,254,303.02,983.056,1,1,3.147,3.146,4.71,5.277,0,1541910037,168243250,0,0.01239,0.076731,0.036895,95.7,21.0,0,27.0,3,2,2,1,0,4,0,0,0,1,4,0,Generic,1
3673,0.127303,icmp,http,INT,16,8,83.0,452.0,18.433,254,254,328.475,55.732,0,1,5.794,1.03,1.103,4.357,255,2771024202,1791790300,0,0.021466,0.002153,0.02052,12.8,54.1,0,1131.0,0,0,1,3,1,3,0,0,0,1,2,0,Normal,0
3674,1.085414,ospf,ftp,INT,13,10,57.0,322.0,58.403,31,31,587.067,41.277,1,1,23.574,13.509,4.909,2.072,255,3046140104,592012672,0,0.122632,0.024669,0.030604,66.3,55.2,0,24.0,4,2,3,3,2,1,0,0,0,3,4,0,Normal,0
3675,0.532132,tcp,dns,FIN,33,10,350.0,482.0,123.187,62,128,761.524,1805.25,1,1,26.049,1.517,1.733,3.832,255,4060210811,2301769194,255,0.005157,0.02667,0.100578,171.3,57.2,0,130.0,2,1,2,3,3,0,0,0,0,2,2,0,Fuzzers,1
3676,0.333255,udp,dhcp,ECO,30,6,2020.0,8.0,74.131,31,128,5961.121,1398.715,1,3,3.367,0.968,15.69,2.988,0,2493014482,794256375,0,0.034644,0.018289,0.02078,6.7,107.8,0,115.0,1,3,1,0,0,1,0,2,0,2,5,0,DoS,1
3677,0.862627,udp,pop3,INT,13,9,61.0,404.0,12.58,128,31,98.34,478.648,1,2,1.239,8.695,20.596,6.89,0,130342976,2468454779,0,0.004653,0.037168,0.046243,9.1,136.3,0,209.0,3,2,2,6,1,2,0,0,1,3,5,0,Normal,0
3678,0.021028,tcp,dhcp,FIN,31,7,740.0,361.0,91.876,31,62,3430.867,1222.908,1,0,46.382,7.24,4.0,2.601,255,2400625294,3168925961,255,0.099359,0.011379,0.057606,155.6,168.7,0,102.0,3,1,3,3,1,2,0,0,0,0,1,0,Generic,1
3679,0.061009,tcp,ftp,RST,10,10,41.0,148.0,12.893,62,62,2375.274,1653.638,1,2,2.013,9.26,2.57,1.451,0,1095661497,3342187256,0,0.173919,0.073821,0.030573,164.4,28.8,2,682.0,5,3,2,1,1,0,0,0,1,2,1,0,Normal,0
3680,0.791612,tcp,dhcp,ECO,12,8,281.0,430.0,23.337,254,254,26.801,469.469,2,1,5.443,17.093,14.577,11.889,255,3540539831,1858039624,0,0.069618,0.013656,0.000524,225.2,229.7,0,471.0,3,1,3,2,2,1,0,0,1,3,4,0,Normal,0
3681,0.501837,udp,dhcp,REQ,29,5,694.0,216.0,3.174,254,31,687.155,2300.159,1,1,8.1,16.935,8.819,8.756,255,1122778049,993224181,255,0.013347,0.017013,0.025649,329.5,183.3,0,445.0,2,4,0,1,2,1,0,0,0,1,1,0,Exploits,1
3682,0.020697,tcp,smtp,FIN,11,13,810.0,768.0,48.516,31,62,214.499,3105.071,0,0,16.125,13.052,1.339,6.498,0,1172880317,694569575,0,0.064476,0.015826,0.010233,4.2,10.7,0,223.0,4,1,1,0,2,1,1,0,0,4,5,0,Normal,0
3683,0.029044,udp,http,ECO,16,9,198.0,178.0,37.956,62,254,1314.732,126.257,2,1,0.547,5.871,0.409,9.844,255,4158968646,2430709408,0,0.000602,0.017979,0.012566,119.3,32.5,2,76.0,3,1,2,0,3,1,0,1,0,3,5,0,Normal,0
3684,0.424659,udp,ftp,CON,10,11,67.0,434.0,126.603,254,31,940.957,452.341,2,2,26.897,1.587,1.056,0.159,255,738489861,2076050486,0,0.011916,0.045514,0.012746,18.8,11.9,0,242.0,5,2,2,2,2,1,0,0,1,0,5,0,Normal,0
3685,0.164922,udp,http,CON,13,8,3.0,180.0,42.01,254,128,1166.376,1191.32,0,0,7.047,5.891,0.779,0.499,255,3651331113,1550629159,0,0.092019,0.020537,0.021625,7.7,5.1,0,170.0,3,1,3,5,0,3,0,0,2,1,3,0,Normal,0
3686,0.226829,tcp,pop3,RST,10,9,98.0,7.0,22.658,31,254,565.668,1440.667,0,1,0.555,12.34,16.047,2.505,0,3006492626,3126072793,0,0.117608,0.009335,0.00366,18.9,186.6,2,52.0,3,3,4,2,1,3,0,0,0,4,1,1,Normal,0
3687,0.881449,tcp,ftp,CON,9,10,653.0,481.0,9.664,31,62,48.325,315.426,0,0,2.305,4.93,3.189,7.367,255,639068245,362211810,0,0.042903,0.015445,0.05682,116.1,0.1,0,183.0,2,1,1,1,3,1,0,0,0,0,0,0,Normal,0
3688,0.602994,tcp,ssh,FIN,32,9,1338.0,63.0,28.104,128,254,1277.894,447.211,0,0,0.391,11.217,5.651,7.632,0,1893835815,2601247971,0,0.037718,0.01376,0.04375,99.8,36.5,2,161.0,0,6,1,3,1,6,0,2,0,1,3,0,Analysis,1
3689,0.509533,tcp,ftp,RST,29,7,362.0,128.0,6.648,128,128,226.856,621.06,0,0,4.912,18.444,1.127,0.771,255,1257213789,1692951462,255,0.093565,0.012854,0.060269,44.8,35.2,0,155.0,2,1,2,2,0,1,0,1,0,3,3,0,Generic,1
3690,0.623877,tcp,dhcp,CON,10,6,99.0,132.0,30.067,254,254,3137.968,134.587,1,2,1.67,17.202,0.37,3.766,255,3988150615,253718576,0,0.11641,0.015774,0.014723,37.3,31.4,1,248.0,4,1,3,1,1,1,0,1,0,0,4,0,Normal,0
3691,0.307279,tcp,pop3,ECO,7,11,190.0,571.0,12.126,254,254,613.525,120.528,0,0,0.302,1.014,1.985,4.875,255,1399841856,2864774526,0,0.054922,0.083706,0.047505,131.6,43.3,0,324.0,1,3,1,0,3,0,0,0,0,1,2,0,Normal,0
3692,0.309902,tcp,dns,FIN,30,4,356.0,597.0,1.464,62,128,895.903,1540.199,3,0,0.687,0.898,6.212,3.744,255,1878146669,1569326023,255,0.059685,0.026773,0.000124,14.1,65.0,0,141.0,1,2,4,1,1,1,0,0,0,1,6,0,Generic,1
3693,0.976991,tcp,dns,ECO,12,5,62.0,1761.0,43.499,254,31,1034.53,1608.348,0,1,3.921,0.976,13.767,3.216,255,1144848133,3147086509,0,0.029692,0.012176,0.004933,65.1,18.2,1,76.0,3,3,2,1,1,1,0,0,1,2,4,0,Normal,0
3694,0.021996,tcp,-,RST,9,6,28.0,7.0,33.758,31,62,207.214,2399.529,4,1,7.339,11.103,3.996,7.297,255,1353548740,4175336452,0,0.105611,0.071286,0.04133,179.1,67.9,0,173.0,3,2,0,1,2,4,0,3,1,1,6,0,Normal,0
3695,0.560884,tcp,http,CON,30,5,1772.0,113.0,24.762,31,31,1247.65,1867.744,1,1,11.58,25.807,3.6,2.955,0,2064199755,3990053290,255,0.099369,0.024656,0.004648,129.0,44.3,0,188.0,5,6,2,1,3,1,0,0,0,1,3,0,Exploits,1
3696,0.079809,icmp,dhcp,REQ,6,8,745.0,121.0,33.44,31,31,649.14,240.869,2,1,0.463,27.232,7.798,2.452,0,3345713275,3837370038,0,0.150964,0.004558,0.019378,96.1,115.2,0,25.0,3,3,2,2,3,5,0,0,2,1,3,1,Normal,0
3697,0.534474,tcp,pop3,ECO,10,5,1336.0,864.0,34.341,62,31,11.987,587.631,2,2,1.033,1.222,1.449,3.83,255,829095162,155504903,0,0.058485,0.020626,0.036722,29.9,1.0,0,128.0,0,0,1,2,2,0,0,0,0,0,2,0,Normal,0
3698,0.041169,icmp,pop3,FIN,11,3,275.0,354.0,1.99,254,31,2032.04,405.516,0,0,10.526,1.132,5.407,0.254,0,1168972892,334463116,255,0.087245,0.011445,0.003458,3.7,16.4,0,81.0,1,1,1,1,0,2,0,0,0,5,5,0,Normal,0
3699,2.337105,udp,ssh,RST,8,10,1165.0,199.0,3.28,62,254,937.389,94.562,0,0,25.108,6.352,9.95,0.455,255,1480893607,50222951,255,0.150748,0.003522,0.005385,117.8,32.2,1,549.0,2,2,3,1,3,0,1,0,0,2,3,0,Normal,0
3700,0.827437,tcp,http,INT,12,6,170.0,632.0,125.53,62,62,121.279,105.987,2,0,3.052,13.943,0.071,1.245,0,2904492239,1816052029,255,0.001936,0.000362,0.036919,80.0,23.2,0,211.0,1,0,1,2,1,4,0,0,1,0,3,0,Normal,0
3701,0.076398,icmp,-,ECO,31,9,2802.0,15.0,9.891,128,128,3011.477,92.806,0,1,2.091,1.672,3.955,2.174,255,773610390,2449201939,0,0.027536,0.004514,0.015408,526.9,82.0,0,1.0,2,1,5,2,0,2,0,0,1,2,5,0,DoS,1
3702,0.42613,icmp,ssh,CON,13,8,254.0,39.0,0.117,254,128,1191.908,899.551,0,1,6.077,8.337,6.407,0.45,0,2293680978,2701686726,0,0.057463,0.019947,0.029999,20.7,24.0,0,230.0,2,5,3,2,5,1,0,1,0,4,5,0,Normal,0
3703,1.955242,udp,ftp,RST,34,14,686.0,629.0,19.527,31,128,24.018,65.68,0,0,0.246,2.027,10.014,0.481,0,3016621462,2920030267,255,0.071703,0.003976,0.006537,81.8,125.2,0,53.0,3,2,1,2,4,4,0,0,1,2,3,0,Generic,1
3704,0.201986,tcp,-,ECO,36,11,3064.0,191.0,13.12,128,254,5605.718,1536.606,0,2,0.469,16.378,2.466,1.401,255,3150062085,680812362,0,0.034956,0.002169,0.020444,109.7,25.7,0,695.0,1,1,3,2,1,3,0,0,0,1,1,0,Generic,1
3705,0.594444,tcp,-,INT,10,12,1457.0,122.0,13.704,31,62,73.778,294.477,0,0,3.031,14.575,0.522,0.159,0,30021483,1138318163,255,0.050579,0.009079,0.002748,113.6,110.1,1,38.0,7,1,3,2,2,3,0,0,0,3,4,0,Normal,0
3706,2.208092,tcp,smtp,FIN,9,10,660.0,1844.0,22.399,128,128,673.602,1072.024,0,4,7.314,0.852,11.49,0.235,0,3816869564,781364106,0,0.175192,0.019472,0.010965,257.9,45.9,1,46.0,2,0,4,3,3,1,0,1,0,2,1,0,Normal,0
3707,0.614538,udp,pop3,INT,8,11,199.0,755.0,65.527,128,62,266.899,1559.92,2,0,2.053,27.903,2.569,5.467,0,2272338998,2347067354,0,0.003564,0.010727,0.012366,9.1,84.1,0,79.0,1,0,2,2,3,0,0,0,0,1,5,0,Normal,0
3708,0.148404,tcp,ftp,REQ,37,4,1651.0,746.0,15.066,31,62,150.721,2290.737,0,1,9.87,8.765,3.982,13.447,255,1125351478,1449494270,0,0.012782,0.007773,0.018106,69.4,65.3,0,174.0,2,3,3,2,2,4,0,0,0,3,4,0,Generic,1
3709,0.683492,tcp,dhcp,REQ,14,12,437.0,1133.0,146.139,254,128,597.603,14.962,1,1,1.779,18.301,3.038,6.267,0,2493812680,1995086291,0,0.041499,0.016147,0.0172,59.9,10.2,0,61.0,5,2,0,1,1,2,0,0,2,2,7,0,Normal,0
3710,0.485022,tcp,dns,INT,29,7,5753.0,320.0,96.086,128,62,802.541,58.442,0,1,10.424,0.602,1.113,0.526,0,3190952607,2525441074,0,0.01792,0.025592,0.00184,34.0,332.0,1,14.0,1,4,0,1,2,3,0,0,1,0,2,0,Exploits,1
3711,0.061922,tcp,ssh,ECO,34,2,654.0,1873.0,1.264,254,128,1329.613,545.16,3,1,4.8,9.974,2.851,3.314,0,1389204258,3079680339,255,0.091707,3.5e-05,0.016936,3.0,11.2,1,115.0,3,4,1,4,2,3,0,0,1,2,6,0,DoS,1
3712,0.18564,tcp,http,REQ,27,9,2486.0,1693.0,79.194,254,31,689.813,227.412,0,1,17.329,0.24,4.409,11.898,0,3416859480,2558527554,255,0.009055,0.003381,0.006147,63.1,22.0,4,28.0,3,2,1,3,1,0,0,0,0,7,2,0,Exploits,1
3713,0.038642,tcp,smtp,REQ,30,3,952.0,1037.0,35.372,31,128,649.131,293.449,3,4,2.388,7.786,0.096,23.838,0,1483378684,4283575188,255,0.136955,0.073968,0.01082,29.4,40.7,2,39.0,2,1,2,2,3,3,0,0,0,3,2,1,Shellcode,1
3714,0.116546,icmp,ftp,ECO,32,8,2597.0,704.0,134.097,31,62,1418.454,553.958,3,1,6.169,6.916,0.562,6.373,0,3330161598,1549842440,255,0.036131,0.008655,0.016265,32.8,180.2,0,42.0,3,1,1,7,3,2,0,0,0,0,4,0,Exploits,1
3715,0.243602,tcp,pop3,ECO,28,9,444.0,402.0,5.098,254,128,524.988,727.878,0,0,7.289,10.844,2.826,1.197,255,1860684671,3442895583,255,0.041243,0.014067,0.015105,30.9,200.8,1,16.0,4,2,1,4,2,0,0,0,0,2,1,0,DoS,1
3716,0.019659,tcp,dns,INT,29,8,1681.0,283.0,100.902,254,62,1062.906,622.655,0,1,0.823,13.974,1.916,2.001,255,1852515722,4047799862,0,0.007878,0.058435,0.01162,167.4,138.3,0,721.0,2,2,3,1,1,2,0,0,1,2,3,0,Fuzzers,1
3717,0.427263,tcp,-,CON,34,3,2356.0,270.0,49.948,62,62,1983.578,716.653,0,3,5.776,0.663,3.337,3.831,255,914583454,4204686181,0,0.039969,0.005644,0.000904,69.0,8.0,0,106.0,3,2,3,1,1,0,0,0,0,3,0,1,Exploits,1
3718,0.125308,tcp,http,RST,34,10,5978.0,384.0,10.965,62,254,264.774,1130.175,0,2,6.893,16.829,1.27,4.231,255,814677488,719463366,255,0.042276,0.047952,0.036648,59.7,2.8,2,705.0,4,3,0,1,5,0,0,1,0,2,5,0,Fuzzers,1
3719,0.410439,udp,ftp,REQ,40,6,3587.0,915.0,10.406,128,128,1285.811,637.415,1,0,5.143,15.776,1.065,7.516,255,1050736353,171326388,0,0.028875,0.009124,0.018688,105.9,25.0,0,115.0,0,1,2,3,0,4,0,0,0,2,5,0,Reconnaissance,1
3720,0.591202,tcp,dns,INT,11,13,1132.0,586.0,48.501,254,128,555.234,546.076,2,1,2.314,1.839,0.426,5.863,0,3881884637,3704024183,255,0.015514,0.000267,0.026153,61.4,108.3,1,133.0,2,1,2,2,4,1,0,0,0,3,1,0,Normal,0
3721,0.389474,arp,ftp,RST,34,7,1706.0,477.0,97.309,128,62,72.391,3152.597,0,0,1.698,31.068,1.039,13.512,0,659867019,2998063153,255,0.038193,0.019161,0.005614,79.8,64.0,0,618.0,8,1,3,0,1,1,0,0,2,6,4,0,Generic,1
3722,0.434841,ospf,smtp,REQ,9,1,376.0,717.0,143.487,254,128,2122.733,2908.632,3,1,17.385,1.667,2.56,6.914,0,2572375607,2911075229,0,0.084537,0.059203,0.020368,71.1,104.4,1,95.0,4,3,1,3,1,0,0,0,0,1,2,1,Normal,0
3723,0.098643,udp,dhcp,ECO,26,7,2946.0,734.0,21.775,254,254,277.236,56.621,0,1,9.452,4.034,1.882,5.019,255,1621913732,3284411681,0,0.012231,0.034485,0.002296,40.9,339.1,0,158.0,4,2,2,1,2,2,0,0,0,3,4,0,DoS,1
3724,2.108119,udp,ssh,INT,7,2,38.0,834.0,9.477,62,62,75.804,609.349,0,1,17.831,1.999,3.518,0.309,255,728478358,3165631631,255,0.064458,0.003058,0.003858,348.8,85.6,0,65.0,1,0,2,2,2,0,0,0,0,0,2,0,Normal,0
3725,0.186383,tcp,ftp,RST,31,8,1023.0,560.0,9.51,254,128,41.339,136.599,0,2,3.67,29.084,32.984,1.736,0,2513165000,938401948,255,0.008906,0.015589,0.064284,347.0,241.6,0,86.0,4,1,0,2,1,4,0,0,0,2,2,0,Fuzzers,1
3726,0.150236,tcp,ssh,CON,33,10,4480.0,220.0,30.539,31,128,44.819,258.611,2,2,4.871,2.279,4.594,4.485,0,2935701713,2454708751,0,0.047878,0.018818,0.004604,36.4,192.5,0,70.0,1,1,1,1,0,2,0,0,0,0,1,0,Fuzzers,1
3727,1.131499,tcp,dhcp,ECO,25,8,1742.0,423.0,0.056,254,31,717.207,1041.19,1,1,12.547,4.335,1.449,2.119,0,878888152,2420730346,255,0.038493,0.006499,0.015979,115.0,48.0,0,10.0,3,1,1,0,2,2,0,0,0,1,5,0,Analysis,1
3728,0.676528,udp,http,FIN,14,13,43.0,86.0,20.493,62,31,645.555,306.536,0,1,13.344,11.362,2.835,1.306,255,2454735233,3901705830,255,0.072598,0.028782,0.005087,70.5,265.3,1,309.0,1,3,2,1,0,1,1,0,0,0,1,0,Normal,0
3729,0.07773,tcp,http,RST,43,7,2176.0,704.0,11.287,62,62,900.691,916.698,0,1,12.883,0.792,2.777,2.995,255,1724645013,1674894091,255,0.001036,0.017368,0.005653,2.6,135.4,1,369.0,2,1,2,1,2,4,0,0,0,3,4,1,Exploits,1
3730,0.030127,tcp,-,FIN,37,8,894.0,289.0,154.978,128,62,592.407,384.742,2,0,0.547,0.896,1.912,6.831,255,3289844972,1464454611,0,0.046784,0.037709,0.025209,50.0,118.7,0,1.0,2,1,2,3,1,3,0,0,0,1,2,0,Exploits,1
3731,0.192407,tcp,pop3,ECO,26,10,2550.0,404.0,59.205,128,128,1447.568,65.504,1,2,1.757,2.795,7.569,2.663,255,4249942154,1782814448,255,0.000746,0.02067,0.026621,57.2,20.1,0,210.0,7,4,0,2,4,1,0,0,0,1,1,0,Reconnaissance,1
3732,1.924116,udp,pop3,ECO,26,6,2476.0,934.0,146.647,128,254,2332.361,213.319,0,2,0.012,2.13,0.58,14.122,0,3643653747,3125230973,0,0.006256,0.018289,0.013365,19.5,174.4,0,23.0,4,2,4,7,4,0,0,0,0,0,3,0,Reconnaissance,1
3733,0.782346,udp,dns,RST,25,7,1454.0,505.0,96.004,128,62,587.667,453.822,0,2,11.698,10.389,4.45,5.625,255,1427381709,322069048,0,0.068243,0.006358,0.01328,4.4,96.5,1,186.0,4,0,3,2,3,3,0,0,0,1,4,0,Generic,1
3734,0.353715,tcp,pop3,RST,39,8,731.0,877.0,5.526,254,31,291.939,1024.727,1,0,3.251,19.825,0.1,10.537,255,2228973029,3271134881,0,0.119649,0.005632,0.004123,1.1,17.1,1,474.0,2,3,2,1,0,0,0,0,0,2,6,0,Generic,1
3735,0.006625,tcp,ssh,INT,7,9,1307.0,347.0,44.243,254,31,1330.271,682.48,2,0,0.57,6.306,1.646,0.63,255,2392561604,1328153317,0,0.102428,0.017502,0.035177,59.8,52.0,1,509.0,4,1,4,3,0,1,0,0,1,3,2,0,Normal,0
3736,0.212508,tcp,dhcp,CON,27,6,2195.0,87.0,7.507,254,62,107.347,126.691,1,5,7.115,36.603,0.848,1.662,255,546328184,3812518,0,0.067251,0.0213,0.026912,56.2,34.7,1,150.0,1,1,3,2,3,1,0,2,0,5,3,0,Backdoor,1
3737,0.178737,udp,dhcp,ECO,5,7,2533.0,245.0,21.555,254,254,1851.805,1708.126,0,0,3.436,3.938,6.213,1.931,255,1233653876,2889570447,255,0.039457,0.008138,0.012996,271.9,84.1,2,191.0,3,4,3,2,0,3,0,1,0,3,4,0,Normal,0
3738,1.459006,tcp,dhcp,REQ,31,7,435.0,464.0,15.046,128,31,49.905,75.337,0,0,0.177,2.854,0.246,2.69,255,2997263006,577626889,0,0.077642,0.066707,0.023541,110.6,117.3,2,37.0,2,0,0,0,2,1,0,0,2,0,4,0,Exploits,1
3739,0.011311,tcp,dns,RST,27,8,858.0,718.0,4.662,128,254,95.924,348.249,3,0,5.692,5.384,3.31,7.523,0,759633048,1510234008,255,0.044264,0.038791,0.03503,209.1,40.4,0,62.0,0,3,3,0,2,1,0,0,0,2,2,0,Fuzzers,1
3740,0.008376,udp,ssh,RST,10,14,177.0,334.0,42.6,31,62,857.508,1555.598,2,1,11.25,2.282,0.311,3.572,0,1641329279,199994836,255,0.095958,0.018644,0.011136,118.4,161.3,0,492.0,2,1,1,5,0,4,0,0,0,1,3,0,Normal,0
3741,0.549184,tcp,http,RST,9,6,1237.0,295.0,95.805,31,31,326.763,1035.084,0,2,4.993,6.109,4.309,10.762,255,63136028,4262274273,0,0.018864,0.015874,0.009559,41.9,97.6,0,373.0,4,1,2,2,1,2,0,0,0,1,2,0,Normal,0
3742,0.068698,udp,dhcp,INT,16,3,428.0,740.0,19.135,128,128,774.011,173.327,2,1,0.462,9.857,4.927,3.054,255,1548872364,2609893306,255,0.083227,0.064908,0.014663,121.7,18.4,0,3.0,6,0,1,1,4,0,0,0,1,0,0,0,Normal,0
3743,0.239982,tcp,ftp,INT,30,7,1337.0,79.0,24.283,62,31,2231.028,406.874,0,1,3.796,19.99,0.876,2.279,0,595614102,1655224234,0,0.025613,0.042566,0.033604,0.2,66.0,0,151.0,1,2,3,2,2,2,0,1,1,2,6,0,DoS,1
3744,0.048068,icmp,dns,INT,17,7,10.0,993.0,18.601,254,128,218.157,925.196,2,1,8.248,12.228,6.368,2.178,255,352737412,795779767,0,0.010697,0.042594,0.04272,144.1,45.5,0,825.0,2,2,2,4,4,3,0,0,0,1,5,0,Normal,0
3745,0.099772,tcp,smtp,REQ,12,5,754.0,768.0,15.059,62,62,777.855,606.939,1,2,19.172,2.512,0.356,5.489,255,4092747908,2614134389,255,0.031975,0.004359,0.019166,273.8,68.5,0,26.0,9,2,4,2,2,5,0,0,0,3,3,0,Normal,0
3746,0.207682,tcp,pop3,RST,34,14,1768.0,81.0,83.707,128,62,24.47,1022.01,0,0,34.486,1.781,3.283,0.309,255,3484524178,2071566517,0,0.027107,0.01814,0.015189,85.1,94.7,0,23.0,3,1,0,2,3,1,0,0,1,1,0,0,Exploits,1
3747,0.460954,arp,ssh,CON,11,8,89.0,102.0,51.124,31,31,140.01,398.701,4,0,13.228,2.361,3.609,3.479,255,1012296407,3698958113,255,0.00742,0.028096,0.001929,112.5,193.7,0,61.0,5,2,4,2,3,1,0,0,1,2,1,0,Normal,0
3748,0.678558,tcp,dhcp,CON,28,6,4013.0,121.0,149.465,31,31,2306.074,514.68,0,3,27.582,24.675,8.252,3.591,255,570988198,2377244834,0,0.007595,0.133192,0.00219,104.0,452.1,0,4.0,4,1,1,0,3,1,0,0,0,1,2,0,DoS,1
3749,0.406129,udp,ssh,FIN,12,12,390.0,73.0,45.09,31,62,3665.333,260.263,2,0,26.155,57.268,0.162,6.313,255,2908454493,479598352,255,0.010798,0.0222,0.025928,375.6,184.9,0,174.0,4,0,0,1,4,1,0,0,0,1,7,0,Normal,0
3750,0.012548,tcp,pop3,REQ,8,8,862.0,59.0,37.639,62,62,9.518,1439.129,0,2,9.521,14.037,2.605,3.557,0,2689015688,2525277681,0,0.046278,0.004234,0.014078,29.6,67.1,0,17.0,5,2,3,1,0,1,0,0,1,5,3,0,Normal,0
3751,0.251062,tcp,smtp,RST,11,7,429.0,338.0,14.542,62,31,14.444,202.235,0,0,8.746,28.378,9.844,6.0,0,295692299,4129889061,255,0.001251,0.006915,0.031046,4.3,31.4,0,14.0,7,5,4,2,3,2,0,0,1,1,2,0,Normal,0
3752,0.089856,tcp,dns,CON,9,5,854.0,1094.0,109.554,62,128,310.243,469.934,1,0,14.677,10.465,1.526,9.406,0,507075634,3591710797,255,0.019331,0.019125,0.012916,9.2,109.2,0,183.0,1,1,5,3,3,4,0,0,0,0,4,0,Normal,0
3753,0.094607,tcp,dhcp,RST,10,9,352.0,352.0,21.097,31,128,1915.201,283.82,1,2,0.251,9.586,6.19,10.179,0,4035187556,3222682090,0,0.000915,0.027512,0.016863,125.1,83.6,1,72.0,6,2,4,0,1,1,0,0,0,2,2,1,Normal,0
3754,0.316475,udp,dns,FIN,42,7,11607.0,255.0,10.38,31,128,3351.036,1045.73,0,1,28.705,0.109,23.284,0.178,255,407416125,3105981745,255,0.013838,0.002206,0.033599,14.1,2.2,0,303.0,5,2,0,3,1,0,0,0,0,4,0,0,Exploits,1
3755,0.667629,tcp,smtp,ECO,19,5,354.0,45.0,213.359,31,128,513.387,183.204,0,0,13.446,5.504,14.412,1.172,0,3015426627,2031810874,0,0.167085,0.046907,0.016326,20.9,6.8,2,203.0,1,1,4,2,3,1,0,0,0,1,5,0,Normal,0
3756,0.122955,tcp,ftp,RST,13,8,7.0,302.0,76.332,31,31,3432.549,271.859,0,0,4.409,0.219,3.88,1.883,255,190994625,1817697298,255,0.035517,0.050662,0.024819,2.0,103.4,1,207.0,2,4,2,3,2,3,0,0,0,0,1,1,Normal,0
3757,0.762125,tcp,dns,RST,14,10,1230.0,85.0,95.171,31,254,677.412,436.959,0,2,11.843,5.636,0.833,1.579,255,1607000321,1562774620,255,0.019915,0.028886,0.084667,142.0,7.5,0,351.0,2,2,3,1,4,2,0,0,0,3,3,0,Normal,0
3758,0.675971,tcp,ftp,RST,11,10,50.0,15.0,16.926,254,254,1504.235,1131.681,1,2,13.521,8.916,0.02,1.991,255,2826929999,3561191843,0,0.00274,0.006702,0.077848,57.3,21.0,1,219.0,3,2,2,2,4,1,0,0,0,0,2,0,Normal,0
3759,1.294005,tcp,ftp,INT,37,7,5552.0,299.0,2.943,62,31,768.885,1691.044,1,1,3.764,16.527,5.45,2.735,255,2030723954,2126820229,0,0.002647,0.023611,0.028484,10.2,72.2,0,67.0,4,1,2,2,1,1,0,0,1,4,1,0,Reconnaissance,1
3760,0.982997,arp,pop3,ECO,9,11,140.0,361.0,150.468,128,31,614.155,1333.72,1,2,0.1,1.062,0.597,7.828,0,4155518950,3773268469,255,0.006669,0.000463,0.021713,2.0,92.4,0,197.0,4,3,2,1,4,2,0,0,0,1,4,0,Normal,0
3761,0.357945,tcp,pop3,RST,29,10,1967.0,1453.0,302.956,62,254,855.338,2013.699,0,1,10.321,1.682,6.368,2.547,255,406793091,788730302,0,0.059682,0.003379,0.034581,35.8,20.6,0,169.0,1,0,2,3,1,2,0,0,1,1,7,0,Shellcode,1
3762,0.109694,tcp,ssh,CON,12,9,106.0,349.0,14.203,128,31,394.761,581.922,0,0,9.404,0.445,16.393,2.816,0,1779504581,1916808174,255,0.040297,0.013443,0.012116,6.5,145.9,0,460.0,2,2,4,3,1,2,0,1,0,3,3,0,Normal,0
3763,0.569677,tcp,-,ECO,13,14,101.0,268.0,59.806,31,254,1419.482,159.64,2,1,12.188,1.944,2.11,1.266,0,2631248098,3801798180,0,0.019165,0.009321,0.001419,52.4,13.6,2,199.0,3,2,0,2,3,2,0,1,2,4,0,0,Normal,0
3764,1.523119,tcp,http,RST,11,6,535.0,585.0,23.451,31,128,256.692,267.078,0,0,3.258,13.965,7.279,17.116,0,3509101688,1450273170,0,0.109859,0.022199,0.004036,131.8,122.8,0,562.0,2,1,3,1,1,3,0,0,0,3,7,0,Normal,0
3765,1.020047,tcp,http,CON,9,9,768.0,581.0,122.128,31,128,493.549,2215.886,0,0,1.118,10.07,7.637,0.259,0,1948484542,1244251396,255,0.027316,0.015908,0.000839,57.6,37.4,1,129.0,4,3,0,1,1,3,1,0,1,3,0,0,Normal,0
3766,0.191826,udp,ssh,ECO,37,7,2990.0,403.0,53.794,31,128,368.697,658.003,0,1,0.374,8.835,11.125,1.635,255,3375852746,1757824644,255,0.019642,0.024401,0.003927,123.1,9.4,3,158.0,1,2,2,2,1,2,0,0,0,3,5,0,Fuzzers,1
3767,1.811074,udp,dhcp,CON,9,7,851.0,198.0,35.529,62,62,89.47,646.949,2,3,4.57,10.394,2.825,0.404,255,3684595299,1695295243,255,0.041292,0.007688,0.012619,2.4,75.6,0,195.0,2,0,3,3,1,0,0,1,0,2,3,0,Normal,0
3768,0.131804,udp,dns,REQ,12,12,105.0,66.0,13.463,128,128,937.225,206.983,0,2,6.949,1.501,0.595,5.547,255,1709360531,263085350,255,0.064657,0.058655,0.011409,2.9,26.9,0,94.0,2,2,0,3,2,2,0,0,0,0,1,0,Normal,0
3769,0.384617,tcp,ftp,RST,39,7,209.0,811.0,24.034,62,62,1191.96,546.108,1,4,18.795,11.534,0.22,2.267,255,842489436,4182235058,255,0.145136,0.014428,0.010699,125.4,65.3,0,452.0,8,2,1,1,3,3,0,0,1,0,6,0,Generic,1
3770,0.319513,udp,smtp,ECO,27,12,1330.0,174.0,3.304,62,254,1095.724,568.098,0,3,22.927,3.347,1.325,0.841,255,1412782708,3670061389,0,0.002239,0.0143,0.004926,177.1,60.8,0,158.0,5,2,1,1,1,4,0,0,0,2,1,0,Generic,1
3771,0.976441,icmp,dhcp,REQ,29,5,626.0,198.0,14.894,62,62,55.861,1504.519,0,0,0.488,11.469,1.992,1.771,255,3300400518,2638790617,255,0.061978,0.009336,0.003908,37.3,18.4,0,326.0,5,5,2,3,1,1,0,0,0,2,2,0,Reconnaissance,1
3772,0.297007,icmp,ftp,ECO,17,6,136.0,116.0,120.778,31,62,198.514,696.194,3,1,2.488,11.767,2.341,0.161,0,3393931465,1758148390,255,0.074154,0.001977,0.003451,68.2,70.8,1,101.0,5,2,1,1,2,4,0,0,1,2,6,0,Analysis,1
3773,0.661304,icmp,ftp,CON,40,12,3393.0,899.0,31.995,254,62,1282.264,3023.96,1,1,13.269,5.538,2.261,4.012,0,1949651672,235725241,0,0.058366,0.06369,0.026445,319.2,370.3,1,54.0,1,4,2,2,0,2,0,2,0,3,3,0,Generic,1
3774,0.242439,tcp,smtp,RST,31,6,1627.0,112.0,99.221,62,128,247.462,1820.817,1,0,25.724,9.74,8.732,1.188,255,4251536556,3792015610,255,0.101783,0.004907,0.005162,23.9,39.5,0,357.0,0,3,0,0,0,0,0,0,0,5,4,0,Fuzzers,1
3775,0.105413,ospf,dhcp,CON,26,10,4852.0,79.0,20.278,128,62,127.306,264.57,1,1,0.838,12.685,1.277,7.128,255,2014008881,2521170744,255,0.117686,0.08196,0.000469,8.2,43.5,1,30.0,3,1,4,2,1,3,0,0,1,1,2,1,Fuzzers,1
3776,0.802057,udp,ssh,ECO,8,10,4.0,1265.0,18.146,62,62,417.107,84.452,0,1,15.437,0.687,3.847,7.235,0,3181913670,73221105,0,0.068058,0.003358,0.010598,32.0,88.3,0,119.0,4,0,3,1,3,3,0,1,0,2,3,0,Normal,0
3777,0.370066,udp,smtp,RST,31,5,2431.0,93.0,85.976,254,128,263.269,1323.283,2,3,4.828,1.587,1.996,2.001,255,2123857345,697683615,255,0.027606,0.004969,0.037849,17.1,106.9,1,919.0,3,0,1,3,3,4,0,0,1,2,1,1,Exploits,1
3778,0.811307,udp,ssh,REQ,9,8,217.0,185.0,110.099,128,31,144.961,1218.643,0,1,40.257,7.812,2.892,6.201,255,3879657023,1868049065,0,0.045907,0.033707,0.030227,10.9,182.0,1,257.0,3,1,2,3,6,3,0,0,1,1,4,0,Normal,0
3779,0.377246,ospf,-,FIN,21,6,163.0,458.0,13.949,128,128,18.337,2397.153,0,1,2.304,23.085,2.393,7.388,0,4185362076,2433075640,0,0.07387,0.000217,0.015076,4.7,90.3,1,3.0,2,4,2,3,2,1,0,0,0,3,2,0,Exploits,1
3780,0.20946,tcp,pop3,INT,35,17,2562.0,1559.0,37.748,62,128,2964.933,32.417,4,0,10.688,4.018,6.692,0.451,255,2181086423,3216233063,255,0.003984,0.011525,0.018905,65.5,98.8,0,275.0,2,2,2,2,0,1,0,0,1,0,4,0,Analysis,1
3781,0.243666,udp,-,FIN,13,13,345.0,570.0,4.955,128,254,2508.968,1402.561,1,1,7.845,1.854,7.528,3.353,255,102388991,3079553841,255,0.005723,0.072348,6.7e-05,51.7,11.2,1,298.0,4,2,1,3,3,2,0,0,0,2,2,1,Normal,0
3782,2.324524,udp,dns,ECO,36,13,593.0,505.0,61.971,31,254,554.395,1226.325,0,0,13.696,6.786,10.874,10.668,255,3192603864,485256560,0,0.047918,0.043,0.012022,101.8,27.6,0,179.0,4,1,0,1,4,3,0,0,0,1,2,0,Fuzzers,1
3783,1.069938,udp,ftp,INT,30,11,3580.0,505.0,13.968,62,31,136.547,263.64,0,1,5.135,2.744,0.686,19.569,255,3033461472,1794932545,0,0.031514,0.043711,0.020932,6.0,25.8,0,222.0,3,0,3,2,2,1,0,0,0,1,0,0,Reconnaissance,1
3784,0.96256,udp,ssh,RST,14,3,494.0,186.0,121.993,62,254,1000.369,246.618,1,1,34.075,44.67,3.726,2.382,0,4233349858,165660116,255,0.37417,0.025419,0.040134,291.7,20.3,0,150.0,2,1,3,1,0,0,0,0,0,1,4,0,Normal,0
3785,0.727981,tcp,http,ECO,14,9,148.0,252.0,125.932,128,31,1003.01,590.724,0,1,13.879,5.823,0.452,4.786,0,1501482387,3779946652,0,0.047486,0.005856,0.057418,53.8,88.5,0,380.0,3,2,0,4,2,3,0,0,0,2,2,0,Normal,0
3786,0.090928,tcp,http,FIN,23,13,4003.0,73.0,7.383,31,128,3889.221,1259.592,0,0,1.369,4.636,6.158,1.201,0,2375026954,134982226,255,0.07079,0.014336,0.000315,29.9,3.6,1,363.0,4,1,7,1,1,0,0,0,0,3,2,0,Reconnaissance,1
3787,0.516187,tcp,dhcp,RST,32,6,6182.0,1204.0,3.145,128,31,478.386,366.568,2,0,4.717,1.123,1.446,3.032,0,1465699934,2655699459,255,0.008411,0.002353,0.007798,23.3,106.3,1,19.0,2,2,5,0,0,3,0,1,0,2,3,0,Analysis,1
3788,0.349614,udp,dns,CON,13,2,30.0,692.0,5.938,128,128,73.988,681.028,0,0,7.342,1.601,1.405,0.807,0,1230766704,2762202484,0,0.084863,0.024566,0.004567,316.3,42.3,0,70.0,1,3,1,3,2,3,0,0,0,3,2,0,Normal,0
3789,0.469968,udp,ssh,FIN,14,7,508.0,1196.0,92.024,254,254,1058.067,8.168,0,1,5.297,9.385,3.558,6.073,255,2445183737,912481711,255,0.080312,0.016524,0.027177,110.8,112.3,0,41.0,5,3,4,3,1,2,0,0,0,3,4,0,Normal,0
3790,0.264195,udp,smtp,CON,38,8,2002.0,261.0,57.133,62,62,1872.991,463.098,2,1,19.692,1.301,0.019,0.701,255,3120276411,1133568940,0,0.05232,0.008112,0.008797,118.0,187.8,0,80.0,3,2,2,3,5,0,1,2,0,2,4,0,Exploits,1
3791,1.004027,udp,smtp,REQ,5,9,452.0,416.0,174.405,128,62,2100.752,182.353,0,0,18.218,10.7,17.775,6.594,0,3825312257,4015077947,255,0.088079,0.005391,0.001294,175.8,114.1,0,104.0,3,3,2,1,5,4,0,0,0,0,2,0,Normal,0
3792,0.689459,tcp,ssh,ECO,9,10,988.0,75.0,78.965,62,128,773.691,42.285,1,1,9.859,10.752,4.893,3.022,255,2404987709,3187732227,255,0.03719,0.029217,0.04664,71.9,12.4,0,384.0,5,4,2,5,2,1,0,0,0,3,3,0,Normal,0
3793,0.505969,tcp,ssh,RST,14,8,325.0,29.0,12.289,62,128,2198.241,442.241,3,0,11.156,16.656,3.088,2.381,255,2276283326,572077567,0,0.080043,0.03134,0.038418,236.1,51.5,1,90.0,3,6,1,2,1,1,0,0,0,3,1,0,Normal,0
3794,0.237292,udp,dhcp,CON,9,8,565.0,952.0,11.998,62,31,552.217,1761.481,1,1,17.345,16.223,7.552,6.347,0,672152772,1597143677,255,0.00131,0.014,0.026236,15.8,25.9,0,83.0,4,0,0,1,1,2,0,0,0,2,0,1,Normal,0
3795,0.31318,icmp,pop3,CON,32,7,1102.0,90.0,84.849,128,128,937.544,303.08,1,1,0.259,8.686,2.126,8.317,255,2011780716,4079152050,0,0.011287,0.009764,0.015799,167.1,116.2,1,375.0,2,0,2,3,1,2,0,1,0,3,3,0,Generic,1
3796,0.478788,udp,ftp,CON,38,5,1924.0,749.0,56.251,31,254,212.171,115.516,1,1,12.519,30.738,0.678,4.924,255,3915056747,789607130,0,0.076551,0.053352,0.010695,57.0,107.0,0,10.0,6,2,3,1,2,1,0,0,0,1,4,0,Generic,1
3797,0.00147,icmp,http,RST,28,8,1659.0,69.0,93.493,31,254,1431.803,185.129,0,1,2.095,1.279,0.548,1.45,255,648384491,3051372328,0,0.112565,0.00326,0.043427,33.7,24.4,0,12.0,3,1,4,3,0,1,0,0,0,4,2,0,Generic,1
3798,0.354979,ospf,pop3,REQ,26,7,2170.0,12.0,13.813,31,62,1815.704,334.902,0,2,3.004,7.571,2.75,9.72,0,1967759000,2626122375,0,0.059073,0.055807,0.001496,126.9,220.7,3,27.0,4,3,2,2,2,1,0,0,0,1,5,0,Exploits,1
3799,0.674964,tcp,ftp,FIN,6,4,402.0,542.0,7.452,254,128,55.705,712.406,0,0,2.688,2.194,3.143,1.436,255,215022291,2133542284,0,0.046993,0.009793,0.011167,230.3,12.5,0,19.0,4,1,2,4,0,2,0,0,0,0,3,0,Normal,0
3800,0.813804,udp,ftp,FIN,11,9,112.0,502.0,80.157,254,128,499.246,100.622,3,1,13.279,1.105,0.508,9.209,0,304066067,1676928511,0,0.148444,0.010148,0.021966,44.1,30.8,0,142.0,2,4,4,0,2,1,0,0,0,2,4,0,Normal,0
3801,0.269413,tcp,-,FIN,9,8,638.0,117.0,7.261,128,254,1143.649,519.936,0,0,2.055,12.362,0.644,22.388,255,3163689226,1140303007,255,0.03057,0.011322,0.040638,110.5,134.9,0,103.0,1,3,3,3,0,1,1,0,0,4,3,0,Normal,0
3802,0.247072,tcp,smtp,ECO,9,8,957.0,1.0,76.877,31,31,576.378,574.513,2,1,17.501,4.994,1.212,3.108,255,2326909194,2052088507,0,0.07139,0.012756,0.035419,40.8,42.1,0,141.0,2,1,3,0,4,0,0,0,0,2,3,0,Normal,0
3803,1.913475,tcp,smtp,REQ,8,11,197.0,628.0,14.437,254,31,109.451,619.557,0,1,2.292,4.922,3.715,2.276,0,3162284402,1618690741,255,0.198324,0.015858,0.030618,41.9,33.7,0,7.0,3,0,3,1,0,2,0,1,2,0,6,0,Normal,0
3804,0.092792,tcp,pop3,INT,10,11,813.0,53.0,2.367,128,254,662.549,143.039,0,1,7.588,17.585,20.333,2.538,0,1904516735,1570987628,0,0.037978,0.023737,0.020684,193.4,65.4,0,145.0,7,0,2,2,1,0,0,0,1,1,6,0,Normal,0
3805,0.31089,tcp,ssh,RST,13,11,908.0,48.0,4.194,62,62,1687.009,2292.843,0,2,1.107,3.252,9.112,6.497,0,2617889663,2019141967,255,0.047548,0.004435,0.01934,252.9,108.2,0,5.0,1,0,3,1,2,0,0,0,1,1,2,0,Normal,0
3806,0.315225,udp,ssh,CON,5,8,1782.0,996.0,66.1,31,31,491.707,413.624,0,2,7.048,3.305,0.418,6.401,255,3452247262,3492895295,0,0.026985,0.002471,0.033652,29.8,24.2,0,305.0,3,1,0,4,4,1,0,0,0,5,4,0,Normal,0
3807,0.519105,tcp,smtp,FIN,27,11,2808.0,512.0,11.893,128,62,2229.917,2342.531,4,2,18.695,1.804,0.943,4.713,0,1095731720,3126198323,0,0.012119,0.010906,0.03759,76.0,257.9,2,728.0,8,4,1,2,3,4,0,0,0,0,3,0,Generic,1
3808,0.434944,tcp,pop3,CON,38,8,498.0,393.0,12.798,31,254,148.124,286.879,0,0,3.402,7.777,1.343,9.877,0,2017388621,93403742,0,0.005944,0.032365,0.027594,138.1,16.4,1,183.0,4,2,1,0,0,1,0,0,0,1,4,0,Generic,1
3809,0.434445,tcp,dhcp,CON,24,6,2061.0,190.0,15.025,128,31,1544.638,313.493,0,0,2.865,10.749,13.362,21.393,0,155086522,1735070710,0,0.007421,0.037607,0.025425,151.1,20.7,0,441.0,6,0,2,3,2,1,0,0,1,0,0,0,Reconnaissance,1
3810,0.234953,tcp,pop3,RST,28,6,1341.0,148.0,28.511,62,254,62.537,521.56,0,1,0.946,21.289,7.26,3.432,0,236285454,357209114,0,0.004821,0.001733,0.007227,49.7,17.0,1,87.0,1,1,0,2,2,1,0,0,1,2,1,0,Fuzzers,1
3811,0.710649,icmp,ftp,RST,36,9,6328.0,1086.0,25.205,128,31,273.55,352.772,1,0,42.141,0.272,4.857,3.596,255,2213806072,3019537242,0,0.062853,0.018599,0.003866,206.4,23.9,1,531.0,1,3,3,1,0,3,0,0,0,3,1,0,Generic,1
3812,0.812641,tcp,ftp,REQ,13,9,186.0,178.0,179.211,31,31,23.652,300.452,1,0,1.728,29.214,3.979,4.709,0,2156699192,141099387,0,0.065091,0.016403,0.002235,15.2,58.2,0,250.0,2,1,0,0,2,1,0,0,0,1,6,0,Normal,0
3813,0.784122,tcp,-,ECO,28,8,657.0,127.0,15.512,128,62,1263.188,308.654,0,1,6.251,4.437,13.567,1.421,255,2636744855,4086974071,255,0.003014,0.002626,0.005905,15.7,18.8,0,710.0,5,2,5,2,0,1,0,0,0,3,0,0,Generic,1
3814,0.309607,ospf,dhcp,INT,8,8,515.0,221.0,99.003,128,31,2716.791,145.857,2,2,8.071,16.578,1.91,0.688,255,755441930,1836709324,0,0.111296,0.005116,0.035319,105.8,326.2,0,20.0,3,2,2,3,2,3,0,0,1,2,2,1,Normal,0
3815,0.452967,udp,ssh,CON,9,12,199.0,28.0,152.026,128,62,833.915,201.644,1,1,7.645,16.204,7.769,4.98,0,1826933825,3498222920,0,0.030196,0.02232,0.025719,55.9,110.6,0,40.0,2,3,0,4,2,1,0,1,0,1,2,0,Normal,0
3816,0.135298,udp,dhcp,CON,7,8,232.0,328.0,12.35,254,31,12.426,645.456,0,0,8.543,4.286,0.041,2.61,0,1833486227,3380233439,255,0.070258,0.001547,0.019782,52.0,41.7,0,56.0,4,1,2,5,2,3,0,1,0,2,1,0,Normal,0
3817,0.458247,udp,pop3,FIN,5,7,63.0,205.0,10.095,62,128,1350.11,861.277,0,3,1.719,28.804,0.869,0.579,255,637442018,4236315857,0,0.022766,0.001626,0.003682,294.0,82.7,2,374.0,1,3,4,2,1,0,0,0,0,1,0,0,Normal,0
3818,0.453667,tcp,dns,ECO,9,8,758.0,2601.0,105.079,62,31,438.651,958.484,1,1,4.041,35.853,0.062,0.343,0,3491230075,3259791823,255,0.012278,0.018868,0.030485,141.1,358.9,1,132.0,2,2,0,1,0,1,0,1,0,1,8,0,Normal,0
3819,0.290172,udp,http,REQ,32,5,5152.0,97.0,15.431,62,254,849.284,231.756,0,1,1.269,33.713,1.753,0.863,255,1934872811,3039023133,255,0.022661,0.053671,0.045438,113.5,24.3,0,17.0,3,5,3,1,3,2,1,0,0,3,3,0,Generic,1
3820,1.683099,tcp,-,RST,27,7,70.0,311.0,38.337,62,62,3135.62,577.739,0,1,1.229,3.967,5.526,6.53,0,696703966,2479828078,255,0.006134,0.043052,0.035462,84.4,317.1,1,457.0,4,2,2,4,3,5,0,0,3,1,1,0,Fuzzers,1
3821,0.151054,tcp,pop3,CON,31,14,1435.0,296.0,6.082,62,31,2704.714,42.389,0,0,17.585,9.677,0.794,4.899,0,2255741561,72354882,0,0.037356,0.008948,0.003686,25.6,210.0,0,257.0,6,0,3,4,2,5,0,1,0,2,4,0,Exploits,1
3822,0.025292,tcp,ftp,RST,28,10,2484.0,394.0,51.966,31,254,127.053,100.672,0,0,3.253,42.274,1.493,4.001,0,680225029,1210737169,255,0.039743,0.035031,0.037924,51.5,27.7,1,466.0,3,3,2,1,1,1,0,0,0,5,2,1,Generic,1
3823,1.582909,udp,dns,CON,10,7,1081.0,331.0,21.606,62,31,611.91,705.175,1,3,4.619,4.046,29.688,0.613,0,2961299357,1086358600,0,0.054624,0.013543,0.026003,157.1,16.0,1,119.0,5,3,2,4,2,2,0,0,1,3,2,0,Normal,0
3824,0.973198,tcp,pop3,INT,10,13,120.0,4.0,147.712,31,31,953.971,216.214,2,2,13.445,7.645,1.177,6.581,0,2740748185,3337757957,255,0.018715,0.035401,0.010987,9.1,155.4,0,355.0,4,3,3,1,2,5,0,0,1,1,7,0,Normal,0
3825,0.072217,tcp,dns,REQ,32,7,1306.0,163.0,37.118,254,62,426.372,15.537,3,0,8.865,1.328,0.42,0.302,255,2458250445,1622065206,0,0.021136,0.076732,0.027803,63.7,1.8,0,49.0,5,2,4,5,4,3,0,0,1,2,4,0,Exploits,1
3826,0.276679,tcp,dhcp,ECO,9,8,474.0,673.0,0.575,254,31,2000.431,109.259,0,0,5.008,27.7,1.554,2.013,0,1899428143,2828128242,255,0.035134,0.002631,0.007769,76.5,115.7,0,236.0,2,1,4,2,2,3,0,0,0,0,4,0,Normal,0
3827,0.08885,udp,smtp,REQ,10,11,1144.0,169.0,38.303,128,128,1107.945,1564.0,0,2,0.183,22.103,4.84,9.053,255,3835304306,913086092,255,0.023847,0.032649,0.01004,71.3,193.4,0,36.0,3,2,1,3,3,5,0,1,0,0,2,0,Normal,0
3828,0.436904,tcp,pop3,RST,9,12,377.0,268.0,30.98,254,31,675.291,575.033,1,0,3.902,1.713,6.494,10.319,255,21601132,122004838,255,0.091581,0.026141,0.048905,2.5,64.1,0,329.0,4,1,1,2,3,2,1,1,0,1,0,0,Normal,0
3829,0.082611,tcp,http,REQ,33,9,3581.0,1963.0,15.297,31,128,516.383,389.842,1,0,4.452,1.655,1.586,0.6,0,406215768,4258858680,0,0.139782,0.005759,0.088846,201.8,33.3,2,86.0,2,2,2,6,5,1,0,0,2,2,5,0,Reconnaissance,1
3830,0.48444,tcp,dns,INT,38,11,3750.0,240.0,19.164,254,31,774.723,1229.486,0,1,0.072,9.295,0.533,0.368,255,1885052061,3806962932,0,0.090502,0.013895,0.005643,21.8,32.4,0,198.0,2,1,0,3,1,1,1,0,0,1,3,0,Generic,1
3831,0.18467,udp,http,ECO,12,6,82.0,70.0,109.292,62,128,477.694,267.245,0,1,9.102,4.562,1.205,0.318,255,2780445660,362145600,255,0.086929,0.011281,0.034128,2.8,26.2,1,830.0,5,1,2,1,0,3,0,1,0,5,2,0,Normal,0
3832,1.326042,tcp,-,ECO,27,5,2127.0,52.0,68.466,31,254,1616.914,455.546,1,1,0.925,3.906,8.567,3.387,255,4064571292,332482166,0,0.039593,0.004185,0.057702,13.9,45.3,2,1.0,3,2,2,2,5,2,0,0,0,2,5,0,Generic,1
3833,0.303794,icmp,dhcp,CON,11,6,282.0,137.0,51.055,31,128,642.347,570.24,0,3,14.556,31.1,3.31,4.122,255,1363779215,3179476837,255,0.019593,0.003446,0.0462,470.6,31.7,2,664.0,2,1,3,0,2,3,0,1,1,0,2,0,Normal,0
3834,0.491601,tcp,smtp,ECO,10,15,1738.0,194.0,26.511,31,62,281.126,650.865,3,3,9.023,7.81,8.643,7.059,255,2044991072,994423541,255,0.002581,0.017611,0.018837,110.4,15.7,0,125.0,1,1,2,3,6,1,0,1,0,0,3,0,Normal,0
3835,0.175554,tcp,ftp,INT,12,5,20.0,434.0,10.718,128,254,710.933,1001.477,1,0,2.658,1.213,7.182,0.592,255,1005876887,1312445497,0,0.025359,0.00134,0.000694,54.7,286.3,1,95.0,4,5,1,2,2,3,0,0,1,1,5,0,Normal,0
3836,0.315656,tcp,dns,RST,8,7,597.0,233.0,85.502,254,31,890.04,585.388,2,0,8.324,4.371,2.021,33.954,0,480337659,1084566974,255,0.031095,0.042198,0.006743,100.6,135.6,1,104.0,4,0,3,1,3,3,0,0,0,2,2,0,Normal,0
3837,0.025458,tcp,http,REQ,29,12,829.0,45.0,30.668,254,128,3670.871,277.93,1,0,9.256,1.09,5.886,4.843,255,365923281,3987605858,0,0.074446,0.001257,0.043726,88.0,239.3,1,51.0,2,0,2,1,2,3,0,0,1,2,7,0,Generic,1
3838,0.164834,tcp,-,RST,10,6,275.0,242.0,2.423,31,62,783.175,2420.319,1,0,24.997,23.305,3.709,0.621,255,2982117803,1871293975,255,0.01963,0.002078,0.003762,102.6,68.8,0,99.0,1,3,2,1,2,0,0,1,0,0,3,0,Normal,0
3839,0.419711,tcp,dhcp,ECO,25,7,2432.0,119.0,6.921,31,254,2293.821,2405.009,0,1,8.169,8.727,0.155,6.302,0,1024675202,2478161061,255,0.002503,0.022062,0.020354,156.0,264.8,0,215.0,3,1,2,1,1,1,1,0,0,2,4,0,Fuzzers,1
3840,0.144116,icmp,-,INT,10,9,605.0,277.0,17.928,128,254,2180.829,238.168,0,0,18.989,16.764,8.444,8.772,255,2008254234,3644632314,0,0.088992,0.013036,0.049744,88.8,35.0,1,36.0,1,0,4,2,3,2,0,1,0,2,5,0,Normal,0
3841,0.085181,tcp,dns,RST,30,9,2420.0,529.0,8.988,62,31,670.428,1499.407,3,1,40.787,10.238,12.279,1.421,255,3277261900,575898551,255,0.005506,0.012432,0.016891,40.4,33.5,0,57.0,2,2,0,3,2,3,0,0,0,1,3,0,Generic,1
3842,0.017018,tcp,http,REQ,26,11,5187.0,171.0,22.592,254,128,1173.984,2709.837,3,2,3.422,12.861,6.521,6.506,255,3305165859,460059163,255,0.047047,0.016537,0.034104,6.8,19.1,0,97.0,3,1,0,0,3,0,0,0,0,2,3,0,Generic,1
3843,0.245925,tcp,dhcp,RST,35,10,5469.0,189.0,32.274,62,128,573.059,2058.681,1,0,3.114,9.59,2.016,2.911,0,3835561718,1340960086,255,0.006753,0.011278,0.049199,159.8,5.7,0,650.0,3,0,3,0,1,4,0,0,0,0,2,0,Generic,1
3844,1.014595,tcp,http,CON,32,8,1399.0,643.0,42.262,254,31,272.976,770.549,0,3,15.822,6.583,9.536,2.499,0,842773958,1286759549,0,0.004745,0.023063,0.012292,52.9,6.1,0,154.0,5,3,0,1,5,0,0,1,1,2,3,0,Generic,1
3845,0.619628,tcp,dns,RST,27,14,3525.0,268.0,3.653,62,31,2533.112,1665.692,0,0,1.724,11.327,3.28,4.487,0,3045544590,2202565749,0,0.048673,0.025925,0.022223,24.6,143.7,2,316.0,4,2,3,1,2,5,0,0,0,3,4,0,Analysis,1
3846,1.710097,tcp,pop3,REQ,7,4,297.0,549.0,9.509,254,254,1293.701,961.921,0,0,0.136,0.03,0.331,4.272,0,4114651803,2946455377,0,0.093274,0.013899,0.015199,105.7,52.2,0,367.0,1,1,1,1,4,1,0,0,0,1,5,0,Normal,0
3847,0.615296,tcp,smtp,INT,34,11,2735.0,167.0,10.662,254,128,226.0,1829.018,1,1,0.688,2.026,0.062,9.592,255,3104371833,1547219943,0,0.035839,0.021301,0.025175,174.0,109.9,0,12.0,3,2,3,2,1,0,0,1,0,0,2,0,Exploits,1
3848,0.22749,tcp,dns,INT,25,11,1160.0,124.0,184.24,31,128,229.458,362.911,2,1,7.516,0.416,10.036,0.268,255,8306674,1610331306,255,0.068869,0.010563,0.01741,0.6,46.7,0,30.0,3,1,4,2,3,2,0,1,0,3,3,0,Exploits,1
3849,0.962596,icmp,smtp,RST,18,10,443.0,394.0,54.483,254,254,34.628,9.84,1,2,5.096,12.073,16.265,14.621,255,1370626719,3445474390,0,0.06438,0.015133,0.001768,75.1,11.6,0,75.0,3,2,3,0,3,1,0,0,0,1,2,0,Normal,0
3850,0.704449,udp,dns,INT,10,6,473.0,16.0,94.263,128,31,673.898,198.315,0,0,12.496,7.052,5.111,3.253,255,3782908826,3927154413,0,0.112452,0.018169,0.013022,132.2,95.2,2,222.0,4,3,1,1,5,2,0,0,0,5,4,0,Normal,0
3851,0.318895,icmp,ftp,FIN,10,7,80.0,841.0,46.657,31,128,1149.411,482.457,2,0,13.826,9.032,0.286,13.59,255,1438507922,1090846060,0,0.013011,0.001765,0.016012,216.0,72.4,0,261.0,2,1,3,1,1,3,0,2,0,1,2,1,Normal,0
3852,2.520369,tcp,smtp,ECO,7,10,267.0,1138.0,27.181,254,128,470.417,350.372,1,1,15.553,7.11,1.159,8.575,0,266900887,3208346477,0,0.052421,0.016505,0.014802,287.0,67.6,3,626.0,6,0,0,2,3,2,0,0,0,4,9,0,Normal,0
3853,1.526879,icmp,ftp,INT,9,5,110.0,115.0,10.697,254,62,1625.084,209.025,1,1,12.199,0.125,11.466,5.584,0,3249622130,1569455923,0,0.001266,0.013672,0.052566,151.5,49.9,1,254.0,3,3,1,4,2,3,0,0,0,3,4,0,Normal,0
3854,0.062509,tcp,dhcp,FIN,14,12,11.0,146.0,55.073,128,31,81.15,233.626,1,0,20.95,1.516,2.855,3.294,255,1322841312,3087248882,255,0.174525,0.023937,0.038965,12.2,29.4,0,4.0,3,1,1,5,0,3,0,0,1,2,3,0,Normal,0
3855,1.568174,tcp,dns,CON,18,8,2595.0,585.0,135.917,128,62,875.976,663.049,0,2,19.497,13.196,3.056,0.808,255,945141587,1285955499,0,0.022526,0.010477,0.037543,42.4,93.1,0,377.0,5,2,3,2,1,2,0,0,0,1,4,0,Generic,1
3856,0.409215,udp,pop3,RST,10,7,197.0,977.0,6.906,62,62,1431.735,836.223,1,1,0.956,13.129,5.55,4.884,255,1501626019,2252262167,255,0.029435,0.001369,0.003126,108.5,47.1,0,518.0,4,0,3,1,1,5,0,0,0,1,1,0,Normal,0
3857,0.503753,tcp,http,CON,32,7,735.0,60.0,200.0,128,62,628.189,873.161,0,0,3.613,6.488,0.534,3.526,255,978647693,684630234,0,0.134504,0.008472,0.030419,109.3,72.7,0,11.0,2,1,3,0,4,1,0,0,1,0,2,0,Fuzzers,1
3858,0.715979,tcp,ssh,CON,7,6,238.0,908.0,167.119,128,31,141.409,93.169,2,0,20.229,16.157,7.061,11.565,255,3686501506,3094917191,255,0.077809,0.041848,0.0008,170.7,21.7,0,65.0,3,1,3,5,3,0,0,0,0,3,3,1,Normal,0
3859,0.086374,udp,smtp,INT,31,6,387.0,77.0,41.351,31,128,2298.606,1061.486,0,0,19.658,7.472,1.22,4.688,0,3880553039,558850732,0,0.088752,0.043819,0.016193,191.6,299.4,1,543.0,2,4,3,2,6,4,0,1,0,1,5,0,Exploits,1
3860,0.372045,udp,ssh,FIN,11,3,103.0,1147.0,48.195,128,62,317.379,191.95,1,1,12.371,1.49,3.354,3.782,0,2870326785,1073135958,0,0.011577,0.017654,0.032396,126.6,0.1,0,308.0,3,1,5,0,6,5,0,0,0,2,4,0,Normal,0
3861,0.092229,tcp,dns,REQ,10,8,52.0,103.0,2.454,128,254,1764.556,708.925,1,1,4.278,16.085,0.147,4.564,255,2822556083,3426833728,255,0.077957,0.006335,0.022723,124.2,112.4,0,565.0,3,1,2,2,2,0,0,0,0,2,5,1,Normal,0
3862,0.282432,tcp,ssh,FIN,14,9,13.0,204.0,21.588,31,31,926.409,113.836,1,1,0.864,20.099,4.317,0.2,0,398545467,2508251006,0,0.070108,0.002251,0.004273,8.6,55.7,1,482.0,3,4,2,3,4,3,0,0,0,4,3,0,Normal,0
3863,0.050291,tcp,-,ECO,40,2,5816.0,114.0,13.886,62,254,316.722,2061.953,1,1,3.904,5.853,7.497,13.27,0,3156650208,3710414149,255,0.089221,0.006452,0.041526,61.4,8.7,0,153.0,2,1,4,1,4,2,0,0,0,2,4,1,Generic,1
3864,0.309522,ospf,ssh,INT,12,6,92.0,1392.0,128.858,254,31,629.924,81.258,1,1,6.011,0.295,9.825,0.03,0,75808995,1283053230,0,0.009633,0.005369,0.001572,8.7,9.9,1,459.0,4,1,1,3,2,0,0,0,0,3,3,0,Normal,0
3865,0.103138,tcp,pop3,CON,28,6,3136.0,64.0,115.457,62,254,2651.065,165.356,2,0,21.18,7.875,1.175,7.115,255,1438789435,4171560099,0,0.167733,0.005414,0.005377,71.8,64.4,0,184.0,3,0,2,1,5,2,0,2,0,1,5,0,Analysis,1
3866,0.359517,tcp,dns,INT,7,6,83.0,337.0,11.181,254,31,1349.51,756.36,1,1,28.989,5.386,5.838,0.026,255,541931944,2280682017,255,0.036251,0.01795,0.015117,24.8,14.4,1,99.0,1,4,3,2,2,3,0,0,1,2,2,0,Normal,0
3867,0.529491,tcp,-,CON,34,7,2471.0,154.0,6.397,31,62,3186.867,1828.672,0,2,2.156,6.467,3.291,0.594,0,2294487971,1771255042,255,0.002376,0.028904,0.004598,185.2,73.5,0,13.0,2,7,0,4,1,4,0,0,0,2,4,0,Generic,1
3868,1.426863,icmp,smtp,CON,13,13,273.0,49.0,63.278,254,128,2620.875,214.949,0,1,0.983,13.85,0.018,1.31,0,2561562398,1379134506,255,0.051695,0.026209,0.039428,121.4,28.3,0,183.0,0,4,2,1,4,3,0,0,3,3,4,0,Normal,0
3869,0.456706,udp,pop3,FIN,28,8,1134.0,879.0,14.784,31,31,843.246,489.713,2,2,29.799,4.829,1.23,2.473,0,708097311,898222989,255,0.125564,0.045741,0.003027,19.6,5.2,0,1.0,4,5,2,1,2,2,0,1,0,2,2,0,Generic,1
3870,0.546975,tcp,dns,RST,12,6,722.0,36.0,7.72,62,31,396.859,1557.381,1,0,33.155,19.1,8.634,21.104,255,1361825036,3900100830,0,0.012125,0.009973,0.003832,33.4,48.4,2,23.0,0,0,1,3,1,1,0,0,1,3,2,0,Normal,0
3871,0.008877,arp,-,ECO,11,6,491.0,336.0,20.931,128,62,5.817,55.848,0,0,20.54,9.557,9.856,0.226,0,1036774952,2574021775,0,0.056615,0.008224,0.011058,82.0,13.4,1,425.0,2,3,4,4,3,2,0,0,0,2,3,0,Normal,0
3872,0.481079,tcp,dns,INT,13,8,386.0,408.0,32.896,128,128,178.214,1546.693,1,1,13.52,1.916,1.868,4.784,0,4240979813,3114277533,0,0.001446,0.00998,0.017973,14.0,27.6,0,397.0,3,1,3,0,2,4,0,0,0,2,1,0,Normal,0
3873,0.26907,icmp,dhcp,FIN,9,7,158.0,471.0,19.79,62,31,171.267,362.819,0,0,5.424,13.836,4.581,7.88,0,599848020,1166941110,255,0.127064,0.008549,0.006832,7.8,64.3,0,336.0,3,2,0,0,1,0,0,0,0,1,5,0,Normal,0
3874,0.445414,tcp,ftp,FIN,15,8,207.0,273.0,1.606,31,128,840.841,416.165,1,1,0.979,5.933,10.221,2.243,0,3416806167,1376141530,0,0.066459,0.012417,0.020668,55.6,154.7,1,380.0,3,1,0,1,5,1,0,0,0,1,8,0,Normal,0
3875,0.132301,tcp,smtp,RST,33,7,2476.0,19.0,33.068,254,31,1077.493,273.958,2,1,1.587,20.101,1.589,6.889,0,1140769392,4035397131,0,0.015215,0.012723,0.007544,92.3,19.3,1,888.0,4,1,2,1,1,1,0,1,0,1,3,0,Worms,1
3876,0.269775,tcp,ftp,INT,12,6,597.0,173.0,40.89,31,254,192.711,149.535,2,0,1.556,0.906,4.155,6.792,0,555579255,3278506521,0,0.026183,0.013818,0.045347,5.1,10.2,1,289.0,1,5,1,0,0,0,0,1,0,1,3,0,Normal,0
3877,1.060704,ospf,ssh,CON,7,11,422.0,56.0,25.672,254,62,1072.98,796.406,2,0,21.364,13.478,1.225,1.905,0,839063341,910947913,0,0.12883,0.011092,0.0639,21.7,1.7,0,244.0,3,2,0,2,2,2,0,0,0,0,2,1,Normal,0
3878,0.479412,icmp,dns,FIN,34,10,1737.0,929.0,27.727,254,31,4293.602,134.873,1,2,20.754,18.318,3.632,4.686,0,86068134,3296832588,0,0.014052,0.012434,0.005593,27.8,43.6,0,704.0,2,2,3,1,2,7,0,0,0,0,2,0,Analysis,1
3879,0.830003,tcp,dns,REQ,13,4,47.0,630.0,47.254,62,254,113.426,1026.073,4,2,1.685,5.948,1.241,8.249,0,940521795,665139900,255,0.184043,0.032619,0.025083,456.6,89.9,2,53.0,2,0,2,1,1,2,0,0,0,0,3,0,Normal,0
3880,0.350409,tcp,smtp,FIN,8,7,674.0,575.0,113.572,254,31,683.282,1111.571,1,1,35.476,1.234,6.416,4.875,255,1601482416,878776908,255,0.024656,0.039939,0.007374,76.6,83.8,2,491.0,5,3,1,2,1,1,0,0,0,3,2,0,Normal,0
3881,0.069866,tcp,smtp,ECO,37,9,714.0,689.0,43.197,62,128,872.005,557.003,0,2,20.322,0.206,4.034,17.024,255,2612946180,2102754079,0,0.006436,0.004194,0.013287,70.4,379.6,0,77.0,1,1,2,3,1,7,0,0,1,1,2,0,Exploits,1
3882,0.000215,tcp,dns,CON,39,6,4877.0,421.0,16.922,128,254,247.725,165.433,0,1,15.149,0.581,1.513,16.559,255,2989084783,1748483152,255,0.033652,0.013035,0.054659,229.1,49.5,1,126.0,2,2,3,3,1,2,0,1,0,4,1,0,Reconnaissance,1
3883,0.343025,tcp,ftp,FIN,31,11,1024.0,259.0,28.068,128,254,88.023,398.388,1,0,16.563,0.746,2.46,0.213,0,4109550610,2373400477,0,0.006816,0.00501,0.019102,51.6,16.5,0,229.0,5,2,1,1,3,4,0,0,0,1,2,0,Exploits,1
3884,0.415913,tcp,-,RST,10,7,10.0,610.0,39.855,31,62,2548.492,1202.277,3,1,13.254,2.128,0.497,3.416,255,1943387088,4201535670,0,0.08579,0.005935,0.023068,133.8,30.8,0,458.0,4,2,4,0,1,3,0,0,0,1,1,0,Normal,0
3885,0.189684,udp,ssh,INT,23,8,3722.0,231.0,16.251,31,128,2181.264,364.391,0,0,4.107,3.704,0.067,3.851,255,192453032,1305565631,0,0.037453,0.020171,0.010759,146.0,1.7,1,243.0,4,2,0,3,2,2,0,0,1,2,2,0,Backdoor,1
3886,0.396281,udp,ftp,RST,8,5,723.0,173.0,4.662,128,62,6338.762,1204.875,0,3,45.059,14.427,10.232,9.009,255,106692018,1947493239,0,0.035784,0.004788,0.003233,410.5,69.5,0,62.0,2,2,5,0,1,4,0,0,0,0,1,0,Normal,0
3887,0.766089,icmp,smtp,FIN,27,11,550.0,8.0,21.323,31,62,997.063,111.712,1,1,5.872,7.603,25.67,3.348,255,3612164694,1098663740,0,0.111265,0.005227,0.016118,12.1,252.5,0,196.0,3,3,1,2,3,3,0,0,1,5,1,0,Shellcode,1
3888,0.282752,tcp,dns,ECO,32,10,1114.0,702.0,49.94,31,62,203.422,476.858,3,2,11.781,4.669,11.205,0.998,255,902758040,2632121601,255,0.012406,0.009424,0.034477,116.2,13.7,0,20.0,4,1,1,1,0,1,0,0,0,2,0,0,Fuzzers,1
3889,0.624171,tcp,pop3,CON,28,8,4983.0,105.0,120.593,254,254,505.021,407.793,0,1,1.121,2.786,3.592,1.418,255,612187391,153191518,0,0.061473,0.006156,0.015126,18.3,116.7,0,272.0,2,4,3,3,1,2,0,0,0,2,6,0,Reconnaissance,1
3890,1.556919,tcp,ssh,RST,6,7,130.0,191.0,1.866,254,128,328.602,25.877,1,0,9.237,9.144,0.806,2.357,255,1215423531,3032820408,0,0.025242,0.018912,0.001478,70.2,135.0,0,412.0,2,2,6,3,2,2,0,1,1,1,2,0,Normal,0
3891,0.881571,tcp,dns,ECO,10,12,2501.0,34.0,20.616,128,31,34.258,1207.533,1,1,29.191,13.551,9.401,7.835,0,1835272910,3747327759,0,0.005145,0.003777,0.035587,31.8,15.9,2,2.0,6,3,4,2,2,2,0,0,1,2,2,0,Normal,0
3892,0.245838,udp,ftp,REQ,41,12,6368.0,119.0,7.242,128,62,115.869,533.236,1,1,12.342,37.39,0.222,0.977,255,3247473113,337129299,0,0.072414,0.006621,0.004065,169.3,26.0,1,793.0,5,4,1,1,1,0,0,0,0,2,1,0,Generic,1
3893,0.13016,udp,ssh,INT,7,5,788.0,88.0,79.349,254,31,634.558,3246.454,2,2,2.241,27.717,5.645,9.23,255,2123738156,2763486736,255,0.001443,0.004437,0.045676,379.7,322.2,1,294.0,8,2,3,1,2,0,0,0,0,1,4,0,Normal,0
3894,0.402743,tcp,-,CON,12,7,179.0,174.0,12.624,128,128,537.872,597.387,2,0,28.719,22.182,1.357,14.893,255,669327929,472753075,255,0.044889,0.000295,0.021444,57.6,24.2,1,25.0,5,1,3,2,4,3,0,0,1,1,4,0,Normal,0
3895,0.99676,tcp,-,RST,25,7,1199.0,180.0,150.211,31,128,215.454,292.122,1,0,13.204,3.175,0.139,6.757,0,838512337,3292938414,255,0.031943,0.001561,0.010934,177.9,37.7,0,164.0,1,2,2,7,1,4,0,0,1,5,1,0,Reconnaissance,1
3896,0.554874,icmp,-,FIN,30,4,1940.0,1186.0,19.362,31,128,97.633,402.948,2,2,9.661,13.844,12.142,3.798,0,1309757623,3711263704,255,0.017107,0.020214,0.017915,44.7,611.9,0,55.0,3,1,4,1,5,1,0,0,0,1,6,0,Generic,1
3897,1.349084,tcp,ftp,FIN,8,6,16.0,118.0,67.464,62,62,301.9,571.333,1,0,7.124,8.644,12.78,0.638,0,2091135616,1394267169,255,0.196464,0.050476,0.017024,7.6,236.5,0,327.0,3,3,0,1,2,1,0,0,1,2,6,0,Normal,0
3898,1.428489,tcp,dns,REQ,9,9,820.0,190.0,222.812,254,31,843.396,457.524,1,0,6.756,3.113,10.604,2.942,255,2358032764,2619376019,0,0.129658,0.012009,0.002785,53.7,81.1,1,120.0,4,5,3,5,3,1,0,0,0,5,3,0,Normal,0
3899,0.333004,udp,ftp,FIN,12,6,702.0,776.0,148.946,31,254,1232.636,673.767,3,0,1.481,2.521,16.178,6.733,255,3755721555,4243917991,255,0.032481,0.06213,0.012879,111.5,15.8,1,171.0,1,2,2,1,2,1,0,0,0,1,1,0,Normal,0
3900,0.765254,tcp,http,CON,15,11,20.0,591.0,32.442,31,128,474.618,1606.664,2,0,11.288,2.967,6.064,2.549,0,2490207859,789721591,255,0.039936,0.009913,0.01216,28.4,65.6,0,12.0,2,0,1,0,1,4,0,0,2,2,2,0,Normal,0
3901,0.337184,tcp,ftp,REQ,5,8,14.0,941.0,22.763,254,31,523.915,268.603,0,1,7.842,20.629,3.578,0.474,255,3722700363,215020080,255,0.03302,0.057748,0.008191,8.0,22.4,0,301.0,1,3,4,1,1,2,0,0,0,3,2,0,Normal,0
3902,0.00099,udp,dns,CON,27,5,890.0,110.0,145.795,128,254,158.661,11.508,2,0,1.553,10.302,3.491,0.715,0,441419339,3381480733,255,0.113504,0.000385,0.041111,57.1,91.2,1,9.0,1,2,2,3,0,0,0,0,0,2,1,0,Fuzzers,1
3903,2.805449,icmp,ftp,ECO,23,9,380.0,258.0,58.925,31,128,726.983,113.841,0,1,6.355,15.936,9.521,0.596,0,1334399863,4020696418,255,0.002142,0.018992,0.008955,51.7,28.8,1,61.0,1,0,7,3,2,2,0,0,0,2,2,0,Exploits,1
3904,0.453456,tcp,smtp,ECO,10,6,1117.0,103.0,13.231,128,62,90.704,823.39,0,2,9.401,24.986,2.589,2.013,255,157697744,3066668810,255,0.002115,0.001793,0.031704,40.8,137.5,0,66.0,0,2,0,1,1,2,0,0,0,4,2,1,Normal,0
3905,0.326982,tcp,dns,FIN,10,6,8.0,108.0,21.295,128,254,1459.26,2360.274,0,1,2.123,1.759,4.468,0.261,255,1691001634,2872326718,0,0.105892,0.010889,0.023643,14.9,3.6,0,70.0,2,2,1,2,1,0,0,0,0,1,1,0,Normal,0
3906,0.045462,udp,dhcp,CON,33,5,2190.0,119.0,55.024,128,254,33.153,109.837,0,1,5.404,5.911,10.685,6.247,0,3082620022,1072479942,0,0.001948,0.031331,0.011336,76.4,60.8,0,777.0,0,3,2,2,1,3,0,0,1,2,2,0,Generic,1
3907,0.149173,udp,dhcp,ECO,29,5,2134.0,147.0,23.445,31,254,928.66,240.404,2,0,26.38,2.078,5.194,5.834,0,4020729786,1951995504,0,0.056764,0.058932,0.007272,34.0,0.3,0,58.0,1,0,3,4,4,1,0,0,0,2,2,0,Fuzzers,1
3908,0.161263,tcp,ssh,FIN,31,10,355.0,707.0,35.327,128,254,2225.624,260.07,1,0,16.892,2.062,1.732,1.979,255,1689846362,2710130626,0,0.127471,0.019448,0.00253,8.7,12.6,1,120.0,2,1,3,0,4,0,0,0,0,4,6,0,DoS,1
3909,0.615394,tcp,smtp,INT,10,10,348.0,1171.0,21.581,62,62,1623.2,390.553,0,3,1.404,17.928,2.919,3.374,0,1729627854,3587015403,255,0.010578,0.037078,0.001171,98.6,0.7,1,110.0,2,1,2,4,4,2,0,0,0,1,3,1,Normal,0
3910,1.060963,udp,-,ECO,33,8,3564.0,74.0,107.59,62,128,1311.555,973.094,2,1,1.643,7.465,0.834,0.117,0,12590173,4177741501,0,0.039452,0.005285,0.000544,2.8,4.7,1,202.0,5,0,5,0,1,4,0,0,1,4,2,0,Fuzzers,1
3911,0.037796,tcp,smtp,REQ,6,4,924.0,128.0,34.351,128,31,1016.69,376.834,3,2,13.592,2.149,3.889,5.417,255,1491129443,963271994,0,0.001649,0.027764,0.01308,33.6,65.7,0,279.0,3,4,1,1,3,1,0,0,0,0,2,0,Normal,0
3912,0.506961,tcp,dns,CON,9,5,502.0,174.0,23.314,31,31,1089.627,1272.641,0,0,10.044,4.28,4.43,5.081,255,3714425753,3014608539,0,0.04153,0.001593,0.032006,19.8,32.5,0,32.0,6,2,2,1,2,3,0,0,0,4,5,0,Normal,0
3913,0.047816,tcp,ftp,FIN,36,9,2472.0,101.0,4.923,128,62,1768.183,206.008,1,1,5.759,5.667,5.176,2.105,255,3287605470,3721175247,255,0.010178,0.028169,0.058279,262.8,74.9,0,535.0,1,2,5,3,2,1,0,1,0,2,1,0,DoS,1
3914,0.204295,tcp,pop3,INT,7,20,79.0,87.0,18.576,31,128,1884.528,78.303,3,3,18.377,16.69,13.283,2.11,255,107705568,226665290,255,0.024802,0.014318,0.005392,53.5,77.3,1,153.0,4,0,2,1,0,5,1,0,0,2,1,0,Normal,0
3915,2.602987,icmp,-,REQ,6,16,1549.0,2630.0,8.473,62,128,2233.902,151.094,2,2,18.15,35.971,2.889,1.566,0,1746674274,3868788938,255,0.014285,0.110661,0.002898,46.5,12.7,0,50.0,3,3,0,1,1,0,1,0,0,1,2,0,Normal,0
3916,0.499224,tcp,ftp,FIN,5,7,376.0,966.0,103.624,62,62,4623.746,267.528,0,0,21.474,7.971,0.094,5.963,255,1532914881,3463731791,255,0.014135,0.036113,0.006697,317.3,109.4,0,112.0,2,5,1,1,3,4,0,0,0,0,2,0,Normal,0
3917,0.351099,tcp,pop3,REQ,7,5,931.0,386.0,3.421,254,128,810.49,1079.967,1,1,4.74,17.269,12.837,0.123,255,3850790564,2521096047,0,0.051265,0.015527,0.020909,26.8,51.8,0,325.0,6,1,3,1,1,2,0,1,0,1,6,0,Normal,0
3918,1.09715,icmp,dhcp,INT,7,12,106.0,254.0,44.745,128,128,1214.4,149.146,0,0,4.896,24.454,3.093,0.464,0,3988901063,2646462050,255,0.077394,0.03589,0.015742,131.0,19.8,3,199.0,3,1,2,1,4,0,0,0,0,0,6,0,Normal,0
3919,0.609014,tcp,smtp,CON,34,14,2298.0,82.0,6.079,62,128,1751.49,339.638,3,0,2.127,24.659,0.316,1.203,0,2360818822,3677928880,0,0.053631,0.004864,0.007411,66.3,50.1,0,92.0,4,2,1,1,4,2,0,0,1,0,3,0,Generic,1
3920,0.146065,tcp,smtp,ECO,5,13,271.0,768.0,24.534,254,31,170.225,72.62,0,0,0.426,0.954,3.373,16.049,255,1462766856,2033668041,0,0.032745,0.009421,0.005618,8.8,153.4,0,34.0,2,0,0,2,1,0,0,0,0,2,3,0,Normal,0
3921,0.414443,tcp,dhcp,ECO,12,5,783.0,292.0,9.912,31,62,393.962,2075.131,2,0,38.362,2.456,10.789,5.291,0,3979166542,725211238,0,0.045513,0.018911,0.030895,53.2,234.1,0,133.0,5,1,5,2,1,1,1,0,0,0,3,1,Normal,0
3922,0.427957,udp,-,RST,27,7,2690.0,171.0,16.707,31,62,159.265,1171.063,1,2,2.384,7.159,3.194,1.174,255,2761252547,1825290524,255,0.034435,0.007982,0.052785,20.2,77.7,0,278.0,8,2,3,2,1,1,0,1,3,3,4,0,DoS,1
3923,0.433053,udp,dns,REQ,14,10,1441.0,540.0,117.32,62,31,254.912,2746.343,1,1,2.371,2.292,3.575,4.791,0,2661009394,2896355766,0,0.262316,0.00374,0.01149,10.5,2.7,1,151.0,2,2,0,1,0,2,0,0,0,1,1,0,Normal,0
3924,0.204123,udp,http,INT,32,12,1564.0,40.0,17.65,62,31,2127.577,217.63,1,0,11.509,1.32,1.044,0.86,0,4266285543,4032601808,255,0.156778,0.000126,0.012105,8.2,1.0,0,0.0,3,2,1,5,2,1,0,0,0,2,2,0,Reconnaissance,1
3925,0.540843,tcp,dns,FIN,8,10,283.0,310.0,30.122,62,254,1133.142,1064.571,2,2,2.969,16.381,11.603,2.355,0,1879125166,126280952,0,0.022045,0.003476,0.019541,32.3,35.8,1,159.0,2,7,1,0,1,1,0,0,0,3,0,0,Normal,0
3926,0.28322,tcp,dhcp,CON,30,9,3205.0,250.0,92.079,62,128,121.298,27.553,3,2,6.453,16.222,2.105,0.709,0,467691819,1859984931,255,0.055802,0.108394,0.056745,51.7,74.5,0,282.0,2,1,3,2,3,1,0,0,1,4,4,0,Generic,1
3927,1.251726,tcp,smtp,FIN,5,10,150.0,218.0,96.947,128,254,299.792,1214.51,1,1,3.135,3.754,1.852,1.146,0,3575260400,2330768760,255,0.007454,0.007368,0.016993,132.8,79.9,1,348.0,4,1,0,2,1,3,1,0,0,1,3,0,Normal,0
3928,0.157462,arp,dhcp,INT,38,3,1002.0,252.0,15.382,254,254,1129.496,66.829,2,0,3.262,14.67,0.349,2.616,255,1692275939,206453400,255,0.007003,0.001794,0.013244,161.5,71.9,0,84.0,1,3,2,4,1,2,0,0,0,1,3,0,Fuzzers,1
3929,0.558039,tcp,smtp,INT,13,5,1464.0,764.0,193.457,31,128,392.065,1100.645,2,2,3.75,5.298,8.874,2.284,0,926058059,1990766678,0,0.186137,0.000361,0.018553,78.0,0.1,0,375.0,2,1,2,4,1,5,0,0,0,1,2,0,Normal,0
3930,0.532189,udp,pop3,REQ,25,13,448.0,61.0,198.14,254,62,1051.405,150.858,1,0,10.034,44.504,3.446,3.849,0,1593794210,2100641303,255,0.005057,0.019068,0.001085,152.3,28.2,0,30.0,3,0,6,2,2,3,1,0,0,2,3,0,Reconnaissance,1
3931,0.233144,udp,http,INT,16,7,61.0,1013.0,44.925,62,128,653.875,21.768,0,1,22.663,2.511,0.988,3.548,0,2972427259,2132400324,0,0.089148,0.016387,0.01813,54.8,19.0,0,40.0,4,2,3,2,1,4,0,0,0,2,4,0,Normal,0
3932,0.104055,tcp,ftp,CON,42,7,1472.0,324.0,9.606,254,254,506.283,1352.193,4,5,8.123,2.119,16.193,5.224,255,408539243,1355925019,255,0.051629,0.002374,0.015234,103.8,28.3,1,244.0,1,3,4,2,2,2,0,0,0,1,2,0,Generic,1
3933,0.0453,tcp,ftp,RST,8,6,337.0,703.0,22.661,128,128,475.098,440.109,0,1,14.342,6.975,7.31,5.332,255,1313608894,1197041182,0,0.006873,0.054833,0.010146,23.6,29.2,1,144.0,3,3,0,2,1,0,0,0,0,2,1,0,Normal,0
3934,0.509553,tcp,pop3,FIN,8,8,129.0,9.0,27.861,31,31,2618.866,66.531,0,0,8.739,1.725,0.175,1.777,0,1455459598,197349588,0,0.02838,0.007202,0.006337,53.6,17.3,0,137.0,5,3,0,1,3,6,0,0,0,0,1,0,Normal,0
3935,0.272227,tcp,smtp,FIN,8,8,546.0,367.0,38.264,128,254,77.375,88.948,1,1,7.002,5.63,2.812,11.514,255,4157882034,1590664554,255,0.030695,0.013477,0.000124,16.1,31.1,0,898.0,2,1,2,5,3,2,0,0,1,2,5,0,Normal,0
3936,0.316411,ospf,http,RST,11,15,484.0,428.0,49.004,62,254,111.324,406.039,1,1,3.294,3.038,3.391,1.668,0,1594595135,1638810660,0,0.1806,0.002324,0.049676,49.6,191.3,0,152.0,3,7,3,4,3,0,0,0,1,3,0,0,Normal,0
3937,0.250542,tcp,http,REQ,5,7,122.0,883.0,1.7,62,62,235.571,206.711,4,2,1.067,7.622,16.851,2.852,0,748345587,3383677478,0,0.169071,0.019349,0.035952,31.2,137.0,1,111.0,1,4,3,0,3,4,0,0,0,0,2,0,Normal,0
3938,0.069128,ospf,dns,ECO,35,7,5807.0,266.0,6.158,128,31,9.945,673.876,3,0,19.859,2.607,12.854,0.009,0,4138203127,311530190,255,0.017574,0.006348,0.040594,268.1,98.7,1,613.0,1,2,3,3,3,2,0,0,0,1,6,0,Generic,1
3939,0.304731,tcp,http,RST,4,11,272.0,44.0,27.257,62,254,4143.888,797.797,2,1,18.819,14.759,5.826,11.759,255,2141943699,2871873390,255,0.152002,0.01215,0.002616,57.4,4.4,1,393.0,3,2,2,1,0,0,0,0,0,1,4,0,Normal,0
3940,0.007593,tcp,ssh,ECO,13,9,644.0,239.0,88.105,128,254,606.392,1188.999,0,1,10.561,13.169,3.207,1.811,0,375576739,2210356311,255,0.007984,0.02593,0.023071,3.2,54.5,0,281.0,1,3,1,1,2,2,0,1,1,0,2,0,Normal,0
3941,0.229607,icmp,pop3,REQ,10,5,46.0,162.0,32.984,31,254,1713.728,719.788,0,1,3.764,2.801,7.358,8.057,255,2552201690,3753139092,255,0.010035,0.009413,0.003804,141.0,71.6,1,345.0,3,1,3,6,2,2,0,0,0,2,2,0,Normal,0
3942,0.36402,icmp,dhcp,ECO,7,6,348.0,95.0,25.934,254,254,394.885,689.843,1,0,13.082,10.102,3.272,14.153,0,3687798488,1162962820,255,0.013234,0.005801,0.001131,25.8,6.4,1,264.0,4,0,2,3,1,1,0,0,0,4,8,0,Normal,0
3943,1.184057,tcp,http,CON,10,7,268.0,752.0,5.982,31,62,2480.597,2885.81,2,1,6.998,3.36,1.828,3.059,0,3928143842,3831252961,0,0.064234,0.002071,0.019876,79.9,12.8,0,18.0,3,1,3,1,0,2,0,0,0,0,2,0,Normal,0
3944,0.068811,udp,dns,REQ,25,12,9774.0,292.0,20.45,62,31,436.972,96.432,2,1,2.988,9.892,3.362,9.71,0,1822775818,2962001276,255,0.013192,0.06737,0.007827,4.7,35.5,1,212.0,0,1,2,2,2,2,1,0,1,2,3,0,Generic,1
3945,0.450873,icmp,smtp,ECO,13,11,1237.0,194.0,90.369,128,31,330.209,1328.131,2,0,8.433,1.195,8.9,4.053,0,3359801023,2708172866,255,0.018589,0.004129,0.011017,81.1,224.4,0,180.0,2,4,0,1,3,0,0,0,0,1,4,1,Normal,0
3946,0.217897,udp,dns,RST,42,9,909.0,796.0,18.455,254,254,2289.673,1119.545,1,0,14.801,13.333,4.879,9.634,255,25826851,945692696,0,0.048425,0.001282,0.006696,33.5,101.0,1,438.0,6,2,2,6,0,4,0,0,0,4,3,0,DoS,1
3947,0.815268,udp,dns,INT,9,4,228.0,168.0,107.928,31,62,709.336,479.52,1,1,3.399,8.078,1.11,17.013,0,3297934371,1228815641,255,0.043183,0.040534,0.006653,58.3,214.6,0,147.0,6,2,4,3,2,0,0,0,1,3,3,0,Normal,0
3948,0.133935,tcp,http,ECO,9,9,655.0,11.0,14.61,31,254,1054.899,1307.091,0,1,2.736,5.925,3.262,7.124,0,1489423833,3514310027,0,0.026585,0.034971,0.02635,13.9,25.8,0,321.0,2,1,2,3,2,3,0,0,1,0,4,0,Normal,0
3949,0.262895,tcp,-,CON,33,6,1487.0,646.0,174.202,254,128,858.201,796.663,3,1,1.773,23.566,4.72,14.236,255,2892190556,3981120015,255,0.032399,0.026029,0.013229,66.5,186.5,3,560.0,3,3,4,1,6,1,0,0,0,3,2,0,DoS,1
3950,0.624327,udp,dns,FIN,18,5,158.0,1463.0,141.375,128,62,1371.413,439.97,2,0,10.366,4.872,1.465,0.259,255,757161391,4267141674,255,0.079886,0.006507,0.00464,97.0,361.3,1,122.0,2,2,1,1,1,3,0,0,0,3,1,0,Normal,0
3951,0.20554,tcp,-,RST,9,8,339.0,401.0,41.441,254,128,1374.073,651.344,0,0,33.673,6.49,0.55,1.491,0,2523535392,3846426239,255,0.003715,0.025154,0.020212,297.4,128.3,0,255.0,1,0,1,1,4,7,0,0,1,2,2,0,Normal,0
3952,0.791411,tcp,-,INT,28,6,498.0,355.0,3.798,254,62,2340.434,3.407,1,3,8.303,11.832,2.33,6.079,255,1567064671,714019991,255,0.007086,0.000303,0.006787,140.8,113.0,1,213.0,3,1,4,5,3,3,0,1,0,3,3,0,Analysis,1
3953,0.033358,tcp,smtp,FIN,31,17,3940.0,289.0,27.506,62,62,1471.044,2030.973,1,3,3.599,10.06,13.847,17.366,255,495789969,4071355797,0,0.020469,0.054586,0.014204,85.5,103.3,0,1023.0,4,3,0,4,3,1,0,1,0,3,4,0,Analysis,1
3954,0.141028,tcp,pop3,CON,29,4,5247.0,87.0,88.337,128,62,1010.306,306.747,0,1,5.021,12.674,4.806,6.058,255,3336010313,3119665978,0,0.009044,0.023545,0.033614,82.1,50.7,1,87.0,0,1,2,0,2,2,0,0,0,1,3,1,Exploits,1
3955,0.012098,tcp,smtp,FIN,12,6,50.0,615.0,73.991,254,128,838.425,378.47,2,0,10.369,18.848,9.101,13.851,0,3540075371,2741540387,0,0.0316,0.051851,0.003381,20.0,19.3,0,94.0,3,3,2,1,2,2,0,0,0,2,3,0,Normal,0
3956,0.653268,tcp,-,ECO,29,6,1331.0,509.0,13.091,254,31,1371.724,230.186,1,1,13.38,7.416,5.489,10.506,0,3814743389,3469820693,0,0.05271,0.013993,0.040291,11.9,79.6,0,108.0,4,1,3,1,2,1,0,0,0,2,3,0,Generic,1
3957,0.258391,tcp,pop3,ECO,18,4,1108.0,209.0,115.23,254,31,2821.881,873.298,0,0,5.603,1.368,3.998,1.503,0,1324955906,3148212877,255,0.010909,0.026772,0.0151,179.5,109.9,0,662.0,0,0,4,0,2,1,0,0,0,5,3,1,Shellcode,1
3958,0.435499,tcp,ssh,ECO,29,6,1020.0,381.0,12.476,31,62,121.863,1086.975,0,0,13.907,25.865,2.922,5.79,0,641112826,2378350097,255,0.040007,0.01423,0.028278,77.4,273.4,2,146.0,2,3,3,4,0,3,0,0,0,1,2,0,Analysis,1
3959,0.044669,icmp,ftp,CON,13,9,362.0,34.0,85.371,31,254,668.219,133.815,3,1,22.947,41.068,1.725,1.14,255,1230077369,1652654090,0,0.012546,0.007259,0.025251,118.7,9.4,1,217.0,2,0,2,1,0,2,0,0,0,2,5,0,Normal,0
3960,0.422226,udp,ftp,RST,14,13,577.0,658.0,11.221,128,62,938.739,521.107,0,0,12.952,3.069,2.252,3.05,255,3585755804,2174277618,0,0.023116,0.075036,0.026366,27.2,35.7,0,57.0,6,3,2,0,2,0,0,1,1,0,3,0,Normal,0
3961,0.158098,tcp,dhcp,REQ,6,5,452.0,452.0,9.219,254,31,854.432,3073.341,1,1,13.771,36.763,3.245,2.538,0,3486823294,2761320180,0,0.015816,0.054228,0.020448,18.7,44.3,0,427.0,0,3,2,3,2,4,0,0,0,4,2,0,Normal,0
3962,0.527201,tcp,dns,CON,12,7,1527.0,16.0,7.243,128,31,904.319,1813.939,2,2,4.411,16.418,1.7,2.118,255,2813176660,617639865,255,0.04808,0.012337,0.016905,142.9,91.4,0,544.0,4,1,2,3,1,2,0,0,0,3,3,0,Normal,0
3963,0.173835,tcp,http,RST,23,7,3415.0,427.0,36.491,31,128,1480.782,938.458,1,0,42.281,42.811,9.649,2.543,255,1376381786,2126791781,0,0.023214,0.00279,0.012703,167.1,92.7,0,103.0,2,3,4,1,1,5,0,0,0,1,2,0,Exploits,1
3964,0.239658,udp,ftp,ECO,10,5,560.0,404.0,35.878,62,254,2343.701,45.514,2,2,4.699,31.451,2.362,18.727,255,34696706,3361274034,0,0.021706,0.000579,0.011518,360.9,106.7,0,153.0,4,2,4,0,3,4,0,1,0,1,5,0,Normal,0
3965,0.257581,udp,ftp,INT,7,6,209.0,137.0,105.459,31,62,1898.536,28.987,0,2,10.687,7.595,3.028,8.114,255,1051238683,1520368283,0,0.010723,0.072783,0.000629,202.4,60.1,0,317.0,4,3,1,1,1,1,0,0,1,1,1,0,Normal,0
3966,2.792974,udp,dns,FIN,10,8,35.0,554.0,23.621,254,254,951.749,1031.417,0,4,0.982,6.321,3.167,5.383,0,1997911888,1069049163,255,0.061664,0.01965,0.014587,19.5,50.5,0,44.0,4,2,4,3,2,2,0,0,0,2,3,0,Normal,0
3967,0.987149,udp,ftp,ECO,10,9,30.0,679.0,47.521,31,254,1990.127,500.864,1,0,12.256,16.987,4.939,1.47,0,2945841044,4101099730,0,0.085198,0.004373,0.063759,157.1,40.5,0,302.0,3,2,1,2,1,3,0,0,0,2,3,0,Normal,0
3968,0.009283,tcp,smtp,CON,8,12,931.0,409.0,89.77,31,128,314.077,1676.236,6,0,0.523,4.201,0.441,5.403,0,3417300650,1095394547,255,0.031886,0.01854,0.023804,129.5,585.7,0,131.0,4,4,3,3,1,2,0,0,0,0,1,0,Normal,0
3969,0.204343,tcp,ftp,CON,9,8,604.0,37.0,8.249,128,62,1004.455,941.155,2,2,4.03,6.582,1.093,6.681,0,1226693240,3293126711,255,0.022818,0.056733,0.004784,27.8,22.3,0,28.0,1,3,2,1,0,1,0,0,0,0,3,0,Normal,0
3970,1.085465,tcp,ssh,REQ,9,12,226.0,53.0,111.124,62,31,307.839,2072.129,1,0,28.321,4.448,1.425,9.998,255,2760275770,522710256,0,0.008315,0.040328,0.011914,84.4,174.1,1,79.0,1,1,3,3,2,1,0,0,0,3,5,0,Normal,0
3971,0.429897,tcp,dns,RST,30,5,2286.0,548.0,33.446,128,254,225.644,1596.801,1,2,11.058,8.735,2.307,2.816,255,3905393127,1206258617,0,0.059103,0.019742,0.011635,131.4,23.2,2,35.0,4,1,0,3,1,0,0,0,0,4,1,0,Analysis,1
3972,0.640521,tcp,dhcp,RST,5,10,690.0,95.0,48.462,31,62,364.036,1005.614,1,1,9.741,10.107,9.891,1.631,0,356336724,933612909,255,0.003974,0.053013,0.016012,32.2,32.9,2,840.0,7,2,3,2,1,2,0,0,1,2,6,0,Normal,0
3973,0.123054,udp,pop3,ECO,11,8,409.0,82.0,80.024,128,62,234.7,1774.629,0,0,20.563,2.148,2.483,1.79,0,1708856997,1752992605,0,0.169413,0.010332,0.006747,208.3,23.1,1,123.0,2,2,1,2,3,3,0,0,1,1,5,0,Normal,0
3974,0.046363,tcp,ftp,ECO,10,7,197.0,360.0,1.549,31,62,1557.006,1927.216,0,1,24.26,10.241,1.893,6.607,0,3003090221,2795635798,0,0.015678,0.001697,0.016839,50.4,1.0,0,24.0,1,0,3,3,3,1,0,0,0,0,3,0,Normal,0
3975,0.146308,udp,-,FIN,7,7,484.0,427.0,17.401,254,31,3578.576,2938.854,0,3,8.652,1.914,15.483,4.896,255,2084643471,4280346811,255,0.067022,0.018252,0.019461,5.0,0.2,1,298.0,5,4,3,3,0,2,0,0,0,2,3,0,Normal,0
3976,1.587554,tcp,smtp,CON,15,10,195.0,45.0,134.539,254,62,460.902,3016.051,0,0,5.545,19.525,4.36,9.822,0,1002656364,3916807063,255,0.076041,0.024768,0.023025,40.2,80.7,0,32.0,1,1,2,1,0,2,0,0,0,1,0,0,Normal,0
3977,0.409996,tcp,ftp,RST,8,2,325.0,111.0,4.231,254,254,549.393,204.761,1,3,16.559,7.379,6.158,13.516,0,489717112,4281935104,0,0.047209,0.020749,0.003948,3.7,111.0,0,273.0,2,0,2,2,0,3,0,1,0,1,4,0,Normal,0
3978,0.270151,udp,dhcp,INT,10,8,109.0,143.0,32.932,254,128,554.369,94.282,1,2,16.823,3.415,1.773,1.742,0,3863181363,3627835640,0,0.051563,0.009093,0.011592,45.8,0.2,0,169.0,2,3,1,1,1,1,0,0,0,1,9,0,Normal,0
3979,0.497606,tcp,dns,RST,9,7,207.0,101.0,40.063,254,31,176.529,571.577,2,1,7.419,13.742,0.412,2.819,255,422698008,1559387004,0,0.080812,0.028976,0.010204,32.7,162.2,0,249.0,3,1,2,0,1,1,0,0,0,0,2,0,Normal,0
3980,0.565845,tcp,ftp,INT,35,7,197.0,216.0,122.338,128,128,4.147,564.316,2,0,7.491,8.831,0.153,3.151,0,3548955721,3854289817,0,0.034723,0.033525,0.00862,123.7,78.0,1,168.0,2,2,2,1,2,4,0,1,0,1,1,0,Generic,1
3981,0.568905,tcp,ftp,INT,14,6,500.0,264.0,94.49,254,128,1841.074,774.83,1,2,16.208,11.221,0.921,0.3,0,1318728240,4181948195,0,0.072668,0.001884,0.005687,341.9,34.8,0,561.0,3,3,4,2,1,1,1,1,1,1,6,1,Normal,0
3982,0.205631,udp,pop3,FIN,9,8,467.0,483.0,13.313,62,62,442.382,510.323,1,0,9.95,19.38,10.436,4.055,0,927261275,1758054212,255,0.17731,0.000593,0.018817,98.4,211.4,0,143.0,5,1,2,1,1,0,0,0,0,1,4,0,Normal,0
3983,2.4658,tcp,-,REQ,32,7,2120.0,1079.0,99.915,128,128,278.495,59.409,1,0,17.643,0.033,0.253,3.634,0,3421553819,2917334081,0,0.027463,0.001644,0.002223,108.4,67.3,1,240.0,3,4,4,1,3,1,0,0,1,1,1,0,Generic,1
3984,0.125478,icmp,dhcp,ECO,7,5,977.0,671.0,75.839,31,31,159.575,17.335,1,0,37.022,6.502,9.474,2.291,0,4100963490,794511571,0,0.003307,0.001848,0.021866,62.1,40.1,0,24.0,2,1,3,2,0,1,0,2,0,2,6,0,Normal,0
3985,1.041767,ospf,http,RST,9,12,512.0,395.0,29.752,62,62,4255.119,650.929,1,2,10.237,0.783,1.096,7.837,0,172649757,3448397962,0,0.138868,0.002093,0.010888,41.7,60.2,2,174.0,1,3,0,0,0,2,0,0,0,0,3,0,Normal,0
3986,0.275696,udp,pop3,INT,11,9,1613.0,49.0,54.587,254,254,73.951,836.963,1,1,6.816,26.234,3.881,1.335,0,3227076572,1259120067,255,0.009874,0.04352,0.000301,4.0,156.1,0,254.0,5,2,1,2,1,2,0,0,1,2,3,0,Normal,0
3987,0.433252,tcp,smtp,RST,6,9,60.0,341.0,5.328,254,254,40.267,641.455,0,2,3.846,5.466,5.202,9.837,0,3792063024,3911339122,255,0.06459,0.006435,0.040357,18.8,246.7,1,185.0,0,4,2,0,0,2,0,0,1,3,0,0,Normal,0
3988,0.491763,udp,smtp,CON,11,9,620.0,938.0,68.212,254,31,176.599,433.233,1,0,3.962,10.853,2.901,3.112,0,2672268783,2874154446,0,0.024561,0.004726,0.018196,169.6,29.3,2,96.0,1,4,1,1,2,1,0,0,0,4,5,0,Normal,0
3989,0.088435,tcp,http,REQ,24,14,1818.0,62.0,6.887,31,254,210.177,1003.677,0,0,32.936,23.75,6.902,0.841,255,435992151,824683949,0,0.019456,0.036334,0.008377,210.7,361.8,1,242.0,2,3,2,0,3,1,0,1,0,2,7,0,Shellcode,1
3990,0.16374,icmp,ssh,INT,32,8,2328.0,429.0,87.205,62,128,263.073,1131.232,1,2,0.505,0.148,6.011,0.119,0,3507103105,2396652458,0,0.02132,0.011703,0.015675,120.1,136.7,0,233.0,2,2,5,1,4,2,0,0,1,2,4,0,Worms,1
3991,0.534555,tcp,ssh,ECO,24,6,2780.0,801.0,19.201,31,62,403.324,712.823,0,1,3.23,3.451,3.014,11.687,255,3864686992,2517354033,255,0.004649,0.002234,0.055541,111.7,5.9,1,25.0,3,1,2,4,2,3,0,0,0,2,1,0,Backdoor,1
3992,0.848519,tcp,dns,RST,8,9,172.0,56.0,2.885,62,254,658.333,303.596,0,1,4.942,8.8,0.826,1.315,255,190592476,2401844020,255,0.01733,0.00053,0.006676,48.6,48.7,2,615.0,1,2,2,2,2,0,0,1,0,1,0,0,Normal,0
3993,0.440003,tcp,dns,FIN,8,7,297.0,285.0,5.808,31,128,2919.776,33.905,1,2,1.089,10.429,13.106,2.614,255,1247040374,3454821305,0,0.023171,0.013027,0.003289,53.7,98.2,1,329.0,2,3,4,1,1,5,0,1,0,2,3,0,Normal,0
3994,1.214016,udp,smtp,ECO,9,7,465.0,880.0,1.256,254,254,3202.16,2622.966,0,0,3.109,5.107,13.075,3.719,255,331378764,3407507060,0,0.037244,0.005725,0.014138,209.2,60.0,0,217.0,3,1,1,2,3,0,0,0,0,2,1,0,Normal,0
3995,0.298008,icmp,dns,RST,8,11,1336.0,51.0,12.912,254,62,6249.638,273.831,1,2,2.978,17.792,1.991,3.796,255,3554226540,2525131587,255,0.012213,0.017203,0.006072,99.8,102.4,0,259.0,3,0,1,3,3,1,0,0,0,2,3,0,Normal,0
3996,0.232844,tcp,dhcp,CON,9,5,1293.0,251.0,24.024,128,128,271.548,453.858,1,2,2.965,12.442,13.282,2.182,255,3090114247,3394758112,0,0.076164,0.003795,0.006264,86.9,181.8,0,108.0,3,1,1,3,2,1,0,1,0,1,7,0,Normal,0
3997,0.876157,tcp,-,CON,4,6,868.0,572.0,3.07,62,62,333.681,1286.67,1,1,17.038,6.587,4.014,8.265,0,807434752,1599344844,255,0.108477,0.002615,0.006181,36.1,3.2,0,38.0,1,4,2,4,1,3,0,0,0,2,1,0,Normal,0
3998,0.021225,udp,ftp,CON,7,10,64.0,830.0,125.339,128,62,217.639,120.916,1,1,6.735,0.449,13.244,5.602,255,522125712,2582048400,0,0.07401,0.002535,0.02477,1.0,8.6,2,243.0,3,4,1,0,5,3,0,0,1,1,1,0,Normal,0
3999,0.843091,udp,pop3,CON,17,9,913.0,63.0,7.4,254,31,219.759,35.071,0,1,7.637,11.72,5.984,24.934,255,3186450732,1259457121,255,0.048036,0.002144,0.007487,101.5,7.2,0,138.0,2,0,0,1,2,1,0,0,0,1,1,0,Normal,0
4000,0.146707,udp,pop3,ECO,15,6,1951.0,335.0,18.727,62,31,216.158,794.796,2,0,3.038,5.395,12.576,7.002,0,2946029917,2511313917,0,0.069009,0.047504,0.001722,109.7,46.0,2,34.0,3,1,1,2,1,2,0,0,0,3,1,0,Normal,0
